[
    {
        "caption": "Sau những ồn ào liên quan đến hành vi phạm pháp của bố vợ, Lee Seung Gi đã chính thức lên tiếng xin lỗi về những hệ lụy gây ra. Quyết định khó khăn nhất được anh đưa ra là đoạn tuyệt quan hệ với gia đình vợ sau nhiều đêm trăn trở.\n\nNgày 29 vừa qua, Lee Seung Gi đã thông qua một tuyên bố bày tỏ sự hối lỗi sâu sắc liên quan đến Lee Hong Heon, bố dượng của bà xã Lee Da In. \"Tôi vô cùng xin lỗi khi phải nói ra những lời này trong tâm trạng nặng trĩu,\" anh nghẹn ngào.\n\nAnh cho biết thêm, bố vợ anh đã từng bị kết án phạt tiền trong phiên phúc thẩm về các sai phạm trước đây, nhưng gần đây lại tiếp tục bị cơ quan điều tra khởi tố vì những hành vi tương tự.\n\nSự việc này đồng nghĩa với việc ông Lee Hong Heon lại vướng vào một cáo buộc pháp lý mới, không liên quan đến vụ án trước. Lee Seung Gi chia sẻ: \"Tôi đã đặt niềm tin vào mối quan hệ gia đình và chờ đợi kết quả, nhưng sự thật này khiến tôi vô cùng đau lòng.\"\n\nVề những phát ngôn có phần bênh vực bố vợ vào năm ngoái, Lee Seung Gi tự kiểm điểm: \"Tôi thành thật xin lỗi và vô cùng thấu hiểu nỗi đau của các nạn nhân.\"\n\nCuối cùng, anh đã chọn giải pháp \"dứt áo ra đi\". \"Sự tin tưởng giữa gia đình chúng tôi đã tan vỡ đến mức không thể hàn gắn. Vợ chồng tôi sau khi suy xét kỹ lưỡng đã quyết định chấm dứt mọi quan hệ với gia đình bên vợ,\" anh khẳng định.",
        "image": "https://scontent.fsgn2-4.fna.fbcdn.net/v/t39.30808-6/494085219_1254660542692998_299861154659633248_n.jpg?stp=dst-jpg_s480x480_tt6&_nc_cat=1&ccb=1-7&_nc_sid=127cfc&_nc_eui2=AeHnZDKDokIwzrvgZt5YMCYnW7nC4-GFc41bucLj4YVzjchsrQXCh3jnmIlWAtz9RKOnO9ykOiyywBlp8_v_AYPL&_nc_ohc=tc3TNHqxh7AQ7kNvwEe7Q8_&_nc_oc=Adno8LDlYT80ESoWrYGruXrgPusY30-icrj9h4IWi9VlFnaO7X_9LV0QwIIbC0kuXD71x3d9j0KKAVL7fjYv1ViG&_nc_zt=23&_nc_ht=scontent.fsgn2-4.fna&_nc_gid=PCrJ25EfEcEl6X9D7iZzfQ&oh=00_AfE_wSni0r54F0pN0xXds9IhGIQukyy1TqXiQbINAFQziw&oe=6816110F"
    },
    {
        "caption": "Đây là \"view\" nhìn từ thành phố Thủ Đức, với sự trợ giúp của công nghệ.\n\nTác giả bức ảnh, anh chàng Võ Mạnh Lân, tiết lộ đây thực chất là \"view nhìn từ màn hình máy tính của em\" 🤭. \n\nẢnh: Võ Mạnh Lân.",
        "image": "https://scontent.fsgn2-4.fna.fbcdn.net/v/t39.30808-6/494105942_1254646676027718_5715970004102767228_n.jpg?stp=dst-jpg_p480x480_tt6&_nc_cat=1&ccb=1-7&_nc_sid=127cfc&_nc_eui2=AeGA5pgc9HnTHbFBhppFQnIklKAUPyri4EOUoBQ_KuLgQzfdAeQ9QI83Eo-SseVhsjYpavVCytaGGGP716Z3pMzM&_nc_ohc=4ubl_v5GUH4Q7kNvwHrt7gt&_nc_oc=AdmvWIBhSwZ9UXdb02g_iJ43taN513Dc3owOmE1dESWqYr3wjHXDWDf4RxgIQelmreu6wfyCGD39nHQDCQM2yn_h&_nc_zt=23&_nc_ht=scontent.fsgn2-4.fna&_nc_gid=PCrJ25EfEcEl6X9D7iZzfQ&oh=00_AfFfzu2-ZK2k18zgxQKNMDI0ILOw6KM8687UpgiA2-mz1Q&oe=68161D16"
    },
    {
        "caption": "Các khối yêu nước đã hội tụ tại Thành phố Hồ Chí Minh để chuẩn bị chào đón lễ kỷ niệm 50 năm Giải phóng miền Nam, thống nhất đất nước. ❤\n\nMột khoảnh khắc đáng chú ý là cuộc gặp gỡ và bắt tay giữa 'khối trưởng khối đạp xe' Đào Quang Hà và cụ Trần Văn Thanh, một cựu chiến binh đã lái xe máy từ Nghệ An xa xôi, vượt qua hơn 1.300km để đến tham dự sự kiện trọng đại này. \n\nChỉ còn một ngày nữa thôi, chúng ta sẽ cùng nhau kỷ niệm dấu mốc lịch sử này rồi, các bạn sẵn sàng chưaaaa 🥰🇻🇳\n\n(Ảnh: Yến Trần).",
        "image": "https://scontent.fsgn2-4.fna.fbcdn.net/v/t39.30808-6/494438766_1254452119380507_5097780875522617402_n.jpg?stp=dst-jpg_s480x480_tt6&_nc_cat=1&ccb=1-7&_nc_sid=127cfc&_nc_eui2=AeHrsVibp1RRs3xWumsVEfsEZbyxPGiH-NFlvLE8aIf40RfmBK8u_qf3OKPgR0eV0u3ZdHosftCMDL1FcF297BNO&_nc_ohc=hJQKjVaOdaEQ7kNvwEAf6JA&_nc_oc=Adm25b0HiMgkqvb460urFxo8O8ka82Khx58DLA5RAL6akTIOd3CpF99i_Ck0LJjqoz7FZTXm5CuurOb_oS8tQ682&_nc_zt=23&_nc_ht=scontent.fsgn2-4.fna&_nc_gid=PCrJ25EfEcEl6X9D7iZzfQ&oh=00_AfHOIX3BnI4BgvDLLgOBQEjN-O0rGMvV4dnreN1W1AQkYQ&oe=6816102D"
    },
    {
        "caption": "Hùng hổ xé túi mù được luôn quả sít rịt :))))",
        "image": "https://scontent.fsgn2-4.fna.fbcdn.net/v/t39.30808-6/494018662_1254291309396588_4163905409095467822_n.jpg?stp=dst-jpg_s640x640_tt6&_nc_cat=1&ccb=1-7&_nc_sid=127cfc&_nc_eui2=AeGiWl8d_12wxn_Z2YBs5GOLkeyPKnnbWYWR7I8qedtZhdFaCWHe6l6rBZ_HbR2B82IjhxwSGz_PHP3o1jaOVsjg&_nc_ohc=G__qp2q9QSgQ7kNvwHnpKSq&_nc_oc=Adl_R1nY-5LR1bWLovXwTA_-RXDDSD2dEwa_2SYN0tVlZDAP4y7XD1YAJ9vLDzjladi6dvVOBtz7mXvH5Z_pD0o7&_nc_zt=23&_nc_ht=scontent.fsgn2-4.fna&_nc_gid=PCrJ25EfEcEl6X9D7iZzfQ&oh=00_AfHnYtSRtbEiCuwHEqMXmLcFkNdXCid3h4fjCMwSfDBXLQ&oe=6815FF89"
    },
    {
        "caption": "Sau buổi sơ duyệt diễu binh tối 25/4, hai học sinh lớp 9 Võ Thụy Du và Lê Đức Trí (THCS Vân Đồn, TP.HCM) đã gây ấn tượng đẹp khi cặm cụi nhặt rác trên đường Lê Lợi. Hành động ý nghĩa này được người dân ghi lại và lan tỏa mạnh mẽ trên mạng xã hội, nhận được nhiều lời khen ngợi.\n\nThụy Du chia sẻ em thấy rác và cờ vương vãi nên rủ bạn cùng dọn dẹp vì \"xót lắm\". Bất ngờ trước sự chú ý của cộng đồng, hai bạn cho biết đây chỉ là hành động nhỏ, xuất phát từ thói quen tham gia các hoạt động bảo vệ môi trường ở trường và ở nhà. Sự việc này đã lan tỏa ý thức trách nhiệm cộng đồng, trở thành điểm sáng đẹp trong dịp kỷ niệm thống nhất đất nước.\n\n(Theo: Dân Trí)",
        "image": "https://scontent.fsgn2-4.fna.fbcdn.net/v/t39.30808-6/494008851_1254266122732440_7620487280305553969_n.jpg?stp=dst-jpg_s480x480_tt6&_nc_cat=1&ccb=1-7&_nc_sid=127cfc&_nc_eui2=AeGcwtOpBxQF1gIBrSQPvDp5FnU2EzUEPkYWdTYTNQQ-RvyrXL-akyXdTQQvVNSl1ESxW8XN1pW9WpD8SRLuSAzG&_nc_ohc=m-ZRmQZb8cEQ7kNvwE5Lm6I&_nc_oc=AdnSrm6xhhoP91IoDZZJHS_PRghH6Z370DNN_ABSlLmgrbBizhVXI1d7OdGx3s-c-Ktk2OpnD2s_Jfp-muigON_q&_nc_zt=23&_nc_ht=scontent.fsgn2-4.fna&_nc_gid=s1owWRASi4i7vqBtXawFgQ&oh=00_AfFaJXcvwR7ZQSrh7zweJjbf3Vv0HOhbxhirs2qm4JwFcg&oe=6815F8F2"
    },
    {
        "caption": "Dựa vào các 'chứng cứ' trên, chúng tôi xin mạo muội đoán luôn công thức lần này: 👕 (T-shirt) =Tee + Concert = JustaTee.\n\nBạn nào có chung đáp án, hay cùng công thức trên, mời xuống tay, lên kèo, bắt nhạc liền nhá 😎",
        "image": "https://scontent.fsgn2-5.fna.fbcdn.net/v/t39.30808-6/493946230_1254217189404000_4734015913503392730_n.jpg?stp=dst-jpg_s480x480_tt6&_nc_cat=104&ccb=1-7&_nc_sid=127cfc&_nc_eui2=AeHcJhi4DQfUTvro8o4jpwvVv5-ZfFvgjI2_n5l8W-CMjf2SJnJkCZ3Xif7I_qSHYs9QMZh5Yf4RV8twStgWr1wa&_nc_ohc=59MEde6dDqkQ7kNvwH9HnTU&_nc_oc=AdkfMQ96YntzYm_fMvFMflUjjXGQ9L4AATs_YjGMg3Pqmi3_MZGwEY0VKMxE5MyvNFl-NHxYpoS7jljX44tkcSw7&_nc_zt=23&_nc_ht=scontent.fsgn2-5.fna&_nc_gid=s1owWRASi4i7vqBtXawFgQ&oh=00_AfHeb9a-Ob6Gbr_xc3nZEQXsRRpSDuA2nv2ZeSi0I4s9hg&oe=68161057"
    },
    {
        "caption": "Đó là bức thư của 3 chiến sĩ giải phóng quân trước khi hi sinh đã để lại cho hậu thế. Họ là Lê Hoàng Vũ (quê Thái Bình), Nguyễn Chí (quê Quảng Ngãi); Trần Viết Dũng (quê thành phố Sài Gòn), chiến sĩ thuộc Tiểu đội 1, Trung đội \"Ký Con\", Trung đoàn Bình Giã, quân giải phóng miền Nam.\n\nSau khi hoàn thành nhiệm vụ, bị thương và đói khát, họ đã chọn cho mình một địa điểm là cánh rừng nguyên sinh ở thượng nguồn sông Đồng Nai làm nơi chốn cuối cùng của mình. Trước khi ch-ết, họ đã để lại một bức thư để gửi lại cho những người còn sống.\n\nNội dung bức thư có đoạn viết: \"Chúng tôi mong được ghi nhận rằng chúng tôi đã từng sống, chiến đấu và đã chết trong một mùa Xuân giữa đất trời như trăm ngàn cái ch-ết của người Việt Nam chân chính cho Tổ quốc và dân tộc sống còn. Còn như chúng tôi được phát hiện muộn hơn sau 5 năm – 10 năm – tự do quý giá, thì xin cho chúng tôi – gởi đến những người đang sống, sống đúng ý nghĩa của nó, trong một thời đại vinh quang, lời biết ơn sâu sắc vì các bạn đang làm cho cái chết của chúng tôi giữ được đầy đủ ý nghĩa. Các bạn đang lao động quên mình cũng như chúng tôi đã chiến đấu quên mình cho đất nước ta ngày nay tươi đẹp, cho dân ta ngày càng ấm no, hạnh phúc, cho xã hội ta ngày càng dân chủ công bằng\".\n\n\"Hay trong trường hợp đến 50-100 năm sau, thư này mới tới những người, có thể gọi là thế hệ mai sau, thì cho phép chúng tôi gửi lời chào xã hội chủ nghĩa, cho phép chúng tôi bày tỏ vui mừng tuyệt diệu vì hạnh phúc và hòa bình đang tràn ngập hành tinh chúng ta mà chúng tôi trở thành những hạt bụi có ích. Và hơn thế nữa nếu được, cho chúng tôi gửi lời chào niềm nở nhất đến những con người ở những vì sao xa xôi, những người bạn mới giữa các hành tinh\".\n\n(Theo: VTV).",
        "image": "https://scontent.fsgn2-9.fna.fbcdn.net/v/t39.30808-6/493916770_1254220602736992_3921202532183140416_n.jpg?stp=dst-jpg_s480x480_tt6&_nc_cat=106&ccb=1-7&_nc_sid=127cfc&_nc_eui2=AeGUK5oW33R49OuWioK5D5Dj06Pvi0DuQPnTo--LQO5A-fPbkeKg-ak8s7TBLRLLs9qiFankwkx8iHrIe621MegQ&_nc_ohc=noIEM4i9rfUQ7kNvwFJ1dqm&_nc_oc=AdkmnPB9m6UuZBHhVFD1PQAWCFes2rejVpL7IpBKMh68N_0xrd-WSY6qHERxiDdRkvmBQLKCZhkdhGqpPfElZd0-&_nc_zt=23&_nc_ht=scontent.fsgn2-9.fna&_nc_gid=s1owWRASi4i7vqBtXawFgQ&oh=00_AfH0COZdlLbBKlGRn24OE1KU6lVN1QsT1CzkJlmk0wgdzQ&oe=68162D7A"
    },
    {
        "caption": "Đoạn clip ghi lại cảnh bà Phạm Thị Oanh cõng mẹ ruột, cụ Đặng Thị Gái (100 tuổi), đi xem tổng duyệt diễu binh lúc 2h sáng ngày 27/4 đã lan tỏa mạnh mẽ trên mạng xã hội. Bà Oanh (55 tuổi, Biên Hòa) bất ngờ trước sự quan tâm của mọi người.\n\nTrưa 26/4, bà đưa mẹ từ Biên Hòa lên TP.HCM để hôm sau xem duyệt binh. Dự định 5h sáng đi, nhưng thấy dòng người đông từ 1h, hai mẹ con quyết định đi sớm. Đến đường Võ Văn Tần tắc nghẽn, bà Oanh để xe đẩy lại, cõng mẹ thêm vài trăm mét. \"Đoạn đó cực nhất vì đường nhỏ mà đông\", bà chia sẻ. Sự việc được người dân chứng kiến quay lại và đăng tải.\n\nBà Oanh kể, gia đình gốc Thái Bình, bố mẹ vất vả nuôi 5 con. Hơn 20 năm trước, mẹ bà một mình chăm sóc chồng bệnh suốt 8 năm. \"Kể từ khi bố mất, anh chị em tôi chạy đua với thời gian để bù đắp cho mẹ\", bà Oanh nghẹn ngào. Dù cụ Gái trí nhớ không còn minh mẫn, nhưng mắt vẫn sáng, tai thính. Nghe con gái nói đi xem diễu binh, cụ liền đòi đi cùng. \"Tôi nghĩ đời mình chắc cũng chỉ xem được diễu binh mừng đất nước thống nhất một lần thì mẹ cũng chỉ còn cơ hội này thôi\", bà Oanh tâm sự.\n\nBà chuẩn bị cả bình oxy cho mẹ. Suốt buổi lễ, cụ Gái rất vui vẻ. \"Tuổi già của tôi thế này là mãn nguyện\", cụ nói. Bà Oanh luôn sẵn lòng đưa mẹ đi khắp nơi nếu có thể. \"Tôi nghĩ chỉ cần mẹ muốn và mình có tâm, có hiếu, nhất định sẽ làm được\", bà khẳng định.\n\n(Theo: VnExpress)",
        "image": "https://scontent.fsgn2-4.fna.fbcdn.net/v/t39.30808-6/493924863_1254203912738661_4126084519124612856_n.jpg?stp=dst-jpg_s480x480_tt6&_nc_cat=1&ccb=1-7&_nc_sid=127cfc&_nc_eui2=AeEwC5kkAkzeh6hRSY0V1LWi6pQlE0E3CiXqlCUTQTcKJbGkEgsEW1lJ_fu4Q_w8FumlhGFbnJ8fYD_L6VfjXyr4&_nc_ohc=TxEshd_imWwQ7kNvwHmU7bC&_nc_oc=Adk961AfpQh-6IgMwTdm01f4X7xux1blIN1-s9NM_jfsNFIUrAf0MoOmkQK3f3MUNTap30ahz4Y5XWFhF9vAQPdj&_nc_zt=23&_nc_ht=scontent.fsgn2-4.fna&_nc_gid=s1owWRASi4i7vqBtXawFgQ&oh=00_AfG0kUfXvhFWjEbsRcTaEjnQ6iVZCz7cPODrJYmPy6glEg&oe=681629EE"
    },
    {
        "caption": "\"Khoe đi diễu binh thì cũng kinh đấy, nhưng thua ông\". ☺️😅\n\nBức ảnh chụp ông của bạn Dũng tại Lễ duyệt binh ngày 2 tháng 9 năm 1985, một sự kiện hoành tráng bậc nhất trong lịch sử Việt Nam. \n\nBuổi lễ này được tổ chức long trọng để kỷ niệm 40 năm Cách mạng tháng Tám và Quốc khánh nước Cộng hòa xã hội chủ nghĩa Việt Nam.\n\nẢnh: Bui Anh Dũng.",
        "image": "https://scontent.fsgn2-4.fna.fbcdn.net/v/t39.30808-6/494024516_1254163222742730_6164483018574233230_n.jpg?stp=dst-jpg_p480x480_tt6&_nc_cat=1&ccb=1-7&_nc_sid=127cfc&_nc_eui2=AeFteAgIo_Znz4_l4yx-AxQdapDXnYwIHJpqkNedjAgcmrlipqAa5z7w2atzDOp839JjzDzAlfeDo_DT-fRzMlce&_nc_ohc=Ms4Zv4SI3nAQ7kNvwFhuIZN&_nc_oc=AdksmDYVKsU57iTox2r81yFlAxu2Ot0czGRReQIe2KG2VLww09caFaLM3bipx3BRXgOyjuwhMIEjgivlr3IETV-n&_nc_zt=23&_nc_ht=scontent.fsgn2-4.fna&_nc_gid=_tUYGvn5FexgrcWSo3bZ6g&oh=00_AfGkErjeTMWJUsY7WkwFaA2LzLDZSKn2zuw4XDk05uW9Zg&oe=6815FC14"
    },
    {
        "caption": "CỨ GỌI LÀ \"ĐỈNH NÓC\" ❤🇻🇳",
        "image": "https://scontent.fsgn2-4.fna.fbcdn.net/v/t39.30808-6/494013615_1254136666078719_3798946078139979351_n.jpg?stp=dst-jpg_s480x480_tt6&_nc_cat=1&ccb=1-7&_nc_sid=127cfc&_nc_eui2=AeH2xO7CNr2gDpYCS4xx8W8b84NsNvPmc9Pzg2w28-Zz01drA9DmBTiTe9LX3uJIRN_M2kucgquLBciWabm7T32G&_nc_ohc=u1VRArt-y0YQ7kNvwE7cHeQ&_nc_oc=AdkdSqJvlCOZaoVqS_xQ-q7LmQtHG598nthDNUhRJ3DcQ16znAwS8OjMmj89z70DmL1fH5NUA6X_C9nAikVwDmjp&_nc_zt=23&_nc_ht=scontent.fsgn2-4.fna&_nc_gid=_tUYGvn5FexgrcWSo3bZ6g&oh=00_AfG2eeldgtO5F9Sj19Nki09Iif-gQ5vkKLSpj-EzcLTHMQ&oe=68161899"
    },
    {
        "caption": "“Tôi lớn lên khi đất nước không còn chia Bắc - Nam, chẳng biết chiến tranh là gì. Chỉ được nghe trong những câu chuyện mẹ cha...” 🇻🇳🥰",
        "image": "https://scontent.fsgn2-7.fna.fbcdn.net/v/t39.30808-6/494099784_1254115269414192_2686154775110403869_n.jpg?stp=dst-jpg_p480x480_tt6&_nc_cat=108&ccb=1-7&_nc_sid=127cfc&_nc_eui2=AeGz8Lu-XFQJOUeFReeb3vKNzT7Zbr60h27NPtluvrSHbpl8ZNEBtxLQpcPgfrYdCg1lAdqoTr2I3vG4rAyNxZxp&_nc_ohc=bZ8QZS_ECLoQ7kNvwFNTveH&_nc_oc=AdlNzjFdpwRPJiorlNKZoGrWoJgdclkZZWLUBfyS3YX1CQIx41gEWTZHm1aX0foxQes9YJSIE4FMTNn8qC1D8RuY&_nc_zt=23&_nc_ht=scontent.fsgn2-7.fna&_nc_gid=_tUYGvn5FexgrcWSo3bZ6g&oh=00_AfE0CKmU80q07CetCDKrdo8wG6Sg7zSXvt_D1tSCEgYf3w&oe=6816018D"
    },
    {
        "caption": "Theo đó, TP.HCM sẽ tổ chức tổng duyệt trình diễn 10.500 drone lúc 20 giờ 30 - 20 giờ 45 tối 28.4 và trình diễn chính thức từ 20 giờ 30 - 20 giờ 45 ngày 1.5.\n\nChương trình bay 10.500 drone với hình thức thể hiện như sau, các phương tiện drone bay trên cao và xếp thành các hình ảnh mang biểu tượng thể hiện quá trình phát triển của TP.HCM và chào mừng 50 năm đất nước thống nhất (30.4.1975 - 30.4.2025).\n\nTừ 19 giờ 30 - 21 giờ ngày 28.4, TP.HCM còn tổ chức hoạt động giới thiệu phim, giao lưu đoàn làm phim và chiếu phim công cộng tại sân khấu ngoài trời trên đường Nguyễn Huệ (gần giao lộ Ngô Đức Kế).\n\n(Theo: Thanh Niên).",
        "image": "https://scontent.fsgn2-9.fna.fbcdn.net/v/t39.30808-6/494183832_1254100536082332_3656557378262425386_n.jpg?stp=dst-jpg_s480x480_tt6&_nc_cat=106&ccb=1-7&_nc_sid=127cfc&_nc_eui2=AeHReeqcmVr1z2tPj7gmJ3BtZFJgG2ae90ZkUmAbZp73RvRnoFCBGwtm2Ry5sxHBzZK9onGkoTdptkWtFEuw4qe8&_nc_ohc=2txwpLKmvT4Q7kNvwH5obiI&_nc_oc=Adk1EaGlpaflNLcLUcKNZ4tyHU3WItxvoOT14uXocOPd0K4HkWe7Mx0rnDk-a9VrcH05cqmQe70gaBBpDYRmzliN&_nc_zt=23&_nc_ht=scontent.fsgn2-9.fna&_nc_gid=_tUYGvn5FexgrcWSo3bZ6g&oh=00_AfH3IacK0Qce7Zr84hYIPrdEHP_GoHQYZrbBp1NKMU27BQ&oe=6816163F"
    },
    {
        "caption": "Amazon Prime chính thức công bố phiên bản Nhật của “Cô Đi Mà Lấy Chồng Tôi”, do cặp đôi Koshiba Fūka & Satoh Takeru đóng chính. \n\nPhiên bản Nhật sẽ có tên “Watashi no Otto to Kekkon shite“, dài 10 tập. Dự định phát hành toàn cầu từ 27/06/2025.",
        "image": "https://scontent.fsgn2-9.fna.fbcdn.net/v/t39.30808-6/494074096_1254057169420002_1250227747085370158_n.jpg?stp=dst-jpg_s480x480_tt6&_nc_cat=106&ccb=1-7&_nc_sid=127cfc&_nc_eui2=AeGHXWohYjz4dOuFzJ1Fw1vMmxpRt9bmsq6bGlG31uayrq3kC5HE1847WCna8xIArHZ9CXSNG66madT9T6ff3oof&_nc_ohc=iAZlaNWn6-AQ7kNvwHij9r2&_nc_oc=AdnOvuBiwn25p1yvU9NwrffQSIkbQIIVbMwYl0xEKfapDWU6pyByslJY578YJlVvC7oD2_CKqbBohESB-zSTKXRo&_nc_zt=23&_nc_ht=scontent.fsgn2-9.fna&_nc_gid=_tUYGvn5FexgrcWSo3bZ6g&oh=00_AfGiAo9EflgBa1-5xhLPIu0dRSN0NVMgdmklxG2Wp2Nfrg&oe=68162A4A"
    },
    {
        "caption": "Tháng 4 của 50 năm sau, niềm vui ngày đất nước thống nhất càng thêm đong đầy 🇻🇳❤️\n\n(Ảnh: Gia Khang)",
        "image": "https://scontent.fsgn2-7.fna.fbcdn.net/v/t39.30808-6/494007628_1253977619427957_4341449151636160022_n.jpg?stp=dst-jpg_s600x600_tt6&_nc_cat=100&ccb=1-7&_nc_sid=127cfc&_nc_eui2=AeGZm8fupxPiFRz3VZwvtuPSneN1u7yNx1Sd43W7vI3HVPBVF0ahwcaOiAm96TWg3VpvO_PIaMPDdoRCPzGXCewm&_nc_ohc=iRIVSloeIU0Q7kNvwEgk42k&_nc_oc=Adk-2Eti6tBB2vxBnve_hYkTEzxBctyHnEnbztrvA9uWElQW2u6aW2F4dVOI8af8dog36RnofTB4o0iFtj02pBiZ&_nc_zt=23&_nc_ht=scontent.fsgn2-7.fna&_nc_gid=r1qOFra8iPvrIf7b-pftyg&oh=00_AfGYeJLoSH49c7vyMSB7jcxDgyNQO43hbgD6uH0q7MURug&oe=68161FF3"
    },
    {
        "caption": "Tối nay, khán giả VTV đã xúc động khi gặp gỡ trực tiếp cựu chiến binh Trần Văn Thanh cùng chiếc xe máy gắn bó với bao kỷ niệm. \n\nCụ nghẹn ngào chia sẻ hành trình đặc biệt của mình: \"Dùng xe máy để trải nghiệm từng tấc đất giải phóng để tới Sài Gòn và thấy nhân dân ta đổi mới từng ngày\"",
        "image": "https://scontent.fsgn2-9.fna.fbcdn.net/v/t39.30808-6/493855828_1253613556131030_6287647522782009258_n.jpg?stp=dst-jpg_s480x480_tt6&_nc_cat=106&ccb=1-7&_nc_sid=127cfc&_nc_eui2=AeEN0Sb9RT4gqu9GCa-RUIxG6-Bf6njxQ9zr4F_qePFD3KXOQs1yBCa8i4-BA9CrF8S1cD_-7eqclQT7-NbHuuR2&_nc_ohc=V2-9d4ynmLIQ7kNvwFRMroL&_nc_oc=AdmFqNYowr97KxISyZZTaOJWWS2P3W2XknfIOrFBsHL7M-aoFumRoObLsawgK7RU1zqCsm9HC2a2l9H4qLMwt_nR&_nc_zt=23&_nc_ht=scontent.fsgn2-9.fna&_nc_gid=r1qOFra8iPvrIf7b-pftyg&oh=00_AfHvLu7pwn9lYaADGWql2uwzZDaNNUxO7n1KULYD7NVH7g&oe=68160E13"
    },
    {
        "caption": "\"Từng đoàn quân tiến bước, giữa mây trời ngút ngàn.\nGiữ non sông, bằng những trái tim Việt Nam, non sông Việt Nam 🇻🇳\"\n\nẢnh: Ở Đâu Cũng Chụp.",
        "image": "https://scontent.fsgn2-7.fna.fbcdn.net/v/t39.30808-6/493858721_1253556149470104_7331847307200449465_n.jpg?stp=dst-jpg_p480x480_tt6&_nc_cat=100&ccb=1-7&_nc_sid=127cfc&_nc_eui2=AeHRwuJAiCZ-4UuFnzVgCpyjSvam0AOUvNhK9qbQA5S82LxPNeOIxH6xHx4qKqQmC8aZ_mXXZ4lX41iY56JmW3gb&_nc_ohc=EwlEZnCx1EIQ7kNvwEcDgmZ&_nc_oc=AdmGqzE-69zOJvX2G99uQ97cv-JR_lBjDQwFdqusKQ02NpS4YnAC6Dc9hLn5rC6OGyo7cWel6WXchv72WIMPCxmE&_nc_zt=23&_nc_ht=scontent.fsgn2-7.fna&_nc_gid=rMve0MNDglA2Lmn-XjVOgA&oh=00_AfHGthnWVdZ2QkSn_Uj0ttOhCrPG0w6KNGmkpqMVPZagqA&oe=68161AEA"
    },
    {
        "caption": "MỘT CÁI KẾT VIÊN MÃN CỦA PHIM 'ĐỊA ĐẠO' LÀ HÌNH ẢNH \"TƯ ĐẠP\" VÀ \"BA HƯƠNG\" DẮT TAY NHAU RẠNG RỠ TRONG NGÀY DIỄU BINH KỶ NIỆM 50 NĂM THỐNG NHẤT ĐẤT NƯỚC ❤🇻🇳\n\n*Hai nhân vật Tư Đạp & Ba Hương trong phim là câu chuyện hư câu do đạo diễn Bùi Thạc Chuyên muốn trở nên sinh động hơn.\n\n(Ảnh: ZNews)",
        "image": "https://scontent.fsgn2-7.fna.fbcdn.net/v/t39.30808-6/494207530_1253270112832041_4918730417662824654_n.jpg?stp=dst-jpg_s720x720_tt6&_nc_cat=100&ccb=1-7&_nc_sid=127cfc&_nc_eui2=AeGawQsgc6ZJ6EGWwCYY7atSuwWhS8Weana7BaFLxZ5qdsHVUwvR9tioU0V8B9ZQLwPsbcr9weJFk2OsuLXOgSpY&_nc_ohc=YAEjjgSfn1gQ7kNvwHcijVl&_nc_oc=Adkd99li2kNx5BwQtXW0lmBwqhjG9ISUW5PuzY5z_jJCFZuZYw8k91hwZC_DWgENANNcZm7zMjn2HMkg92RNPA4x&_nc_zt=23&_nc_ht=scontent.fsgn2-7.fna&_nc_gid=5tfc7UYnnGtcCm7Qz0JUHA&oh=00_AfH2bsX8hHopxVbcooIw9vevVpaEQ_jB3ubbx8pZVCSnlQ&oe=6815FE66"
    },
    {
        "caption": "JENNIE TẠO DÁNG CHẤT LỪ BÊN DÀN TIÊM KÍCH SÁNG NAY 🤣\n\nSáng nay, bầu trời TP.HCM trở nên sôi động và đầy ấn tượng với sự xuất hiện của những chiếc chiến đấu cơ SU-30MK2 mạnh mẽ. Đặc biệt hơn, thành viên của BLACKPINK, Jennie, đã có những shoot hình \"chất lừ\" bên cạnh màn trình diễn nhào lộn và thả bẫy nhiệt đẹp mắt của phi đội. \n\nẢnh: Phạm Thế Hiển.",
        "image": "https://scontent.fsgn2-6.fna.fbcdn.net/v/t39.30808-6/493933554_1253218352837217_400636790568703597_n.jpg?stp=dst-jpg_p526x296_tt6&_nc_cat=111&ccb=1-7&_nc_sid=833d8c&_nc_eui2=AeHQUbWjeqexhqfInkW6umtM4ORrvFZwcSTg5Gu8VnBxJA_TVAbzbFG2QPmryYSikro5p5lNguN4uz28XVc_zmcd&_nc_ohc=TjSeS61WzdYQ7kNvwGIcsEr&_nc_oc=Adk9pVBKNW5m7U-9It9uXscYvVlpjcgpaXKyA92GXRhTglXS2iEL2t4jK7zDWb_V4vxanpnJs2lCFzfg6dY4F_ye&_nc_zt=23&_nc_ht=scontent.fsgn2-6.fna&_nc_gid=WcKxD4dKSiT5tvHwRsz5kQ&oh=00_AfEU8J1_nKhLPWW5oX51t3G5A_xzAbIrhVyASGcSjTymww&oe=68162AC6"
    },
    {
        "caption": "Lật Mặt 8 chính thức oanh tạc phòng vé từ hôm nay với các suất chiếu đặc biệt! \n\nThu về hơn 13 tỷ chỉ với vé bán sớm, phim lập kỷ lục vé bán trước cao nhất mọi thời đại của phim Việt theo số liệu từ Box Office Vietnam. \n\nHẹn nhau ra rạp mùa lễ này nào 🤟",
        "image": "https://scontent.fsgn2-7.fna.fbcdn.net/v/t39.30808-6/493928584_1253209522838100_311309724369700596_n.jpg?stp=dst-jpg_s480x480_tt6&_nc_cat=108&ccb=1-7&_nc_sid=127cfc&_nc_eui2=AeGw128rG-th-7z41VCbgRwAiuewC8nCL1yK57ALycIvXHKvUoJw_gpwclN819feZHql1xrqhSEYnr6pQuZIJe6p&_nc_ohc=xOF08x5LjeoQ7kNvwFf6P7X&_nc_oc=Adl7HEj9oWtcDhUgtmppk45fg5GB2Vy7BrmoOG4jLw4I-PuLAmKAOxCeW0QUKsrk4hEYKJ80arZhjJBg-JWlw30Z&_nc_zt=23&_nc_ht=scontent.fsgn2-7.fna&_nc_gid=WcKxD4dKSiT5tvHwRsz5kQ&oh=00_AfG-iJAhj3br3adxrCc_3XcifadY3j8kmzkSnJw6krTC3g&oe=68160545"
    },
    {
        "caption": "Hết tổng duyệt rồi, dậy đi về thôi chị ơi 🥱\n\nẢnh: Kim Ngọc.",
        "image": "https://scontent.fsgn2-8.fna.fbcdn.net/v/t39.30808-6/493084672_1253166442842408_3713532385790379369_n.jpg?stp=dst-jpg_s640x640_tt6&_nc_cat=102&ccb=1-7&_nc_sid=833d8c&_nc_eui2=AeFaD9BDrk-oW1w_-ZWbRUVl3upYOSdUpoLe6lg5J1Smgiv014wkiyeZBCwPTzi6wuZGfZc4lOqlJKqOJYVPmHis&_nc_ohc=SCBKXS8vMVkQ7kNvwHEQ6tk&_nc_oc=Admy1hHdcUKgy07NUi5AO10l2aTJI8aO5Uzi50D2AaTjPjoeUHwlkV_ZXAPc8EFwn8qZGa3qaglP_LDAgh-b70IV&_nc_zt=23&_nc_ht=scontent.fsgn2-8.fna&_nc_gid=vQOafXQ_X57XsO0zAWth9Q&oh=00_AfEiNzdbrdhIHFRPa9QXdVlbVg4QObYeaRhrEd4qbHR96Q&oe=68160998"
    },
    {
        "caption": "[7 GIỜ 19 PHÚT] PHÁO LỄ KHAI HỎA TẠI BẾN BẠCH ĐẰNG.\n\n(Ảnh: Dân Trí)",
        "image": "https://scontent.fsgn2-4.fna.fbcdn.net/v/t39.30808-6/493942182_1253093899516329_5955870074390753288_n.jpg?stp=dst-jpg_s720x720_tt6&_nc_cat=101&ccb=1-7&_nc_sid=127cfc&_nc_eui2=AeFj1G06KXblFBv-FFakoTvav4bddHGASI-_ht10cYBIjygKUVcUmugxmHTVAC42-8ECPmgSSMPuo5gatG46N96A&_nc_ohc=ocPs1j4FBXQQ7kNvwEHa1yA&_nc_oc=AdlxmEwfoHHyBJ8jdzz5aLMOiRH7rzxhavkVWuArXDEAuW_kHAuUpof0L0MRdN8ucnf-n5ylM1HPnFJvQfEq0IQ3&_nc_zt=23&_nc_ht=scontent.fsgn2-4.fna&_nc_gid=8W9-EbxfQU5K4ekY1VTARA&oh=00_AfHktUpo2FsSPvHJls8lI0TCN2j0v3oyeCrfBkFfF0Rzvw&oe=68160C29"
    },
    {
        "caption": "Tình hình thế nào rồi cả nhà ơiii, tôi mới đến quầy vé ga tàu 😱",
        "image": "https://scontent.fsgn2-3.fna.fbcdn.net/v/t39.30808-6/493939048_1253017232857329_999080909891112263_n.jpg?stp=cp6_dst-jpg_s640x640_tt6&_nc_cat=107&ccb=1-7&_nc_sid=833d8c&_nc_eui2=AeE1QpXxlmduBZF8STGcLYHO1WL2-1W1BjHVYvb7VbUGMV4pFtc8_gejHZnm0ZUfaA4kENMaiUuZc8UZicfQDqMp&_nc_ohc=6KyqpYZUWYAQ7kNvwHT7vLo&_nc_oc=AdmbdhQinNMkFQsXj-L-NMo5CiwmGChnLRD-sWjsu11eWINNQIHtOEgetPiQhcNphRhJgoAB2LsxznyinoxLj8O4&_nc_zt=23&_nc_ht=scontent.fsgn2-3.fna&_nc_gid=LkYM0EvUdxZdVtHn6G6s4Q&oh=00_AfEvhTKPZL9e9pQiKzF7w5dclfSRE5wfWI8oE-aWU6U5cQ&oe=68160C86"
    },
    {
        "caption": "Tìm mãi mới được cái vị trí bắt võng xem pháo hoa chill thế nhờ =))))\n\nẢnh: Hoài Nam",
        "image": "https://scontent.fsgn2-4.fna.fbcdn.net/v/t39.30808-6/494199264_1252797919545927_6210508480476339591_n.jpg?stp=dst-jpg_s480x480_tt6&_nc_cat=101&ccb=1-7&_nc_sid=127cfc&_nc_eui2=AeH-uwcr01Ik3FYltSXv7TkLj64jrvtKmNKPriOu-0qY0qz10Io-WzAonhAQy-2vfVqbRs5vEqAcM8auSg7tQkpZ&_nc_ohc=VblnXDP-NfUQ7kNvwF_RLrQ&_nc_oc=AdnvLunVN-k5b6hzkG_SbBk0ILfvdLWJGXHYClJ_lgSlt3QxM1rgpuz9tfwynXKDSsP0EtGpmUCTG2qGG0golZDE&_nc_zt=23&_nc_ht=scontent.fsgn2-4.fna&_nc_gid=LkYM0EvUdxZdVtHn6G6s4Q&oh=00_AfF9dnnyBlAO-KqIOAczjxFDCypCSnk3jE-MOjpn1Y8WQQ&oe=68162B30"
    },
    {
        "caption": "Hoà Minzy kêu gọi mọi người thành lập \"khối nhặt rác\" 🇻🇳🫡\n\nYêu nước văn minh, yêu các anh chị chiến sĩ/ bộ đội, yêu các cô chú lao công và giữ hình ảnh đất nước mình thật đẹp nha mọi người ơiiii. Hãy cùng nhau KHÔNG XẢ RÁC mọi người nhé! 🥰",
        "image": "https://scontent.fsgn2-7.fna.fbcdn.net/v/t39.30808-6/492526709_1252775766214809_4749714992898886683_n.jpg?stp=dst-jpg_s480x480_tt6&_nc_cat=108&ccb=1-7&_nc_sid=127cfc&_nc_eui2=AeHuX3FmWssB1b1GmJFEG5iL1u8Aki3nZLrW7wCSLedkunEZu5SzhJcH7bYJ2olfI9l0sXlmr8f3lz8pqHOlAka7&_nc_ohc=K9VkJjTlY3MQ7kNvwHTdUpo&_nc_oc=AdlfJhyEmN88ghX_ogMc9-2qlDdvV_N1Pv5I_JPS6N0GO_5xqkdMWkvTSJeaaXicQHszjEjEaJjN7T-cn3Wl-NdG&_nc_zt=23&_nc_ht=scontent.fsgn2-7.fna&_nc_gid=LkYM0EvUdxZdVtHn6G6s4Q&oh=00_AfEdmsHYMXCG4GHCwMjzEXVraN3pOnaxAQ9BJ8YTsuDqFA&oe=681617F1"
    },
    {
        "caption": "Cả người và xe không phận sự sẽ không được vào hơn 20 đường tại quận 1 từ 3h đến 12h ngày 27/4. Đây là hôm đầu tiên cả người, xe bị hạn chế vào khu vực tổ chức sự kiện từ rạng sáng, do những đợt hợp luyện hay sơ duyệt các ngày trước đều diễn ra vào buổi tối.\n\nChi tiết phía dưới bình luận.\n\nTheo: VnExpress",
        "image": "https://scontent.fsgn2-4.fna.fbcdn.net/v/t39.30808-6/493949632_1252758152883237_1458894586645973424_n.jpg?stp=dst-jpg_s480x480_tt6&_nc_cat=101&ccb=1-7&_nc_sid=127cfc&_nc_eui2=AeG0vH06VD7JvgkPTqtS1bpIPJf7lxZgf0g8l_uXFmB_SDFCYhTN8wQjX0HQFmdjXPasBeZFJPDVI-FREz6g_Cxn&_nc_ohc=wd4-MJeU9S8Q7kNvwHf_8sg&_nc_oc=AdlIDivNJ7_lYz225kiufPDMNlejf10IACHYla9wcmdClfRiqDvToddb_nwxyCzfjyaYkckW_5XalVZzbVQiCE1n&_nc_zt=23&_nc_ht=scontent.fsgn2-4.fna&_nc_gid=qcW0LIWEiFMiy5VaDgY0vA&oh=00_AfHyEkrUCgDVlSpW1kY_bgdCSb7dy4jD83TVB5IeftSqMw&oe=68160F8A"
    },
    {
        "caption": "🌺 Đêm tiệc Private Club đầu tiên tại Việt Nam\n\nHAUS PRIVATE CLUB - THE FIRST  diễn ra vào 09/05/2025 tại Dinh Độc Lập, TP. Hồ Chí Minh.\n\nHAUS PRIVATE CLUB sẽ mở ra một thế giới không tưởng, với đêm tiệc duy nhất không tái hiện lần thứ hai. Tại đêm tiệc, bạn sẽ được trải nghiệm\n\n✨Những màn trình diễn thị giác & âm nhạc của tác phẩm nghệ thuật sống \n\n✨Hành trình ẩm thực & trải nghiệm tái hiện Đà Lạt giữa lòng Sài Gòn\n\n✨Những cuộc gặp dành riêng cho hội viên Private Club với những tên tuổi biểu tượng toàn cầu \n\n✨Và những đặc quyền chỉ dành cho những ai bước qua cánh cửa này",
        "image": "https://scontent.fsgn2-7.fna.fbcdn.net/v/t39.30808-6/493673538_1252730422886010_8072645056234674271_n.png?stp=dst-png_p480x480&_nc_cat=100&ccb=1-7&_nc_sid=cc71e4&_nc_eui2=AeHeeEuv_rOhQm-9E1B6SQLanzBHHMiUBtufMEccyJQG2x26IRMsCvUT7NRPZe1QVBWpXOJv5Po_tjxpt4_iI1SK&_nc_ohc=NufHr2P68_oQ7kNvwHhWJOx&_nc_oc=AdmcA_B_kjDHa5VvpMZf_locbvB5Gd0oYbRUV3qZQhN8mHojwnGUJwxA-26T5UZQtcASNw0gsoqeZMVE2gdjhJ6C&_nc_zt=23&_nc_ht=scontent.fsgn2-7.fna&_nc_gid=qcW0LIWEiFMiy5VaDgY0vA&oh=00_AfEZpOtoOTcjnjNKOIz_APlYapL7F6611wvy47Z8ZVgf5w&oe=68162834"
    },
    {
        "caption": "\"Kỷ vật của Ba mình, 30/4/1975 Ba đã có mặt ở Bộ tư lệnh Hải Quân tại bến Bạch Đằng, nơi hiện đang đặt 15 khẩu pháo mừng 50 năm thống nhất đất nước. Ba mình là thuyền trưởng Hải quân nhân dân Việt Nam đầu tiên ngày 1/5/1975 chiếc tàu HQ-505 (trước nó là LST 504) là con tàu trong sự kiện CQ-88.\"\n\nBạn Nam Nguyen chia sẻ trong group 'Flex đến hơi thở cuối cùng' nhân kỷ niệm 50 năm ngày giải phóng miền Nam - thống nhất đất nước.",
        "image": "https://scontent.fsgn2-9.fna.fbcdn.net/v/t39.30808-6/494181815_1252714549554264_6036434952626208817_n.jpg?stp=dst-jpg_s480x480_tt6&_nc_cat=103&ccb=1-7&_nc_sid=127cfc&_nc_eui2=AeGEU1ieL26uy0qHDe3uu91xrFQeATAmKv-sVB4BMCYq_x0tYuadgO8KhG8Y80uiKY4GZP9EAGhoNSWRt5j_Y8hM&_nc_ohc=IbAyXzB2HRoQ7kNvwGyzqRV&_nc_oc=AdkyLjjemfH6eeCBr_ixsyvGzQxusYTAjJ9vVvPqfgpAaEt_vFBzs9c22sIHmfi5PQB_3hkuHb9fJ7Jj6iOzF6LM&_nc_zt=23&_nc_ht=scontent.fsgn2-9.fna&_nc_gid=qcW0LIWEiFMiy5VaDgY0vA&oh=00_AfFbLT_B7pcm5nHdj6f9ECdQFgo9L3EEPylvTi_F2KplSw&oe=681614F4"
    },
    {
        "caption": "(S)TRONG TRỌNG HIẾU: Hành trình âm nhạc mang dấu ấn đặc biệt tại Đức.\n\nMang trong mình hai dòng máu Việt - Đức, Trọng Hiếu đã tạo nên hành trình âm nhạc đậm chất riêng: khác biệt, mạnh mẽ và truyền cảm hứng. Từ ngôi vị Quán quân Vietnam Idol đến vinh dự trở thành nghệ sĩ gốc Việt đầu tiên lọt vào chung kết Eurovision Song Contest tại Đức, anh luôn kiên định với thông điệp “dám là chính mình”.\n\nKhông chỉ tỏa sáng trên sân khấu, Trọng Hiếu còn là gương mặt tiêu biểu cho thế hệ trẻ Việt kiên trì theo đuổi đam mê tại Đức. Tour diễn năm 2024 qua 5 thành phố lớn tại châu Âu là minh chứng cho sức hút của một nghệ sĩ đã khéo léo đưa tình yêu văn hoá vào âm nhạc và biến nó thành cầu nối giữa hai quốc gia.\n\nCâu chuyện của anh là một trong 20 hành trình được vinh danh trong chiến dịch “Việt – Đức: 20 gương mặt, 20 câu chuyện” – dự án tôn vinh những người Việt đã và đang cống hiến hết mình, tạo dấu ấn tích cực tại Đức. Hành trình âm nhạc của (S)TRONG Trọng Hiếu chính là lời nhắn gửi mạnh mẽ tới thế hệ trẻ: cứ khác biệt, cứ bền bỉ và thành công sẽ luôn tìm đến bạn!\n\n#50VietDuc\n#NhungCauChuyenThanhCongVietDuc\n#VietDuc20Gesichter20Geschichten\n#VietDuc20guongmat20cauchuyen\n#VietDuc20guongmat20cauchuyen 🇻🇳🇩🇪",
        "image": "https://scontent.fsgn2-3.fna.fbcdn.net/v/t39.30808-6/493857614_1252680736224312_5074938176980766668_n.jpg?stp=dst-jpg_s480x480_tt6&_nc_cat=107&ccb=1-7&_nc_sid=127cfc&_nc_eui2=AeHmhyrIBk677inREgDpzYnFr49QdXOEhk2vj1B1c4SGTdHhGFv5fLScXhENFz6MI07zGyeGp5hKWvrirs4nkyCS&_nc_ohc=iYZ3vTFEBb0Q7kNvwG-WkbH&_nc_oc=AdmZSUUfwZszOz_Ir0soRZ5CZ17l8qpvjIDRzWVG5a3xjtksctYFAHuYkhNkb-SmkXrbtCpqeQCXJTkHK6zsUs5S&_nc_zt=23&_nc_ht=scontent.fsgn2-3.fna&_nc_gid=qcW0LIWEiFMiy5VaDgY0vA&oh=00_AfHGreE1eN0WJJVhWvSAdfFWWCo8Vcr4-YZGEuLa2NlE_g&oe=68160A1F"
    },
    {
        "caption": "tlinh xác nhận góp mặt tại SOOBIN concert – nhưng liệu đây đã là cú twist cuối cùng?\n\nDựa theo bài đăng \"hint\" trước đó, đội hình khách mời đã... có vẻ như đủ với 3 cái tên đã được công bố: BINZ - RHYMASTIC - TLINH. \n\nLiệu mọi quân bài đã được lật hết? Hay vẫn còn một \"síc-rịt\" chưa được xé?\n\nĐáp án chỉ có tại concert.",
        "image": "https://scontent.fsgn2-6.fna.fbcdn.net/v/t39.30808-6/494010715_1252500902908962_1130694394746117035_n.jpg?stp=dst-jpg_s480x480_tt6&_nc_cat=110&ccb=1-7&_nc_sid=127cfc&_nc_eui2=AeGdrWsgP6bb2ey1y_oFfFq7lFvgBlxR63-UW-AGXFHrf7yzdO6qAiFwULLO9YN1riV-wkpZquGm3wyoDGioIBO9&_nc_ohc=0GkvxhmytfgQ7kNvwG47pZU&_nc_oc=AdkD4OYJc7oprrcfBhu97g0zRar37jsr0knSxu2p1gh5595IWbJIt69zdzT6ghHu-H7wuJkkHvE-lhf1IRCdYXcr&_nc_zt=23&_nc_ht=scontent.fsgn2-6.fna&_nc_gid=PwFU29joHu6wUw4tsp9rbQ&oh=00_AfHZ2Fc7wsSK3jBEAC8OmdhsU60FLEpvPyW449s39JJC4Q&oe=6815FDBF"
    },
    {
        "caption": "Phim \"Victory Vietnam\", thể hiện tình cảm và sự ủng hộ của người Thụy Điển khi Việt Nam thống nhất, lần đầu ra mắt khán giả sau 50 năm.\n\n30/4/1975 đánh dấu thắng lợi của Việt Nam trong cuộc chiến trường kỳ bảo vệ Tổ quốc, ngày \"non sông thu về một dải\". Không chỉ người Việt, từ bên kia bán cầu, nhiều người Thụy Điển chung niềm hân hoan. Những hình ảnh ấy được đạo diễn Bo Öhlén và các đồng nghiệp ở Đài Truyền hình nước này ghi lại trong phim tài liệu 28 phút.\n\nNgày ấy, đạo diễn sao chép phim ra một bản gửi về Việt Nam. Tuy nhiên, thông tin liên lạc hạn chế, ông không nắm được đơn vị hay cá nhân nào tiếp nhận tác phẩm. Sau nửa thế kỷ, phim thất lạc, chìm vào quên lãng. Năm ngoái, ông tình cờ phát hiện một tệp dữ liệu được lưu trữ ở Thư viện Hoàng gia Thụy Điển, và xúc động khi gặp lại bộ phim năm xưa.\n\nVới thời lượng gần nửa tiếng, Victory Vietnam thể hiện tinh thần kề vai sát cánh của lực lượng yêu chuộng hòa bình thế giới với Việt Nam. Bộ phim màu có chất lượng tốt, vào thời điểm các băng tài liệu ở Việt Nam chủ yếu là đen trắng.\n\nNgày 30/4/1975, trang nhất các tờ báo của Thụy Điển đều đưa tin về chiến thắng của Chiến dịch Hồ Chí Minh. Trên các mái nhà của thủ đô Stockholm, lá cờ của Mặt trận Dân tộc Giải phóng miền Nam Việt Nam tung bay. Người người đổ xô xuống đường, hát vang ca khúc Giải phóng miền Nam, phần lời bằng tiếng Thụy Điển. Họ hô vang: \"Mặt trận Giải phóng Dân tộc miền Nam chiến thắng!\", \"Việt Nam muôn năm\".\n\n(Theo: VnExpress).",
        "image": "https://scontent.fsgn2-7.fna.fbcdn.net/v/t39.30808-6/493936857_1252384109587308_6906173532801751171_n.jpg?stp=dst-jpg_s480x480_tt6&_nc_cat=108&ccb=1-7&_nc_sid=127cfc&_nc_eui2=AeHFN6dhkOM6gCTM9K3dKFo8KFuorUJf_UMoW6itQl_9Q8wPK2R1_h3d51DQGxH-grNrpNje7Nb2aNtSaAlK-wGo&_nc_ohc=CgRqGUp_DesQ7kNvwEgrPDh&_nc_oc=AdnCyiZijuDxkc7weW2L9FviIORCil-72J-cLthwSkymCeaRwVPOJp93nvcHjeROrh6Sao_WGeXav9Btq6sMmF-P&_nc_zt=23&_nc_ht=scontent.fsgn2-7.fna&_nc_gid=qNd8H2hEtpcKqPNaBsJvQg&oh=00_AfGcHsbhSeigDiLhEdlLuTQvx0fu2SuPca1yOYVQ3UNRzA&oe=68161770"
    },
    {
        "caption": "Chiều 25/4, ông Trần Văn Thanh, 76 tuổi đã đến đất Đồng Nai trong hành trình chạy xe máy từ TP Vinh vào TP.HCM xem diễu binh kỷ niệm 50 năm thống nhất đất nước.\n\nÔng Thanh cho biết mình từng chiến đấu ở mặt trận B5 (khu vực Đường 9 và bắc Quảng Trị) trong thời kỳ kháng chiến chống Mỹ.\nTrong vòng tay của người dân Đồng Nai, người cựu chiến binh với hành trình đặc biệt trên chiếc xe máy từ bắc vào nam đã xúc động nói rằng: “Cuộc đời tôi chưa bao giờ hạnh phúc như thế”.\n\nThật may mắn, chiều ngày 25-4, từ đầu địa phận Đồng Nai đến TP Long Khánh trời bỗng dịu nhẹ, không nắng gắt như những ngày qua. Điều này làm cho đoạn đường di chuyển của người cựu chiến binh già thuận lợi hơn.\n\nÔng Trần Văn thanh cho biết có rất nhiều dự định khi đến TP.HCM. Ông nói sẽ thăm Bến Nhà Rồng, Dinh Độc Lập và nhiều công trình nổi bật chào mừng 50 năm Ngày Giải phóng miền Nam, thống nhất đất nước.\n\nTheo: Báo Pháp luật TP. HCM",
        "image": "https://scontent.fsgn2-6.fna.fbcdn.net/v/t39.30808-6/494176277_1252376139588105_834651511967844816_n.jpg?stp=dst-jpg_s480x480_tt6&_nc_cat=110&ccb=1-7&_nc_sid=127cfc&_nc_eui2=AeH0GK8D-SQzCh64ORhAwlSkI_KPp2_980Aj8o-nb_3zQM5T9wGgJM5w20-zpErOUEP0302cLayH2_iBENAG4NI0&_nc_ohc=CwmJYXr-1xQQ7kNvwEMlTe9&_nc_oc=AdlCaqBiXmIa4WlxvIwpqFaD28Tl-J9SC_wngFvbK4Hw15ZdupB1DnzkxIkDWzYK5wfsrn3JdyWqEMvRgV0aTZwZ&_nc_zt=23&_nc_ht=scontent.fsgn2-6.fna&_nc_gid=qNd8H2hEtpcKqPNaBsJvQg&oh=00_AfHLPnJWALgpEklOUL59JKBWJdgLlrDJjUatKkFbW8w3eg&oe=6815F631"
    },
    {
        "caption": "TRUNG BÌNH CẶP BẠN THÂN HƯỚNG NỘI - HƯỚNG NGOẠI:",
        "image": "https://scontent.fsgn2-5.fna.fbcdn.net/v/t39.30808-6/492795323_1252101449615574_2060559339118953005_n.jpg?stp=dst-jpg_s480x480_tt6&_nc_cat=104&ccb=1-7&_nc_sid=127cfc&_nc_eui2=AeGrXfFEhlji8usYql1nERA7lOIWXKqgI1KU4hZcqqAjUpi1DJn-gVVZf6r42AYxtMzN4SeINgVHMcG_lpihuA4I&_nc_ohc=5Ld5CUdy2pUQ7kNvwHrvBzo&_nc_oc=AdmmsFqvXP5pe2pU0aqZJ1ZDHgsi4wORUPbrb_vk2hSxJWDobA1n6f3RZ2WRCLpBZn9VaywBvcinPuF8o56aAQGm&_nc_zt=23&_nc_ht=scontent.fsgn2-5.fna&_nc_gid=qNd8H2hEtpcKqPNaBsJvQg&oh=00_AfGn6MczgFLEtzvnju1PeNpzj3I11hYY-zqxMtvYQM0gmg&oe=681603E0"
    },
    {
        "caption": "Ê mí bà đã bao giờ lướt tóp tóp gặp bài nhạc ưng bụng mà bấm vào sound thì... \"âm thanh gốc\" chưa? 🫠\n\nNhưng mà khoan, bà nào đang xài Samsung thì dùng liền tính năng Song Search ngay! Khỏi cần dùng app thứ ba, mấy bà chỉ cần nhấn giữ nút nguồn -> bấm cái icon nốt nhạc ✨Cho nó nghe 1 giây là ra tên bài, kể cả đoạn remix hay tiếng mình nghêu ngao. 😎\n\nAi đã dùng 'skill' này để thoát kiếp 'ét o ét tìm nhạc' rồi thì zô xác nhận liền nha! 👇\n\n#GalaxyA56 5G #GalaxyA36 5G #GalaxyA26 5G #SongSearch",
        "image": "https://scontent.fsgn2-9.fna.fbcdn.net/v/t39.30808-6/492505978_1251863752972677_3762536224234616998_n.jpg?stp=dst-jpg_s480x480_tt6&_nc_cat=106&ccb=1-7&_nc_sid=127cfc&_nc_eui2=AeEdXR8YpnvFccGNfps2e_fN7aZcXZNeQs7tplxdk15CzuINANb9b1_Qe9-5sGsxGvmDufDh9p7ouyLClUnNeNcx&_nc_ohc=Y-ZDsXUws34Q7kNvwGuxBGH&_nc_oc=AdkUQF2Ik5AmwFPhivUd6PBc3wwt3hsL1qIRIs3qmRi323rN6Oz3p-ZodjYonh1mBdFMDzGDyg_TswtVpfw3Ejc4&_nc_zt=23&_nc_ht=scontent.fsgn2-9.fna&_nc_gid=a9aOyCElxeH0nFaXJLFJQA&oh=00_AfGrtQfbYS6dmv8wtGYCNzZWSTdorP3Qq9cj63N8EQjYNg&oe=68162178"
    },
    {
        "caption": "Sau khi công bố dàn ekip hùng hậu từ show ATVNCG, SOOBIN tiếp tục hé lộ 2/3 khách mời có mặt tại solo concert \"ALL-ROUNDER\" và như dự đoán của nhiều khán giả chính là Binz & Rhymastic. Việc kết hợp những cái tên quen mặt dễ đoán thì chắc hẳn SOOBIN và ekip đã tính đến những yếu tố bất ngờ nhất cho concert đầu tiên trong sự nghiệp.\n\nCác fan đang liên tục đồn đoán từ list khách mời, tạo hình, cho tới tiết mục khác biệt giữa 2 Day sẽ là gì cho thấy sức nóng dành cho concert đầu tay của SOOBIN sau 14 năm. Hiện Day 1 đã cháy sạch vé, Day 2 chỉ còn một số ít 🔥",
        "image": "https://scontent.fsgn2-8.fna.fbcdn.net/v/t39.30808-6/492571871_1251936439632075_8379224850954489497_n.jpg?stp=dst-jpg_s480x480_tt6&_nc_cat=102&ccb=1-7&_nc_sid=127cfc&_nc_eui2=AeESC7yn9hM81wDv0Bll7-50qjKsUOIjkzuqMqxQ4iOTO-2VYwW6b9HmLyIOB9Me_hOJPiKNs53mpDq5VyqNebub&_nc_ohc=Y-W4BZ4TmDoQ7kNvwEB3Qj6&_nc_oc=AdlTuaOa8eA6j5m2bVw0fA4RO0MlFOP76u7Le6peRcpNt_7tekVsudgPHhdTjYRKvrvmALKxvANaYPBFWvlPTbJ4&_nc_zt=23&_nc_ht=scontent.fsgn2-8.fna&_nc_gid=Ur6Ke6Xy9n5F1UcSyOijJA&oh=00_AfE46U5y5EByPzoMkcqYsGbk_N35cfTTnHamNcU7ivJSbw&oe=681608CC"
    },
    {
        "caption": "Vừa xuất viện không lâu, cựu binh 75 tuổi, ông Nguyễn Văn Tính (sống tại TP. Buôn Ma Thuột) đã quyết định một mình chạy xe máy hơn 330km về TP.HCM tham dự đại lễ kỷ niệm 50 năm giải phóng miền Nam - thống nhất đất nước.\n\nChưa đầy một tháng trước, ông Tính vừa xuất viện sau gần hai tuần điều trị vì một đợt ốm nặng. Các bác sĩ khuyến cáo ông nên ở nhà nghỉ ngơi để tĩnh dưỡng, do ông được chẩn đoán mắc bệnh thoái hóa đĩa đệm, đau thần kinh tọa và gặp nhiều khó khăn trong việc đi lại. Tuy nhiên, khi nhận được thư mời từ Quân đoàn 3, ông không chần chừ mà lên đường đi ngay.\n\nÔng cho biết: “Lúc đó tôi nghĩ: nếu không đi, có lẽ sẽ không còn dịp nào nữa”\n\nTrang bị cho hành trình của ông gồm một chiếc xe máy cũ, hành lý buộc trên xe cùng lá cờ Tổ quốc bay phấp phới. Chọn đi xe máy, vì ông muốn thực hiện lời hứa với những người đồng đội đã hy sinh:\n\n“Xe của Quân đoàn 3 cũng đến đón tôi, nhưng tôi muốn được chủ động dừng lại bất cứ đâu, ở bất cứ nghĩa trang nào trên đường đi, để thắp một nén nhang cho những người đồng đội đã nằm lại mãi mãi.”\n\n“Ở tuổi tôi, không biết còn bao nhiêu dịp như thế này nữa. Có thể đây là lần cuối cùng tôi còn đủ sức để đi thắp hương cho đồng đội – những người đã ngã xuống vì Tổ quốc. Sau này… tôi không dám chắc mình còn sống hay còn đủ khỏe để đi nữa hay không”\n\n“Chúng tôi từng hứa: nếu ai còn sống, sau này nhất định sẽ thắp hương cho nhau. Tôi đi để giữ lời hứa đó”\n\nDự kiến trong hành trình dài hơn 330km, ông Tính sẽ dừng chân tại nhiều địa điểm, như nghĩa trang liệt sĩ Đắk Mil và các nghĩa trang nằm dọc tuyến đường. Để ông thắp hương tưởng niệm những người đồng đội năm xưa, trước khi đến TP.HCM tham dự buổi lễ trọng đại của đất nước.\n\n-\nChúng cháu chúc ông thượng lộ bình an, có một hành trình thật đẹp để nhìn ngắm con đường mà ông cùng đồng đội đã tạo nên cho đất nước 🇻🇳🫡\n\nTheo: Dân Việt",
        "image": "https://scontent.fsgn2-3.fna.fbcdn.net/v/t39.30808-6/493925939_1251845429641176_8463296004952010461_n.jpg?stp=dst-jpg_s480x480_tt6&_nc_cat=107&ccb=1-7&_nc_sid=127cfc&_nc_eui2=AeH2-9byKs-nphOGWxUe9tYRr7CbB9vzeF6vsJsH2_N4Xi8MBKTLKchlal0HNwccEgqhFoWuyZ_bO2Ko_1B0q56Z&_nc_ohc=3eTz5gDBMgwQ7kNvwEDsIzY&_nc_oc=Adlt_khk6vDaVPG76MmQuUXsesJQfffrX6CoeDSIiSIMdFFG7XpWCvlxgPlkz4CAqywlGOpC3-_Wvx5X0rbKUg1f&_nc_zt=23&_nc_ht=scontent.fsgn2-3.fna&_nc_gid=Ur6Ke6Xy9n5F1UcSyOijJA&oh=00_AfEooBWAvfeh-Ll_lgc1vDuytLXH94HhhHER5wus8mXeoA&oe=6815FDC9"
    },
    {
        "caption": "Trong quá trình chuẩn bị cho Lễ kỷ niệm 50 năm Ngày giải phóng miền Nam, thống nhất đất nước, hình ảnh nữ Thiếu úy quân nhạc Dương Thị Thơm đã thu hút sự chú ý đặc biệt của người dân TP. Hồ Chí Minh. Cô là một trong hai chiến sĩ đảm nhiệm việc mang chiếc kèn Helicon đồ sộ, nặng 20kg, trong suốt các buổi diễu binh kéo dài trên quãng đường 9km.\n\nThiếu úy Thơm chia sẻ rằng nhiệm vụ này đòi hỏi sức khỏe và sự dẻo dai, đặc biệt là việc duy trì tư thế nghiêm trang và nhịp bước đều đặn. Những ngày nắng nóng càng làm tăng thêm sự vất vả. Để có thể mang được chiếc kèn nặng, cô thường phải nhờ sự hỗ trợ của đồng đội. Mặc dù ban đầu gặp nhiều khó khăn và đau nhức, nhưng sự động viên của người dân và ý thức về tầm quan trọng của sự kiện đã tiếp thêm động lực cho cô.\n\nSự nỗ lực của Thiếu úy Thơm đã nhận được sự ngưỡng mộ từ các đồng đội trong khối nữ quân nhạc. Họ đánh giá cao tinh thần trách nhiệm và sự kiên trì của cô, đặc biệt khi có những người khác đã xin đổi vị trí này. Với nền tảng thể lực từ những năm tháng là vận động viên bơi lặn chuyên nghiệp, Thơm đã vượt qua những thử thách về thể chất. \n\nĐể toàn tâm toàn ý cho nhiệm vụ, cô đã phải gửi con trai nhỏ về quê. Cô bày tỏ niềm vinh dự và sự háo hức khi được góp phần vào sự kiện trọng đại của đất nước, đồng thời chuẩn bị cho những nhiệm vụ tiếp theo cùng đơn vị.\n\n(Theo: Dân Trí)",
        "image": "https://scontent.fsgn2-3.fna.fbcdn.net/v/t39.30808-6/492424793_1251625502996502_1200632113603890674_n.jpg?stp=dst-jpg_s480x480_tt6&_nc_cat=107&ccb=1-7&_nc_sid=127cfc&_nc_eui2=AeGtoVovNwZnjqjRt4EUsvpt0Uc-26HefALRRz7bod58AnTvC9CtN3MfhfQpUHaS2mH0NntAMNrq727TkD-i5gJL&_nc_ohc=ptPpMzMv7sIQ7kNvwHxNHlx&_nc_oc=AdkQsPVb1V06It8uqKGcwwiehcs9SCblLWUeCdmMmDg8pw75IClYBLxHqity8ypFgOQXxu63WNVEHp0ehXlwCavI&_nc_zt=23&_nc_ht=scontent.fsgn2-3.fna&_nc_gid=ntRGM40LdKkozmcv3B6q3A&oh=00_AfFwzt226qzhe8qBYrxYggf1qWMmxzUgkqmsoRa_gpZrxw&oe=68163846"
    },
    {
        "caption": "Theo dữ liệu từ Trung tâm Mạng lưới khí tượng thủy văn quốc gia (Cục Khí tượng thủy văn) trong đêm qua và rạng sáng nay, hệ thống radar của đơn vị này ghi nhận được hàng chục nghìn cú sét đ-ánh xuống đất và sét trong mây ở trên đất liền, trên biển và khu vực lân cận Việt Nam.\n\nSét đánh tập trung chủ yếu ở khu vực các tỉnh trung du miền núi Bắc Bộ như Phú Thọ, Tuyên Quang, Yên Bái, Hà Giang, các tỉnh thành đồng bằng sông Hồng như Hải Phòng, Thái Bình, Nam Định, Hải Dương, Hà Nội và khu vực vịnh Bắc Bộ.\nTrong khoảng từ 1h30 đến 5h ngày 25-4, ước tính có hơn 23.200 cú sét đánh xuống đất và sét đánh trong mây, trong đó có hơn 10.400 cú sét đánh xuống đất.\n\nTrước đó, trong khoảng từ 22h30 đến 23h20 tối 24-4 cũng ghi nhận hơn 7.500 cú sét đánh trong mây và xuống đất.\n\nTheo: Tuổi Trẻ.",
        "image": "https://scontent.fsgn2-7.fna.fbcdn.net/v/t39.30808-6/492800705_1251589376333448_3968698842469619218_n.jpg?stp=dst-jpg_s480x480_tt6&_nc_cat=108&ccb=1-7&_nc_sid=127cfc&_nc_eui2=AeFP9CX5V4PzEScFFumvWiCfEw0qOjEKWvUTDSo6MQpa9R5S2qDY6OBkLMBgh6skOYygiMs3TELyf8tjq6CzCf2U&_nc_ohc=krwjnvPlBDcQ7kNvwH7tslj&_nc_oc=AdneU3ivg7p-UQkwny5CsuFzBR0SGd2lv8hyi83-KWO1htYz7GOdVK6It0PVbwSkVhnTAQ0slEiD6_ZgElvu6rec&_nc_zt=23&_nc_ht=scontent.fsgn2-7.fna&_nc_gid=ntRGM40LdKkozmcv3B6q3A&oh=00_AfFiWCbuROA-7jI5nB-Wva4JnSQNxQpsbrUIfFRKjX_09Q&oe=68161104"
    },
    {
        "caption": "Đồng bào chú ý!\n\nTrong giây lát, chiếc trực thăng hiên ngang mang theo lá cờ đỏ thắm sẽ xuất hiện trên bầu trời TP. Hồ Chí Minh thân yêu của chúng ta.\n\nKính mời đồng bào cùng hướng mắt lên cao, chiêm ngưỡng khoảnh khắc hòa bình rực rỡ này 🇻🇳\n\nẢnh: Nhiếp ảnh gia Minh Hòa (VTV24).",
        "image": "https://scontent.fsgn2-8.fna.fbcdn.net/v/t39.30808-6/493474517_1251582723000780_1881039006416162327_n.jpg?stp=dst-jpg_s720x720_tt6&_nc_cat=102&ccb=1-7&_nc_sid=127cfc&_nc_aid=0&_nc_eui2=AeE7Y6U3V5tmi7oJcfOB47E1VdcliZCcrmJV1yWJkJyuYpUmo7mTVLT9H4Puz-fWdcnAYwx2jmwZaBBjAsZgOqOm&_nc_ohc=iYnOOUyfOeAQ7kNvwEBoxjj&_nc_oc=AdnZtyk8T64v5lhBAvPM04xxYNnU-5pokSVEL-0LTulxs0K_rEmFFcX6sDGk3e6DQiFfH5jcmC_3VFvfaW57fnR1&_nc_zt=23&_nc_ht=scontent.fsgn2-8.fna&_nc_gid=ntRGM40LdKkozmcv3B6q3A&oh=00_AfHKHq4-M4bW-ZrIYiOkhznlvnEAk5_oWXFygpXE_SJPWg&oe=68160F05"
    },
    {
        "caption": "☺️ Tongtai Võ Tấn Phát sau khi thấy các chị em \"chao đảo\" vì các anh chiến sĩ: \"Ai chọn Matcha tháng này ảnh đóng xiền nhà cho\"",
        "image": "https://scontent.fsgn2-7.fna.fbcdn.net/v/t39.30808-6/492380483_1251281893030863_3792336670725772821_n.jpg?stp=dst-jpg_s600x600_tt6&_nc_cat=100&ccb=1-7&_nc_sid=127cfc&_nc_eui2=AeHSYOrN3lnnysN7pPUN38_Sl-wtenMzThSX7C16czNOFKmAmjuzxEMVQiaV69PKlADfdgWPcWSI11Aeu7dzdkSq&_nc_ohc=PVNtwT13y6EQ7kNvwHBw6wm&_nc_oc=AdlGFMcSoexPClz-rwX3A_80OQJjYE5KoWjtatWwtaT9ZdpOVldkvItZsU1T11-iGqZjjzEeMTv3XMxRIqECnrxe&_nc_zt=23&_nc_ht=scontent.fsgn2-7.fna&_nc_gid=ntRGM40LdKkozmcv3B6q3A&oh=00_AfEzAORzetTk7xuX144kDU8Lc8uPtrrAWJcL7Kakx1YxaA&oe=68161BFD"
    },
    {
        "caption": "Điều gì chờ đợi ta sau khi bước qua thế giới bên kia? Một bộ phim về tuổi già, nỗi cô đơn, những nuối tiếc trong đời, sự chia ly vốn dĩ không tránh khỏi… Những chuyện ngỡ buồn thật buồn như áng mây xám bay qua đời, vậy mà khi xem Heavenly Ever After (Đẹp hơn cả thiên đường) ta lại thấy nó được kể lại với một giọng điệu lạc quan, hóm hỉnh. Một bộ phim chữa lành đúng nghĩa đang chờ bạn khám phá. \n\nHeavenly Ever After xoay quanh cuộc sống của một cặp vợ chồng trung niên. Cụ bà Lee Hae Sook 80 tuổi làm nghề cho v-ay nặ-ng l(ã)i. Năm 30 tuổi, ông Go Nak Joon - chồng bà bị li-ệt phải nằm trên giường bệnh, bà Hae Sook đã lấy tiền bảo hiểm của chồng làm vốn để bắt đầu con đường sự nghiệp. \n\nMỗi ngày bà Hae Sook cùng cô con gái nuôi bặm trợn xuống chợ thu tiề-n l-ãi. Cái nghề cay nghiệt chẳng được một ai ưa, bà Hae Sook hàng ngày phải đối mặt với sự chây ì của các con nợ, những lời ch(ử)i m-ắng, mỉa mai, cầu cho bà xuống địa ngục. Niềm an ủi duy nhất của bà là ngóng đợi được trở về nhà, vào bếp nấu cho chồng món mì đậu đỏ cùng kim chi tươi mà ông thích, là được chồng khen và… làm nũng với chồng. \n\nCuộc sống nhiều cay đắng nhưng cũng ngọt ngào đó kết thúc bằng sự chia ly. Chồng qua đời, bà Hae Sook cũng mất 1 năm sau đó. Họ được gặp nhau trên thiên đường. Nhưng chuyện trớ trêu là trước khi vào vùng đất mới, họ được yêu cầu chọn giao diện theo độ tuổi mình muốn. Bà Hae Sook đã chọn vẻ ngoài 80 tuổi (vì từng được chồng khen “Bà 80 tuổi là đẹp nhất”). Trong khi đó ông Nak Joon thì lại chọn hình dạng lúc 30 trẻ trung phơi phới. Thế là trên thiên đường, cặp vợ chồng đồng điệu tâm hồn nhưng chênh lệch ngoại hình tận 50 tuổi đã bắt đầu một hành trình mới đầy những bất ngờ đang chờ đón họ. \n\nPhim thú vị khi sử dụng trí tưởng tượng để xây dựng một hành trình mới sau khi chúng ta rời khỏi nhân thế. Linh hồn có thể chọn phương tiện để đến thế giới vĩnh hằng, có thể chọn giao diện để bắt đầu cuộc sống mới. Hay những cuộc tái ngộ bất ngờ nơi thiên đường giữa chủ nhân và vật nuôi, giữa cố nhân với nhau khiến người xem vừa bật cười vừa rưng rưng nước mắt. \n\nHeavenly Ever After sở hữu kịch bản độc đáo và sáng tạo. Những mảng miếng hài đặt để khéo léo khiến cho vấn đề sống - ch(ế)t vốn nặng nề trở nên thật dễ chịu. Dẫu biết ai rồi cũng chết nhưng chúng ta luôn ám ảnh một câu hỏi về thế giới sau khi lìa đời, hay nỗi sợ một ngày phải rời xa người thân yêu mãi mãi. Có lẽ, nếu thiên đường có thật, và người thương đang chờ ta ở nơi đó thì chuyện ly biệt vốn đau đớn tận tâm can sẽ trở nên nhẹ lòng hơn chăng. \n\nHeavenly Ever After do bộ đôi đạo diễn Kim Suk Yoon (My Liberation Notes) và biên kịch Kim Nam Gyu (The Light in Your Eyes) cùng sáng tạo. Với những ai yêu thích phong cách làm phim của bộ đôi này, thì Heaven after ever chắc chắn sẽ là một món quà khiến bạn cảm thấy hạnh phúc khi được đón chờ từng tập phim.",
        "image": "https://scontent.fsgn2-9.fna.fbcdn.net/v/t39.30808-6/492439170_1251271293031923_8225183825713436488_n.jpg?stp=dst-jpg_s480x480_tt6&_nc_cat=106&ccb=1-7&_nc_sid=127cfc&_nc_eui2=AeFNgJf6IeQ6StSOUI22Rpyde8uFeCtaa4h7y4V4K1priF0vs1cB3y62-r0PkLN7H7Ob7z-X3eaYcOvJez8CJqNI&_nc_ohc=NlNJszyIw3sQ7kNvwGgDY5b&_nc_oc=Adn4RoUBYuJQNi6GfOMm54fyajWEXpnY15WdV4OJR6_IuFOBC7itB2lL7xhIvWE_fB0pDDHYORPfY1KnWDWv-3kL&_nc_zt=23&_nc_ht=scontent.fsgn2-9.fna&_nc_gid=ntRGM40LdKkozmcv3B6q3A&oh=00_AfELcGQoP-_kM2J97jpqvi1DN1k0i0t77Gm-xhp3W_tydg&oe=681622F4"
    },
    {
        "caption": "Ai mượn \"cụ\" sáng tác nhạc hay quá chi 🤣",
        "image": "https://scontent.fsgn2-9.fna.fbcdn.net/v/t39.30808-6/493256006_1251216066370779_6142065749973682512_n.jpg?stp=dst-jpg_s480x480_tt6&_nc_cat=106&ccb=1-7&_nc_sid=127cfc&_nc_eui2=AeHF_86HiK-FJoCcD-1XMriXNZaCP0Gwc4c1loI_QbBzh2GVO8j3_vrPfVd8ZqeU8eKDVG0ykKziKxKDns29yj2V&_nc_ohc=bSjW_BbklS4Q7kNvwFADEP0&_nc_oc=AdnbLyR5GtqpVLEiXUb43Va84rB-nDbNzOzSxmyeoUOEKfHzsShLEaifFDx67xhqGtBAyrrwJCbv-KXgq3Rc47oM&_nc_zt=23&_nc_ht=scontent.fsgn2-9.fna&_nc_gid=D_WPOLE9x-S7VS1FxOQcLA&oh=00_AfGBmDzKHAkz6phz6LlDX5PwGHi-wqAY8QgXGwhiWRxTXQ&oe=68164054"
    },
    {
        "caption": "🇻🇳🫡 CÁC ANH EM CỨ NGHIÊM TÚC, CHUYÊN NGHIỆP NHƯ THẾ NÀY CHO CHÚNG TÔI\n\nKhông phải là một buổi hẹn hò bình thường, một chàng trai đã viết mail gửi người thương với tiêu đề \"Tháng Tư - Em Và Tổ Quốc\" để mời bạn gái cùng mình hoà vào dòng người tham gia đại lễ kỷ niệm 50 năm giải phóng miền Nam - thống nhất đất nước.\n\nTrong mail, chàng trai không quên dặn dò cô gái của mình diện \"dress code\" với màu sắc của hoài niệm và hy vọng, chú thích lịch trình chi tiết và không quên chốt hạ một lời yêu thương đầy tự hào:\n\n\"Hãy cùng anh viết lên một ký ức thật đẹp - vừa có em, vừa có Tổ quốc - để mai này khi nhớ về tháng Tư này, hai chúng mình mỉm cười và nói: Chúng ta đã từng yêu nhau giữa một Việt Nam thật rực rỡ\".\n\nĐấyyyyy. Phải có thế đấy. Trân trọng, nghiêm túc, đầy tự hào và tràn ngập yêu thương. Các anh cứ như thế này thì xứng đáng có 2 tình yêu to bự trong cuộc đời luôn: Tình yêu của nàng và tình yêu của Tổ quốc 🇻🇳🫡 \n\nChúc hai bạn luôn hạnh phúc mãi về sau, và sẽ có một kỉ niệm hẹn hò thật đáng nhớ nhá! ❤️\n\n-\nChia sẻ từ bạn: em Tú (nicktothepritothevate)",
        "image": "https://scontent.fsgn2-8.fna.fbcdn.net/v/t39.30808-6/492658568_1251094856382900_3325912992296180038_n.jpg?stp=dst-jpg_s480x480_tt6&_nc_cat=102&ccb=1-7&_nc_sid=127cfc&_nc_eui2=AeHmJn5GUYZhrsLXDsl98wmm0N4VI_aP28_Q3hUj9o_bz6xPrbDw7uYDmXl-Hlk-TWkRpnunynZkmrDdF1oJJTpu&_nc_ohc=z-esvxG2eGAQ7kNvwFMDIsN&_nc_oc=Adk572M7qnZ9IcVYOL72GZnxoTyeCaOGpxTxQEjD4qj9sEcx4NpyoSo2EiNL7WjfAiEB_d-YMt_R1DaVWWXkj3Cd&_nc_zt=23&_nc_ht=scontent.fsgn2-8.fna&_nc_gid=D_WPOLE9x-S7VS1FxOQcLA&oh=00_AfFv6nCL5HOzUQix0Ua6PYRIUb2jreQr0KfcHLdjDxk-Cg&oe=68162FC8"
    },
    {
        "caption": "Đạo diễn Nguyễn Quang Dũng vừa chia sẻ về cơn nhồi 🩸 cơ tim nguy kịch mà anh đã trải qua vào ngày 24/4.\n\nAnh kể lại, giữa tháng 3, trong một buổi sáng làm việc với ba cuộc hẹn cà phê liên tiếp, đến cuộc hẹn cuối cùng, anh đột ngột cảm thấy tức ngực và nóng rát. Ban đầu, anh chủ quan cho rằng có thể do ăn đồ nóng, uống nhiều cà phê hoặc do đau cơ sau một thời gian dài không chơi golf.\n\nMặc dù hàng năm đều đi khám tổng quát và các chỉ số sức khỏe vẫn ổn, nhưng năm nay do bận rộn và chủ quan, anh đã trì hoãn việc khám lại theo lịch hẹn 6 tháng của bảo hiểm.\n\nSau khi về nhà nghỉ ngơi không thấy đỡ, đến tối cơn tức ngực tái phát. Anh định đi cấp cứu nhưng vì trời tối muộn và đã có lịch khám tổng quát vào ngày hôm sau nên anh quyết định nghỉ ngơi thêm. Sáng hôm sau, anh đến bệnh viện khám như thường lệ. Sau khi thực hiện các xét nghiệm, bác sĩ thông báo chỉ số men tim của anh rất cao, cho thấy anh bị hội chứng vành cấp và nhồi 🩸 cơ tim cấp. Kết quả chụp mạch vành cho thấy một nhánh mạch chính nuôi tim của anh đã bị tắc hoàn toàn, hai nhánh còn lại cũng bị hẹp.\n\nRất may mắn, đạo diễn đã được cấp cứu kịp thời và đặt stent để thông mạch 🩸. Sau thời gian điều trị tại bệnh viện, sức khỏe của anh đã phục hồi và ổn định, hiện đang chuẩn bị trở lại công việc và cuộc sống bình thường.",
        "image": "https://scontent.fsgn2-3.fna.fbcdn.net/v/t39.30808-6/492198656_1251000326392353_4502155981157801618_n.jpg?stp=dst-jpg_s480x480_tt6&_nc_cat=107&ccb=1-7&_nc_sid=127cfc&_nc_eui2=AeEesry37VLUBAemeiICECUEwX0kLWqhfn3BfSQtaqF-fSN5qbxVqCu_FhXzQUnp45_6cDI3xFtwcDenuJX4bEDJ&_nc_ohc=s7ta0xaFtHwQ7kNvwHtMozi&_nc_oc=AdmxeovF6h2Xa_dpP_IC0FbdoScFMl1C5pDTWH3iPSrwXNn1LGQHqOKhF2HeNUbQODr_MX4iiLw0w3f3jRejauim&_nc_zt=23&_nc_ht=scontent.fsgn2-3.fna&_nc_gid=7z1sIER_5fniZWUNdIz0pA&oh=00_AfEgTnXlsWGTXBqv5KKKmLKVUQnj1T9xqZe5G0JfhQQWwg&oe=681640A2"
    },
    {
        "caption": "CHIẾN THUẬT \"ĐÁNH ÚP\" CỦA CỤ ÔNG: CHUYỆN LỚN PHẢI QUYẾT LUÔN.\n\n\"Năm đấy ông cố mình là bác sĩ quân y. Bà gặp ông trong 1 lần ốm thập tử nhất sinh tại chiến trường và được ông cứu chữa.\n\nSau này bà kể, ông viết cho bà 50 lá thư bà vẫn chưa đồng ý. Thế là tự dưng 1 hôm có thư ở nhà gửi lên bảo bà về gấp có chuyện quan trọng. Vừa về tới nhà đã thấy 2 bên họ hàng chuẩn bị cỗ bàn, bà vào thay đồ cưới xong ông qua rước dâu luôn 😂\n\nXong bà còn kể, đầu tiên là giấu nhà không cho biết đâu. Mà kiểu gì ông vẫn điều tra được quê, xong đạp xe về để hỏi rồi tìm ra nhà cửa. Lúc đấy bà vẫn ở trên chiến khu, ông đã ở nhà vào chào hỏi lân la làm quen bố mẹ vợ rồi.\n\nTán mãi không được nên ông về thẳng quê nói chuyện và đòi cưới luôn\".\n\nChia sẻ bởi jjmmy. Ny",
        "image": "https://scontent.fsgn2-3.fna.fbcdn.net/v/t39.30808-6/492001069_1250950306397355_2760309883957355880_n.jpg?stp=dst-jpg_p480x480_tt6&_nc_cat=107&ccb=1-7&_nc_sid=127cfc&_nc_eui2=AeFOup2P5vhOKfmCLZzTOe3KHAUbeqFUM2wcBRt6oVQzbNvCYPkSAoX-9VGLqfww1kUAVCccz23q8KjIwk_lflHQ&_nc_ohc=-xlkGYPwVAIQ7kNvwGxj-kc&_nc_oc=Adm50JYfFOwh6BkEee2gHKUmgOGc7MJSaHv7ouByOk65GTW8Pq6zimEFa0mhnvJdkorE6peL9HqbykYxJd71zLGB&_nc_zt=23&_nc_ht=scontent.fsgn2-3.fna&_nc_gid=7z1sIER_5fniZWUNdIz0pA&oh=00_AfG4v0nhnjeOhMiqiE8nZKLnHR6PRdzcZTse4q72guZC2A&oe=68162EC5"
    },
    {
        "caption": "Tối ngày 23/4, sự kiện ra mắt Bảng xếp hạng chính thức tại Việt Nam (The Official Vietnam Chart) đã chính thức diễn ra. Đây là bảng xếp hạng âm nhạc do Liên đoàn Công nghiệp Ghi âm Quốc tế (IFPI) quản lý, nằm trong hệ thống Official Southeast Asia Charts – một nền tảng mới dành cho thị trường Đông Nam Á, tổng hợp các ca khúc được yêu thích nhất tại Việt Nam, Thái Lan, Indonesia, Philippines, Malaysia và Singapore.\n\nTại sự kiện, ngoài việc công bố bảng xếp hạng, IFPI cũng đã vinh danh và trao giải cho các nghệ sĩ và ca khúc có thành tích nổi bật trong năm 2024. Trong đó:\n\n🔥 Top 10 Nghệ sĩ Việt Nam trong 2024:\n\n1. Sơn Tùng M-TP\n2. HIEUTHUHAI\n3. Vũ. \n4. tlinh\n5. LowG\n6. Wren Evans\n7. Đen \n8. RHYDER\n9. ITSNK\n10. MCK\n\n🔥 Top 10 Ca khúc Việt Nam 2024:\n\n1. Đừng Làm Trái Tim Anh Đau - Sơn Tùng M-TP\n2. Chúng Ta Của Tương Lai - Sơn Tùng M-TP\n3. Những Lời Hứa Bỏ Quên - Vũ.\n4. Bạn Đời - Karik ft. GDucky\n5. Chịu Cách Mình Nói Thua - RHYDER ft. BAN x COOLKID\n6. Từng Là - Vũ Cát Tường\n7. Từng Quen - Wren Evans\n8. Buồn Hay Vui - VSOUL x MCK x Obito x Ronboogz x Boyzed \n9. Ngày Đẹp Trời Để Nói Chia Tay - Lou Hoàng\n10. Sau Cơn Mưa - COOLKID",
        "image": "https://scontent.fsgn2-8.fna.fbcdn.net/v/t39.30808-6/492018477_1250559219769797_4466107032303542890_n.jpg?stp=dst-jpg_s480x480_tt6&_nc_cat=102&ccb=1-7&_nc_sid=127cfc&_nc_eui2=AeGpMOWibj2PvTqRq9ZmurWKzCcs0ev5f6TMJyzR6_l_pKQzGZo7-47kD5x6tNvk3ICPqOuLmArctwq3cqQcvf-E&_nc_ohc=BcOSUk0YquAQ7kNvwGKXnVB&_nc_oc=AdklNIcyczgGWNzcw_pJsRrFs1yJuyY6mmSbEbHwSjyiHYJRDdTkcKywfUMFRlw-dYRhbtLLpDRyegAh5Wo14ANM&_nc_zt=23&_nc_ht=scontent.fsgn2-8.fna&_nc_gid=7z1sIER_5fniZWUNdIz0pA&oh=00_AfEvWKYGX8n5_z2uCYlfLsewNos-jmuW4Ztq4P7NkmvRUA&oe=681619B1"
    },
    {
        "caption": "Một tài khoản trên Threads có tên Wunskii đã chia sẻ cách xem trực tiếp buổi tổng hợp luyện diễu binh, diễu hành tối qua một cách tiện lợi. \n\nThay vì phải đến sớm, chịu cảnh chen lấn để tìm vị trí quan sát đẹp, người này đã tận dụng camera giao thông được tích hợp trên cổng thông tin giao thông của TP. Hồ Chí Minh để theo dõi sự kiện.",
        "image": "https://scontent.fsgn2-3.fna.fbcdn.net/v/t39.30808-6/492069697_1250190546473331_469632911321136721_n.jpg?stp=dst-jpg_s480x480_tt6&_nc_cat=107&ccb=1-7&_nc_sid=127cfc&_nc_eui2=AeHHqR1Ibx13rivzEbi0Pq2_NdfUNmTyCQs119Q2ZPIJC9OabrPdGvCiJKtPyhWWTHNTw9NUTza_mX44vd1gTAC9&_nc_ohc=BzFNXJJcIWQQ7kNvwG8s_02&_nc_oc=AdnYK6iGamkiDJcG-A_q0e0e0gQMam-sCs_GmqItrjlOzaer3ok3ixUn9LIJfJg30VyobYlrH48xv6qwhzEZVmYH&_nc_zt=23&_nc_ht=scontent.fsgn2-3.fna&_nc_gid=_KzlLSorZ6wdMFPvSK3HMg&oh=00_AfGIyzOgZKeH-EbPynzSWkMomXoRBgHiV7jn651nhIxbtg&oe=681643E5"
    },
    {
        "caption": "Theo kế hoạch tổ chức Lễ kỷ niệm cấp quốc gia 50 năm ngày Giải phóng miền Nam, thống nhất đất nước (30.4.1975 – 30.4.2025), lực lượng pháo lễ sẽ thực hiện nghi thức b-ắn ph-áo chào mừng bằng 18 khẩu pháo 105mm, trong đó có 15 khẩu sử dụng chính thức và 3 khẩu dự bị để thực hiện màn b-ắn chào mừng trang trọng.\n\nTheo kế hoạch, đại bác sẽ được b-ắn vào lúc 19h ngày 25.4, 7h ngày 27.4 và 7h ngày 30.4 tại Công viên Bến Bạch Đằng. 30.4 là ngày chính thức diễn ra các hoạt động chào mừng 50 năm ngày Giải phóng miền Nam, thống nhất đất nước\n\n(Theo: Lao Động).",
        "image": "https://scontent.fsgn2-9.fna.fbcdn.net/v/t39.30808-6/491967540_1250128739812845_7313361052661179597_n.jpg?stp=dst-jpg_s480x480_tt6&_nc_cat=106&ccb=1-7&_nc_sid=127cfc&_nc_eui2=AeGKVDSSqg2OfxrqTaVvFSTDWg_e4t4kZQRaD97i3iRlBCwrlgWRSJoWFp1eFI-l1g3poLeSjje8U3vJb1VEcraD&_nc_ohc=NFTFlLrEMysQ7kNvwHkWMCH&_nc_oc=AdnDWOEIkk1Nn7pDwU9FDFwsYZ7RqeotjMq31mfL8hNxhrSb7YxNMfKCh17vqT96EgHaxfZcxk_G9rMc-Spp0aBM&_nc_zt=23&_nc_ht=scontent.fsgn2-9.fna&_nc_gid=_KzlLSorZ6wdMFPvSK3HMg&oh=00_AfF0HiacDry0OsURLJzU3oR_zWNgzKH5TmfGlkXPOFtqeg&oe=681635A9"
    },
    {
        "caption": "🥵 Thời tiết TPHCM tiếp diễn nắng nóng với mức nhiệt cao nhất 35 độ C. Do nắng nóng nhiều ngày nền nhiệt tích tụ và ít mưa nên nhiệt độ cảm nhận hay còn gọi là nhiệt độ ngoài trời hôm nay ở thành phố có thể tăng vọt đến 53 độ.\n\nTheo: Vietnamnet.",
        "image": "https://scontent.fsgn2-9.fna.fbcdn.net/v/t39.30808-6/492233000_1250096989816020_654609436509919189_n.jpg?stp=dst-jpg_s480x480_tt6&_nc_cat=106&ccb=1-7&_nc_sid=127cfc&_nc_eui2=AeEEf93bJNpHwbFx_MLZ0y25lJDr__rVpZaUkOv_-tWllipazilMsZqDcy_plY3FQAuBvuNbq7JGuOlXizwjAZKi&_nc_ohc=wgW_exV2334Q7kNvwGj3Kwm&_nc_oc=AdnL-QQKLtPz4HxOb_dGDcBigvbe-e8ni4IUE-wtLVkq1oNBTyIXeuJZL5rIxmbJvPln7IaICa7kannvWkGj1vrV&_nc_zt=23&_nc_ht=scontent.fsgn2-9.fna&_nc_gid=_KzlLSorZ6wdMFPvSK3HMg&oh=00_AfE2Y_o0Xz0Yb3gOcg8PJjSV9z15VgCZTMrifQvNNrL8cg&oe=68161BE9"
    },
    {
        "caption": "Xuất phát từ TP Vinh từ 10h sáng 17-4, trên chiếc xe máy đã cũ, ông Thanh bắt đầu hành trình của mình. Ngoài hành trang là các vật dụng, đồ dùng cá nhân, ông còn mang theo cả bếp, xoong nồi, bộ dụng cụ sửa xe máy, bình đun nước nóng và lá cờ Tổ quốc được ông dựng sau xe.\n\nHành trình xuyên qua suốt dải đất miền Trung đầy nắng gió. Ông kể trời nắng nóng nên chuyến rất cực nhọc, nhất là vào buổi trưa, cơ thể rất mệt mỏi.\n\n\"Đoạn đường khó khăn nhất có lẽ là khi đi qua những cung đường đèo, như đèo Ngang và đèo Hải Vân. Tuổi tôi đã cao nên không còn nhanh nhạy, lái xe qua các cung đường này rất khó\", ông Thanh kể.\n\nĐặc biệt khi qua đoạn đèo Hải Vân, xe không may tắt máy. May mắn, lúc xuống đèo đã được người dân xung quanh nhìn thấy, giúp đỡ.\n\nKhông chỉ ở đó, xuyên suốt quãng đường đã qua, những khi đến những đoạn đường khó khăn, mệt mỏi hay thiếu đồ ăn, thức uống, ông đều nhận được sự quan tâm, giúp đỡ của người dân.\n\nNói về lý do chọn xe máy thay vì các phương tiện khác, ông Thanh cho biết đi xe máy là một cách để ngắm nhìn đất nước, ngắm sự thay đổi 50 năm qua, kể từ ngày đất nước thống nhất, giành được độc lập, tự do.\n\n\"Tôi thấy mình như một người lính giải phóng năm xưa, tiến vào miền Nam vì hòa bình đất nước. Được đến lễ diễu binh, diễu hành dịp trọng đại này chính là động lực để một cựu chiến binh như tôi vượt qua được hành trình khó khăn\", ông Thanh bộc bạch.\n\n(Theo: Tuổi Trẻ).",
        "image": "https://scontent.fsgn2-11.fna.fbcdn.net/v/t39.30808-6/491406165_1249805759845143_5717858999107412673_n.jpg?stp=dst-jpg_s480x480_tt6&_nc_cat=105&ccb=1-7&_nc_sid=127cfc&_nc_eui2=AeHIu0SZm4DSFta1cvZU068ueezom0NTdyx57OibQ1N3LKMOhnFc3lkcK7Qs8Ab9wMU78T4d55AB45j8Aq6E1V-R&_nc_ohc=lu2IOW6bkk0Q7kNvwGDXIjO&_nc_oc=Adn53AAHSk99Yyru_mTFF1gG7Qf_CYTLcbyhLuELJKHHIQP_aEOMOrOJsV3UD_4pXRW_PAeioDw5WPviiM4BSMdQ&_nc_zt=23&_nc_ht=scontent.fsgn2-11.fna&_nc_gid=lj4GfQKrf4SNs_WbP7TGjQ&oh=00_AfEtPRZa2yJAq3X8ubwiVOUOxfYqwpv2DTmcWm3uJhZx0A&oe=68163894"
    },
    {
        "caption": "Trang fanpage chính thức của thương hiệu thời trang DIOR vừa có động thái bất ngờ liên quan đến \"Friend of House\" Thùy Tiên. Cụ thể, vào ngày hôm nay (22/4), hình ảnh của Hoa hậu Thùy Tiên đã được hiển thị trở lại trên trang này. \n\nTrước đó, tấm ảnh này đã bị ẩn đi, đồng thời tên của cô cũng bị xóa khỏi bài đăng. Hiện vẫn chưa rõ nguyên nhân của sự thay đổi này từ phía DIOR.",
        "image": "https://scontent.fsgn2-3.fna.fbcdn.net/v/t39.30808-6/491964992_1249773869848332_3519896850446740639_n.jpg?stp=dst-jpg_s480x480_tt6&_nc_cat=107&ccb=1-7&_nc_sid=127cfc&_nc_eui2=AeGeN8Qzv6hfUoB6eKAHiMKMC63B_aoEzeALrcH9qgTN4NDXDZtojEJKiWfNg85AJ-bIEeTT3-lpuITt2gUhUNZa&_nc_ohc=SWy64mJkAnUQ7kNvwE6tP0Z&_nc_oc=AdkhLEZPNUe_sMfL1BUJ-BZ4PNhUoYUoVAIGKLNu9Mms_ZduAUC7rDtiFbQBg16HLqCCcT5uZ7NTY2kw00x7NvCR&_nc_zt=23&_nc_ht=scontent.fsgn2-3.fna&_nc_gid=lj4GfQKrf4SNs_WbP7TGjQ&oh=00_AfESRRmX2TXfy0bgyW3xdCLnZV9iCuPKG8M5Jn6_jZY38g&oe=6816147D"
    },
    {
        "caption": "NHỮNG AI CÒN ĐANG DO DỰ, ĐẮN ĐO THÌ:\n\n(Ảnh: Khac Bao)",
        "image": "https://scontent.fsgn2-11.fna.fbcdn.net/v/t39.30808-6/491789672_1249762396516146_6158128993553056057_n.jpg?stp=dst-jpg_s600x600_tt6&_nc_cat=105&ccb=1-7&_nc_sid=127cfc&_nc_eui2=AeF4RBZgxgOZf573allomWzHre0mv5ZdsfOt7Sa_ll2x8zyXVOeyVU9xiJJEEd1RivdOzUwksE4FSMjlpbzpnf_2&_nc_ohc=NOy5Pp6zMKAQ7kNvwFK_ES_&_nc_oc=AdlYrt73Ujf2K9Co6UABGb6QWKO8zyUgF5Prb6pwSvQrax8yLc6b2-wW3cn097rYhTdpRyU8IlrAF2idLpOKlBuU&_nc_zt=23&_nc_ht=scontent.fsgn2-11.fna&_nc_gid=u1bdG-4Iv9Pxs4oyrfMVyw&oh=00_AfFEu3kE_DloJAAZeLwDgmH2OgbHIaMdqCfADE-tzpuCpg&oe=681634F6"
    },
    {
        "caption": "Phản hồi thông tin trên với VnExpress, đại diện Mercedes Việt Nam cho biết \"con chuột chịu trách nhiệm hình sự\" không phải là phát ngôn chính thức của thương hiệu, và hãng không ủy quyền cho bất kỳ cá nhân hay tổ chức nào đại diện hãng đưa ra nhận định trên.\n\nBên cạnh đó khi sự việc xảy ra, Mercedes Việt Nam cùng nhà phân phối và các bên liên quan đã kiểm tra xác định nguyên nhân sự cố ch-áy, với sự tham gia của các chuyên gia kỹ thuật trong và ngoài nước, có sự chứng kiến của chủ xe. \n\nHãng nhấn mạnh nguyên nhân gây cháy đến từ sự xâm nhập của loài gặm nhấm, không phải lỗi kỹ thuật của xe. \"Kết luận này tương đồng với đánh giá của phía bảo hiểm của xe, do đó hãng bảo hiểm đã đồng ý chi trả khoản bồi thường theo quy định\", hãng xe Đức cho biết.",
        "image": "https://scontent.fsgn2-8.fna.fbcdn.net/v/t39.30808-6/491997341_1249709946521391_6820297285203819448_n.jpg?stp=dst-jpg_s480x480_tt6&_nc_cat=102&ccb=1-7&_nc_sid=127cfc&_nc_eui2=AeE6cebI2pbso3sYofzo8KSRYYPVs8sBFslhg9WzywEWyX_4bMuce4jsmedLsmvFqmuzOX8SfOkvLUqXru-SdZ00&_nc_ohc=dTzwXUbR-6YQ7kNvwGwWXm9&_nc_oc=AdmVy3DmygX5gDs6Ar-ALyPhTl91ygKNTEB8JRROZXXGCchX4_LeFNnvIz41KD6T2HUWKHfNmoFSsNc0gDsIMAVR&_nc_zt=23&_nc_ht=scontent.fsgn2-8.fna&_nc_gid=u1bdG-4Iv9Pxs4oyrfMVyw&oh=00_AfE4izxGKCIueZQx_hcPnVftS8g6yJlriwYtwx-eUyUVVg&oe=68160D8F"
    },
    {
        "caption": "Giờ thì không còn là đồn đoán nữa! King of Energy Drink RED BULL 🤝 King of V-Pop SƠN TÙNG M-TP chính thức về chung một nhà! \n\nĐúng là \"cái bắt tay giữa hai nhà vua\" - một của năng lượng khuấy đảo, một của âm nhạc thống lĩnh! Sự kết hợp này đúng là KINGS! \n\nAe nào đoán trúng deal anh Tùng làm đại sứ vô đây ăn mừng cùng nhau nào. \n\n#RedBull #BanlinhtoicungHucToiDi #RedBullxSonTungMTP",
        "image": "https://scontent.fsgn2-4.fna.fbcdn.net/v/t39.30808-6/492230838_1249633009862418_1345906177491623331_n.jpg?stp=dst-jpg_s480x480_tt6&_nc_cat=101&ccb=1-7&_nc_sid=127cfc&_nc_eui2=AeEHwsnoylf9jbMk2Uol-iGuWAm0NMR3KBpYCbQ0xHcoGhvLrMmcWubnH30eyHHBUA4p_1JHdHVLZg7QWJSM0jkx&_nc_ohc=IPpKC88-jycQ7kNvwGw-fih&_nc_oc=AdkaSt20FH5BKGYy5XzW7iMHabeXgDWtOl7OcaGhIhHLwPzPsjRwZ6Cg67RAY4lKuL2SXFRXe8AMr-2190v8xNiG&_nc_zt=23&_nc_ht=scontent.fsgn2-4.fna&_nc_gid=J1QT1gl1Zon59dI_yEwFRg&oh=00_AfHOIvZhZ8BRbg-6Tiidjf5OMajwo6e0ohdabdHNioSLgg&oe=681626AF"
    },
    {
        "caption": "Từ bản nhạc đánh dấu 7 năm đồng hành của SpaceSpeakers, “Vinh Quang Đang Chờ Ta” được sáng tác và hoà âm phối khí bởi Touliver và Rhymastic đã vang lên tại chương trình “Ký Ức Để Lại” ngày 19/04 – kỷ niệm 50 năm Giải phóng Miền Nam, Thống Nhất Đất Nước.\n\nChỉ một ngày sau, SOOBIN, Cường Seven, Kiên Ứng cùng nhóm “Anh Trai Vượt Ngàn Chông Gai” đã góp mặt trong chương trình “Đất Nước Trọn Niềm Vui” thuộc cùng chuỗi sự kiện trọng đại.\n\nChương trình có sự tham gia của: Tổng Bí thư Tô Lâm, Bí thư Quân ủy Trung ương; nguyên Chủ tịch nước Nguyễn Minh Triết; nguyên Thủ tướng Nguyễn Tấn Dũng, cùng các Ủy viên Bộ Chính trị.",
        "image": "https://scontent.fsgn2-9.fna.fbcdn.net/v/t39.30808-6/492258045_1249593499866369_8857997415329141382_n.jpg?stp=dst-jpg_s480x480_tt6&_nc_cat=106&ccb=1-7&_nc_sid=127cfc&_nc_eui2=AeEx2Q72j1sXwtiM1lTHfM22eQ5kl8ZOvsZ5DmSXxk6-xoZPbCvjjk4LAvusZyIDdZJpHgcBAVMEHAVP7d-YLrD3&_nc_ohc=LU-kYu0K7H4Q7kNvwHfKuWD&_nc_oc=AdmdgWA269QH4FUd_8hNG9MKgwOlroFb8TAGlYzs6s-dMaM0y4JUPr_MQbnoOnPydEsoH-Wqp-ExTNw242aFeLo6&_nc_zt=23&_nc_ht=scontent.fsgn2-9.fna&_nc_gid=J1QT1gl1Zon59dI_yEwFRg&oh=00_AfFok8k3rbPMTLHN_cX6z4aUmWnnuQnU6JC_Pp1r1MoCfw&oe=681622BD"
    },
    {
        "caption": "Sự đầu tư bối cảnh ngày càng chỉn chu của đạo diện Lý Hải và ekip qua 3 phần Lật Mặt gần đây.\n\nLật Mặt 8: Vòng Tay Nắng\nSuất chiếu đặc biệt cả ngày 27,28,29/04/2025 trên toàn quốc.\nKhởi chiếu 30.04.2025 | Mở bán vé toàn quốc từ 18.04.2025 online và tại rạp.",
        "image": "https://scontent.fsgn2-4.fna.fbcdn.net/v/t39.30808-6/491956400_1249605383198514_5511731959522506275_n.jpg?stp=dst-jpg_s480x480_tt6&_nc_cat=101&ccb=1-7&_nc_sid=127cfc&_nc_eui2=AeGLB8YZi1uvQZGvaXZ5yqcAKJqDB2tyDAcomoMHa3IMB_f5BTTRODiMN9aWj4QIJefhesOlsfTrfHslsNDQwbpq&_nc_ohc=GO7YMDRRycIQ7kNvwFG-UDC&_nc_oc=AdlpMLBbsUsDG_xXf-jNDswO4MMY8iGghG1SNY2gAhwlRD1d69wWCoTbP27E0TgqRVNzqVgHpi2SZoVtnZ-JFzp_&_nc_zt=23&_nc_ht=scontent.fsgn2-4.fna&_nc_gid=J1QT1gl1Zon59dI_yEwFRg&oh=00_AfErubvL8cZ-G-I-ib40Tw1fCH4NnHOKlLu_Y9-cQ2Cg5w&oe=6816120C"
    },
    {
        "caption": "Mới đây, Duy Mạnh kể về chiếc xe ô tô Đức trị giá hơn 5 tỷ đồng của mình, còn trong thời gian bảo hành, bất ngờ bốc ch-áy khi đang đỗ ở bãi xe chung cư. Dù đã liên hệ hotline, hãng xe không cử nhân viên đến hỗ trợ kịp thời, khiến lửa bùng phát mạnh hơn. Sau khi dập tắt, công an đã niêm phong và điều tra nguyên nhân vụ ch-áy, kết luận là do chập điện.\n\nTuy nhiên, hãng xe lại cho rằng nguyên nhân ch-áy là do chuột cắn, dựa trên việc phát hiện phân chuột, lá cây và vết cắn trong xe sau đó. Duy Mạnh không đồng ý, cho rằng điều này vô lý vì xe mới, chạy thường xuyên, capo nóng nên chuột khó có thể sống và cắn phá. Anh cũng nghi ngờ việc xe ch-áy đen nhưng vẫn còn dấu vết chuột và rác. Xe hiện đại của anh cũng không hề báo lỗi trước khi sự cố xảy ra.\n\nBảo hiểm đã bồi thường dựa trên kết luận của công an. Duy Mạnh rất bức xúc trước sự tắc trách của hãng xe khi không hỗ trợ dập lửa kịp thời và đổ lỗi cho chuột. Tại cuộc hòa giải ở tòa, khi anh hỏi về trách nhiệm nếu xe ch-áy lan ra chung cư, hãng xe trả lời \"con chuột chịu trách nhiệm\". Duy Mạnh đã đặt câu hỏi ngược lại về việc con chuột có bị bắt hay không, nhấn mạnh việc mua xe để đảm bảo an toàn nhưng xe lại tự bốc c-háy khi đã tắt máy và ngắt điện. \n\nDo hòa giải không thành công, vụ kiện sẽ được giải quyết vào ngày 25/4, và Duy Mạnh yêu cầu hãng xe giải thích rõ ràng về nguyên nhân sự cố này.",
        "image": "https://scontent.fsgn2-7.fna.fbcdn.net/v/t39.30808-6/491999699_1249530066539379_103417057677755962_n.jpg?stp=dst-jpg_s480x480_tt6&_nc_cat=108&ccb=1-7&_nc_sid=127cfc&_nc_eui2=AeEDHyjIwjKHja7tvzAmMHpELhOd8nUVLPYuE53ydRUs9iNSZnZ4giR8GwGwWUqFPfrr0yOt-k3rrDLZ0t5PLyBv&_nc_ohc=SYajglcvEX4Q7kNvwGlMMR0&_nc_oc=Adlb4JLhdWecEa5EWb-shspVUz_hnalX61Xw_BPXlKE-j_FflZaDNIoLqv62YND3GVLxTwOsVoDDajG1ackP_TDs&_nc_zt=23&_nc_ht=scontent.fsgn2-7.fna&_nc_gid=mq_OY6dV0TxMs0nfi246QQ&oh=00_AfH7Fb0Mn7U1lxJco5LxQ1SSjH6_ttrv_9ut5f035JnBsg&oe=68162392"
    },
    {
        "caption": "Khi bạn đã quá lười để tạo acc clone:",
        "image": "https://scontent.fsgn2-3.fna.fbcdn.net/v/t39.30808-6/492508046_1249456589880060_97175820564602863_n.jpg?stp=dst-jpg_s480x480_tt6&_nc_cat=107&ccb=1-7&_nc_sid=127cfc&_nc_eui2=AeGnT_cugZ4C18xK2-6ZK98VE3wU7zjl2cYTfBTvOOXZxsJR2P2DU28ftUSN3LPS9x33G85KteWXdghT3kxRcJqe&_nc_ohc=6JUHN8FP-MIQ7kNvwHv0EFw&_nc_oc=Adnzdth_nUB7qVQF2RbVZvjnUo2oScZcbsKSALrxx7UcabzvkDijmWA9MsYeKPZ7yBGGSSzv-oR1mVeFKhcVOgZD&_nc_zt=23&_nc_ht=scontent.fsgn2-3.fna&_nc_gid=mq_OY6dV0TxMs0nfi246QQ&oh=00_AfHUK7OQ2w2evQqpSZ-l0W2_VFkgpYwRSm3hDZI21kOJrA&oe=681632D3"
    },
    {
        "caption": "🇻🇳🥰 TP.HCM CHÚ Ý: Trực thăng và máy bay chiến đấu chuẩn bị bay lượn diễn tập trên bầu trời thành phố TP.HCM vào hôm nay (22/4). Tìm một góc thật đẹp, thoáng đãng, cùng nhìn ngắm vẻ đẹp của hoà bình cả nhà nhé \n\nẢnh: Anh Tú",
        "image": "https://scontent.fsgn2-8.fna.fbcdn.net/v/t39.30808-6/491646823_1249320666560319_7577495399196410028_n.jpg?stp=dst-jpg_s720x720_tt6&_nc_cat=102&ccb=1-7&_nc_sid=127cfc&_nc_eui2=AeFPDbeSX2hneT8UpviN6lsflP0wq7-INo2U_TCrv4g2jWWwpTSTG84mW3glD8sBG3Bw8hdCsgOU21AqQLwzMr2I&_nc_ohc=-SuG1qJ5kAgQ7kNvwE9mgAV&_nc_oc=AdmS6mJ5PfCzKwF36CQ0FXk-JmHjt0grhxgLPSgWiyTankis9vWTsHUuz7jF8mBR-xq5D7oFAwR0MyP8QFXr_K44&_nc_zt=23&_nc_ht=scontent.fsgn2-8.fna&_nc_gid=mq_OY6dV0TxMs0nfi246QQ&oh=00_AfEDf7UpTjYJKOEMv5F0YO5is4AsQ9UeFOiqS2jVxc08IQ&oe=68163BCA"
    },
    {
        "caption": "🇻🇳 Chiều qua (21/4), cụ Thanh đã nghỉ ngơi ở quán cà phê võng thuộc thị xã Sông Cầu, tỉnh Phú Yên - chỉ còn khoảng 500km nữa là đến TP. HCM. \n\nChúc cụ thượng lộ bình an, chúng con đợi cụ! 🥰\n\nẢnh: Phan Văn Vươn",
        "image": "https://scontent.fsgn2-11.fna.fbcdn.net/v/t39.30808-6/492001867_1249298589895860_4127797896160877117_n.jpg?stp=c0.289.1080.564a_dst-jpg_s1080x563_tt6&_nc_cat=105&ccb=1-7&_nc_sid=833d8c&_nc_eui2=AeFb1rSgOk0me6tlM3zx5h23_z_Mp2pleSL_P8ynamV5IvJExm6_6BEzcp1s4jdbim9Me9Ps_gufSFu_iuHS4ldN&_nc_ohc=uKn19jCJhKQQ7kNvwELv57Y&_nc_oc=AdnQZtlIxGmHEN9gw7oAh8k66w3CAWsr1BjIFup-nMSnOrLt6EYEAIWwbRXEYMZJI3SJo7N-nCHJYysQzRgq0_9N&_nc_zt=23&_nc_ht=scontent.fsgn2-11.fna&_nc_gid=H5ded1vBJKbCkmobMoO61g&oh=00_AfG821rGylRT716-EIu-V4V3gPc-6bEmcykFaQLX5UcZkA&oe=68163F8E"
    },
    {
        "caption": "LISA xả ảnh ôm JENNIE trong hậu trường Coachella 2025 tuần 2 🖤💖",
        "image": "https://scontent.fsgn2-9.fna.fbcdn.net/v/t39.30808-6/492000335_1249284406563945_1041119508825525787_n.jpg?stp=dst-jpg_s600x600_tt6&_nc_cat=103&ccb=1-7&_nc_sid=833d8c&_nc_eui2=AeHeLG6FCIhamlwDPjYHDsLwLSYae528DtstJhp7nbwO2wLKrGz9RNdrp7FHQlNQIIx8JZ5m12Mz8H8kD8PqccxJ&_nc_ohc=A4w1cOCWU4sQ7kNvwECAAuo&_nc_oc=Admg6bSdfxYOZUC1OLVGOSG1G3ekYUGZq_UkpVxpfzCE233bR84yqmLslPm1CTygLDMAL4oAQ96qo1ZKc63vlpTZ&_nc_zt=23&_nc_ht=scontent.fsgn2-9.fna&_nc_gid=H5ded1vBJKbCkmobMoO61g&oh=00_AfGtJy6mF2oqQdcpu_YvPGTl7xlsuGGZz7iT-04ixjA_PA&oe=68161963"
    },
    {
        "caption": "Theo đó, với chương trình chính luận nghệ thuật “Hẹn ước Bắc Nam”, tổ chức 1 điểm bắn, 1 trận địa bắn pháo hoa tầm cao kết hợp pháo hoa tầm thấp và hỏa thuật tại khu vực đường đua F1 (phường Phú Đô, quận Nam Từ Liêm).\n\nThời gian dự kiến từ 21h45 - 22h ngày 22/4.\n\nVới chương trình Cầu truyền hình trực tiếp “Vang mãi khúc khải hoàn” tổ chức 1 điểm bắn, 1 trận địa bắn pháo hoa tầm cao kết hợp pháo hoa tầm thấp tại khu vực sân khấu đa năng Công viên Thống Nhất (phường Lê Đại Hành, quận Hai Bà Trưng).\n\nThời gian dự kiến từ 21h45 - 22h ngày 27/4.\n\n(Theo: Vietnamnet).",
        "image": "https://scontent.fsgn2-8.fna.fbcdn.net/v/t39.30808-6/491954401_1248998029925916_3554114818532265665_n.jpg?stp=dst-jpg_s480x480_tt6&_nc_cat=102&ccb=1-7&_nc_sid=127cfc&_nc_eui2=AeGhGrtS3Mc-Fq4b-WpRoxKSW7UYNaDju-dbtRg1oOO752yqX51jc6V0LNwwx7ButRPhI2oYbnIDgEC-fARtf6ou&_nc_ohc=ikh-n6wXn2AQ7kNvwHsCYjs&_nc_oc=AdnlbQpRyRw9sFQPLneoZGWBULnjEC9Ju9NbTMULVnac28MhyhfCUQ69SdUMWsOYStXYdV6KD7rbmb8Mz8L4DgRy&_nc_zt=23&_nc_ht=scontent.fsgn2-8.fna&_nc_gid=H5ded1vBJKbCkmobMoO61g&oh=00_AfFH8DQHAkOkjfhvK-cyHk9LxiA-2MOE30B7KaK01pu4_A&oe=68163621"
    }
]