[
    {
        "caption": "\"Khối trưởng khối chở loa\" Đào Quang Hà: \"Sự thành công của chuyến đi lần này 90% đến từ chiếc xe đạp, 10% đến từ sự nỗ lực của mình\"\n\nĐào Quang Hà chia sẻ rằng anh cảm tưởng như tất cả mọi sự may mắn của mình trên hành trình này là do chiếc xe đạp Thống nhất của ông ngoại. \"Thậm chí, mình còn nghĩ rằng nếu không đi chiếc xe này thì câu chuyện của mình sẽ không được lan tỏa rộng rãi đến vậy và mọi người cũng không yêu quý mình như bây giờ.\n\nThế nên, có thể nói rằng sự thành công của chuyến đi lần này 90% đến từ chiếc xe đạp, 10% đến từ sự nỗ lực của mình.\n\nChiếc xe quá cũ rồi, nó sẽ hỏng ở bất kỳ quãng đường nào đó, ở bất cứ linh kiện nào. Nhưng, may mắn, suốt chặng hành trình, chiếc xe chỉ hỏng khoảng gần 10 lần, khi hỏng thì đều được các cô chú giúp đỡ liền hoặc dắt đi khoảng 100-200 mét thì đã có tiệm sửa xe\".\n\nNhưng cũng chính bởi vậy mà chiếc xe không còn nguyên vẹn như ban đầu. Mình đã thay một số chi tiết. Song, mình vẫn giữ lại những cái cũ đã hỏng, không vứt đi mà treo trên xe để làm kỷ niệm\".\n\n——————————\n   \n\"Hòa Bình Đẹp Lắm\" - chiến dịch do Trung ương Đoàn TNCS Hồ Chí Minh phối hợp cùng Kenh14.vn thực hiện, nhân kỷ niệm 50 năm Ngày Giải phóng miền Nam, thống nhất đất nước. \n\nHãy cùng nhau sử dụng template CapCut \"Hòa bình đẹp lắm\" (dưới phần bình luận) và lan tỏa Hashtag #hoabinhdeplam – như một cách ghi dấu cảm xúc, kể lại câu chuyện hòa bình dưới góc nhìn của chính bạn với tinh thần  \"Biết ơn – Tự hào – Tiếp nối\"!\n\nVì Hòa Bình Đẹp Lắm và bạn đang sống trong những giây phút tuyệt vời ấy, mỗi ngày.\n\n#hoabinhdeplam #TWDoan #kenh14 #MauCoThongNhat #50namtuhaodantoc #Tuhaongay30thang4",
        "image": "https://scontent.fsgn2-4.fna.fbcdn.net/v/t39.30808-6/494684887_1119076880253310_3751241216488055813_n.jpg?stp=dst-jpg_p480x480_tt6&_nc_cat=1&ccb=1-7&_nc_sid=127cfc&_nc_eui2=AeEErVw81AQabZ2ktfc_jJbowcJOjkvCoPfBwk6OS8Kg9wBX4aVFCBBWP8fSg6xIFYgNUtPdgZZAF8UTQlxd1kkO&_nc_ohc=wzGluYx4bCwQ7kNvwGaK-MN&_nc_oc=Adlj0aa1zaHHffL5iXUDLPmogLwG1VvEQJ1ff8p-X0R69yM735jCv_J_AHLYCQh39r8WRpKy3XyKcH7tuWIQ-UHl&_nc_zt=23&_nc_ht=scontent.fsgn2-4.fna&_nc_gid=_e2bbvdmFulgt0MQXpIwRQ&oh=00_AfGp00NPxnFPqf7IznruJaXjLsilhStbnyBQ7YCUDuYOaA&oe=68162B5C"
    },
    {
        "caption": "Các khối yêu nước đã hội tụ tại TP.HCM để chuẩn bị chào đón lễ kỷ niệm 50 năm Ngày Giải phóng miền Nam, thống nhất đất nước\n\nMột khoảnh khắc đáng chú ý là cuộc gặp gỡ và bắt tay giữa cụ Thanh và \"Khối trưởng khối chở loa\" Đào Quang Hà 🥰\n\nẢnh: Yến Trần",
        "image": "https://scontent.fsgn2-4.fna.fbcdn.net/v/t39.30808-6/494087886_1119059130255085_7768376445881163337_n.jpg?stp=dst-jpg_s480x480_tt6&_nc_cat=1&ccb=1-7&_nc_sid=833d8c&_nc_eui2=AeGlYSs6oqSikPmFednncVV-hsvK_WOtjtCGy8r9Y62O0M0p1gSXT9ZxzmZb6-XZH9xzqb5vlaH2r-Vn2V2XEqaO&_nc_ohc=EGG18vzmltsQ7kNvwH4Y2yl&_nc_oc=Adl7ixjMJO-5pTlRpdElMYgbtJueAHk2gLv4trXQej38ZhgB5Bhig3eslLBQ7n6vQIrU2s2BUBoK37ktISmu9XXc&_nc_zt=23&_nc_ht=scontent.fsgn2-4.fna&_nc_gid=_e2bbvdmFulgt0MQXpIwRQ&oh=00_AfGOskajztSwT18jS9d3knha0dcT6nf5kws8ayPr2CiQNg&oe=6816283A"
    },
    {
        "caption": "‼️ Ngày 22.4, Thanh tra Sở Y tế TP.HCM cho biết đã ban hành quyết định xử phạt vi phạm hành chính trong lĩnh vực y tế đối với với Công ty TNHH Lavender Sài Gòn (61 Trương Định, P.Võ Thị Sáu, Q.3).\n\nTheo đó, Công ty TNHH Lavender Sài Gòn bị xử phạt 30 triệu đồng do quảng cáo có sử dụng các từ ngữ \"nhất\", \"duy nhất\", \"số một\" hoặc từ ngữ có ý nghĩa tương tự mà không có tài liệu hợp pháp chứng minh theo quy định. Thanh tra buộc công ty tháo gỡ những quảng cáo sai phạm này.\n\nTrước đó, năm 2023, Thanh tra Sở Y tế TP.HCM cũng đã ra quyết định xử phạt Công ty TNHH Lavender Sài Gòn 45 triệu đồng vì quảng cáo không phép. Năm 2024 công ty này tiếp tục bị xử phạt 57 triệu đồng, trong đó có hành vi quảng cáo không phép.\n\nTheo: Báo Thanh Niên",
        "image": "https://scontent.fsgn2-11.fna.fbcdn.net/v/t39.30808-6/494695554_1118808816946783_3825117449029958222_n.jpg?stp=dst-jpg_s480x480_tt6&_nc_cat=105&ccb=1-7&_nc_sid=127cfc&_nc_eui2=AeH1D4VwRmpdDziQWtMOIjOY6zLyGgXRKOjrMvIaBdEo6JdY6997QFOQdUavbegettUBGQbx2lrOyA94HOWrlNTu&_nc_ohc=mCwrnNVzAXQQ7kNvwE4wuEd&_nc_oc=AdleacIeNYHnIBNHkeMqWzG9rPWGKjtD5cYSEVCVE0jyVXbZ_5DGlswOTURA7gVJUC-o_EpW1z_5LL5DVPTy3Pi0&_nc_zt=23&_nc_ht=scontent.fsgn2-11.fna&_nc_gid=5kby80FBCoWaD-m_H4zL4g&oh=00_AfEsdhtSJpcsmRS6RCtkrHB1Uy0nbmTkl0IgZnuVVRLEJQ&oe=6815FD9D"
    },
    {
        "caption": "CÙNG THẮP SÁNG NGỌN NẾN TRI ÂN – KHẮC GHI CÔNG ƠN CÁC ANH HÙNG LIỆT SĨ\n\nNăm mươi năm đã trôi qua kể từ ngày non sông thu về một mối, Bắc Nam sum họp một nhà. Ngày 30/4/1975 đã đi vào lịch sử dân tộc như một mốc son chói lọi, một biểu tượng sáng ngời của chủ nghĩa anh hùng cách mạng, của tinh thần đoàn kết, ý chí kiên cường, bất khuất và khát vọng hòa bình của dân tộc Việt Nam.\n\nĐể có được ngày vui thống nhất, dân tộc Việt Nam đã phải đối mặt với muôn vàn gian khổ, hy sinh, mất mát nhưng chưa bao giờ, ý chí về một nước Việt Nam độc lập, thống nhất bị lay chuyển.\n\nHàng triệu người con ưu tú của dân tộc đã anh dũng chiến đấu, hy sinh, biết bao gia đình mất mát người thân, làng mạc, đô thị bị tàn phá, bao thế hệ thanh niên phải tạm gác ước mơ học tập, hoài bão tương lai để lên đường bảo vệ Tổ quốc với lời thề \"chưa hết giặc là ta chưa về\".\n\nĐể thể hiện lòng biết ơn vô hạn và sự tri ân sâu sắc đối với công lao của các anh hùng liệt sĩ, chúng ta hãy cùng thắp sáng \"Ngọn nến tri ân\" trên các nền tảng số bằng cách dưới comment 👇",
        "image": "https://scontent.fsgn2-6.fna.fbcdn.net/v/t39.30808-6/493917225_1118663516961313_6589789664542688090_n.jpg?stp=dst-jpg_s600x600_tt6&_nc_cat=111&ccb=1-7&_nc_sid=127cfc&_nc_eui2=AeFST4hKq5GdNj4RQ-fAXMjvb_ejtR4qakVv96O1HipqRVVCtmELGcQ0NdemUXvBzoEFeyj6IIUAXAretQ1ibOFl&_nc_ohc=0p_zcwAAPzoQ7kNvwHI8qwy&_nc_oc=AdmmOjxofbkQh0JUisWvnthGE3CnGdX8401wf_B1dcCmDiWpy1bh3s6Svw-BwVfRMXiS-LUzOxRf1fvKzDEDgkos&_nc_zt=23&_nc_ht=scontent.fsgn2-6.fna&_nc_gid=nSR0VZ9lkDBWLyXUFc--0Q&oh=00_AfFNLeitkkyi6Z7eB-0G3CwKrN2hebvbh7dDFJTOI-ZOMg&oe=6815FD37"
    },
    {
        "caption": "Thất nghiệp bằng thực lực 🥴",
        "image": "https://scontent.fsgn2-7.fna.fbcdn.net/v/t39.30808-6/493931915_1118661033628228_7948915419952178969_n.jpg?stp=dst-jpg_p480x480_tt6&_nc_cat=108&ccb=1-7&_nc_sid=127cfc&_nc_eui2=AeHQLpndZ51jVTn-yzSNh6LpywC9TdjL6YnLAL1N2MvpiSXe_hI3Z7cAYX_yGLaE7GLs7dzXFzNXr-QRaWM30FBH&_nc_ohc=US6211u3h24Q7kNvwHQbdHk&_nc_oc=AdlWQtYEPL3oQomjB4WHdsHJeqE7_RdfzUnbmR1Y23sDZ1hs3ZHhWKILVZADgkTlV9wCbIcGZwlHTlv-jIdRrc4a&_nc_zt=23&_nc_ht=scontent.fsgn2-7.fna&_nc_gid=nSR0VZ9lkDBWLyXUFc--0Q&oh=00_AfExVR6zSap5TGqyQBJDflbKDLJFod-b7jFQk527iZHEvQ&oe=68162D69"
    },
    {
        "caption": "Vạn Hạnh Mall thông báo đã hoàn tất việc thi công lưới rào ở khu vực khoảng không thông tầng\n\nĐây là phương án khẩn cấp, tạm thời và đội ngũ Vạn Hạnh Mall sẽ tiếp tục triển khai các giải pháp để cải thiện mỹ quan lâu dài, giúp mall đẹp hơn, sinh động hơn trong thời gian sắp tới.\n\n1 tim cho Vạn Hạnh Mall ❤️",
        "image": "https://scontent.fsgn2-9.fna.fbcdn.net/v/t39.30808-6/493932781_1118547896972875_4939971788968210513_n.jpg?stp=dst-jpg_s640x640_tt6&_nc_cat=103&ccb=1-7&_nc_sid=127cfc&_nc_eui2=AeFzmyUQKM42a4th1twZJBcM9aWUyNnBxVH1pZTI2cHFUeIPXSDqc-w1qjiy59UnkLXlBuaYxoeLB8k2_kUTJE9u&_nc_ohc=cTqaGVbNqRcQ7kNvwGomA4u&_nc_oc=AdklNZRBEaPHlbFnmwssTdJzT2dGT2gxu2j5axbiCtB36ckIyo0FUBQ8G6hO8FrQNAjyyaB_qgeBGGm_dFaTePlY&_nc_zt=23&_nc_ht=scontent.fsgn2-9.fna&_nc_gid=EpWMkr76eZe7wKCgzKA7rA&oh=00_AfGjX_jAiHes7n7CiM-NWf8QHfA2ZV97ksqmo7UrKvP5eg&oe=6815FFC4"
    },
    {
        "caption": "Bản tin chiến thắng 28/4/1975 🇻🇳\n\nNgày 28/4/1975, các hướng của ta tăng cường vây ép Sài Gòn, phá vỡ các khu phòng thủ vòng ngoài của đối phương, ngăn chặn không cho các sư đoàn chủ lực của đối phương co cụm về vùng ven nội thành.\n\nSự xuất hiện của các binh đoàn chủ lực Quân Giải phóng hùng mạnh xung quanh Sài Gòn càng làm cho nội bộ chính quyền Sài Gòn phân hóa mạnh mẽ. Cao Văn Viên - tổng tham mưu trưởng quân đội Sài Gòn, sau khi ký lệnh \"tử thủ đến cùng để giữ các phần đất còn lại\" đã vội bỏ ra nước ngoài. Một loạt tướng tá quân đội Sài Gòn khác cùng gia đình hoảng hốt tìm cách di tản.\n\nNguồn: Ban Tuyên giáo TW Đoàn\n\n——————————\n   \n\"Hòa Bình Đẹp Lắm\" - chiến dịch do Trung ương Đoàn Thanh niên Cộng sản Hồ Chí Minh phối hợp cùng Kenh14.vn thực hiện, nhân kỷ niệm 50 năm Ngày Giải phóng miền Nam, thống nhất đất nước. \n\nHãy cùng nhau sử dụng template CapCut \"Hòa bình đẹp lắm\" (dưới phần bình luận) và lan tỏa Hashtag #hoabinhdeplam – như một cách ghi dấu cảm xúc, kể lại câu chuyện hòa bình dưới góc nhìn của chính bạn với tinh thần  \"Biết ơn – Tự hào – Tiếp nối\"!\n\nVì Hòa Bình Đẹp Lắm và bạn đang sống trong những giây phút tuyệt vời ấy, mỗi ngày.\n\n#hoabinhdeplam #TWDoan #kenh14 #MauCoThongNhat #50namtuhaodantoc #Tuhaongay30thang4",
        "image": "https://scontent.fsgn2-4.fna.fbcdn.net/v/t39.30808-6/494149994_1118542433640088_5769721846888543373_n.jpg?stp=dst-jpg_p480x480_tt6&_nc_cat=101&ccb=1-7&_nc_sid=127cfc&_nc_eui2=AeFl0Kwjas5ze4esyp93XOndDFvbS3IGS_IMW9tLcgZL8i-2LMo_8ochRPz5QpQOvGOKYd4rBu4uMiJ8Xs_dFY_M&_nc_ohc=WUsFrkmISUwQ7kNvwFG1hS-&_nc_oc=AdlSRUN4A5aQvHl8WicI51nj_dLMXLohjFKhqZ1tZ8kC-cm1KwdIHRbXYKuiQANhbMXXnUenz7iKk1QXFLK1OVrn&_nc_zt=23&_nc_ht=scontent.fsgn2-4.fna&_nc_gid=EpWMkr76eZe7wKCgzKA7rA&oh=00_AfG4XxZyN1vz3CZdH7APFcsoGACwlvsexm17LI86iHkmBw&oe=6816288E"
    },
    {
        "caption": "Nhân lúc Viết Tiếp Câu Chuyện Hoà Bình gây bão mạng xã hội, cả đất nước đang hướng về Đại lễ 30/4, chúng tôi đã có cuộc gặp gỡ thân tình với nhạc sĩ Nguyễn Văn Chung - “cha đẻ” ca khúc. Nhạc sĩ chia sẻ sự tự hào khôn xiết khi ca khúc của mình có cơ hội lan toả rộng rãi trong thời khắc ý nghĩa như hiện tại.\n\nNhạc sĩ Nguyễn Văn Chung chia sẻ: \"Tôi cảm thấy vui hơn cả khi có một bài hit, trên hết là tự hào vì bài hát này được yêu mến bởi mọi người dân, mọi đối tượng khán giả không phân biệt tuổi tác, vai trò tầng lớp xã hội, từ người lớn đến thanh niên học sinh và những em bé, từ các cơ quan đoàn thể nhà nước đến các trường học vả các công ty...Trong suốt hơn 20 năm làm nghề, đây là lần đầu tiên tôi có cảm giác này, vừa vui vừa vinh dự.\"",
        "image": "https://scontent.fsgn2-3.fna.fbcdn.net/v/t39.30808-6/493886570_1118379676989697_1185978406630608530_n.jpg?stp=dst-jpg_s480x480_tt6&_nc_cat=107&ccb=1-7&_nc_sid=127cfc&_nc_eui2=AeHWEpkk4TIjp3HAocMGOnHnjCb8qvPCt0qMJvyq88K3SqGrbx2EuW79gqZb9PX2NpD9L8VRD6FEV93LACUAqx95&_nc_ohc=C2j2ngQQmYgQ7kNvwGUO32d&_nc_oc=AdnszUZb0S8ShwDezmGJ3r1ZBcfsKOlLO84aI_yEl-h9jqHMHhSPOCm0m_k1ukFNKd32N4-y8wfHYMJ1T4wvXna3&_nc_zt=23&_nc_ht=scontent.fsgn2-3.fna&_nc_gid=B6C7wcYXbJaVfX51sntODw&oh=00_AfHy471awIo5qk13e_yn_OnlfXJysMzC1Z5pDjpDINsoyA&oe=68161120"
    },
    {
        "caption": "Nguyễn Thị Hoài Thương (bạn gái Bùi Đình Khánh) bị khởi tố về tội che giấu tội phạm ‼️\n\nẢnh: CAQN\n\nTheo Pháp luật TP.HCM",
        "image": "https://scontent.fsgn2-10.fna.fbcdn.net/v/t39.30808-6/494150764_1118346113659720_4966265939919418611_n.jpg?stp=dst-jpg_s480x480_tt6&_nc_cat=109&ccb=1-7&_nc_sid=833d8c&_nc_eui2=AeGuVNcUYbZkOxXFNv7iovy7VqQxYpo1Er9WpDFimjUSvzPl86owGm_J5ceZa0Z04qJZoiP5M6DIbNuuoa9Xk4lv&_nc_ohc=6NiTj_NwxEYQ7kNvwEvM439&_nc_oc=Adn-Y8jVYxO6oV2QpaYFQ7wj0_j3nvepKYl8lOESixjB_tgn0v0Bu2mW5CkbUnzzAsZ-S_sGqlbLxvcvO3GVX9ey&_nc_zt=23&_nc_ht=scontent.fsgn2-10.fna&_nc_gid=Ru9ozC_EYmARDHx14JkQMg&oh=00_AfHzlBykOHJir0gevA1rOSNo_aTT3fGLNlb6fK_t3ebhZA&oe=68161BF5"
    },
    {
        "caption": "Đại tá tình báo Tư Cang kể lại: Tôi làm tình báo từ ngày vô Du kích, năm 24 tuổi đã làm Phó ban Tình báo tỉnh. Tôi từng được cử vô thành để vẽ khu Bình Xiêm cho lính, toàn là nhiệm vụ quan trọng! Tôi đi tập kết, lên tàu của tụi nó, th.ằng trưởng tàu với Sĩ quan bảo vệ thấy tui nói tiếng Pháp giỏi quá mới hỏi: “Pháp đào tạo anh mà anh đi đánh Pháp là sao?”. Tui trả lời: “Nước nào xâm lược thì tôi đánh! Làm bạn bè bán buôn thì được nhưng xâm lược là đánh! Mấy cái đó tôi học của mấy ông đó.”\n\nChúng bèn nói: \"Hiệp định Geneve nói sau 2 năm sẽ tổng tuyển cử để thống nhất đất nước, vậy ông có tin chắc mình trở về được không?\". Tôi trả lời: \"Ông hỏi vậy là ông cũng suy tính rồi. Tụi tui cũng vậy. Nhưng nói thiệt là không trở về bằng Hiệp định thì chúng tôi trở về bằng súng đạn. Dứt khoát là tụi tui phải trở về!\".\n\nCùng lắng nghe những hồi ức từ trong địa đạo Củ Chi của Đại tá tình báo Tư Cang dưới phần bình luận nhé! 👇",
        "image": "https://scontent.fsgn2-8.fna.fbcdn.net/v/t39.30808-6/493396429_1117947123699619_8260713032063120973_n.jpg?stp=dst-jpg_p480x480_tt6&_nc_cat=102&ccb=1-7&_nc_sid=833d8c&_nc_eui2=AeEqufhrX1yk1ARh0YqCld0mrTblNAfuY5etNuU0B-5jlw7nKTf-UhTuztaEaN3Hmh15c5bhz4HmtrP4_W5jnuAA&_nc_ohc=T_sdq3QWzqIQ7kNvwFxy5a7&_nc_oc=AdmYD9dobx8BYDAYROjnhOGq3-jRxRxyTgPJoC80YCI5poWwto21U234t9FmfWUHIHlIc6Ecv-GdpTFEcfkweKPr&_nc_zt=23&_nc_ht=scontent.fsgn2-8.fna&_nc_gid=jPOCOUUun4YS7XXrWzVHgA&oh=00_AfE7e0aK2uPak-u2iaMeAGYRMFmqNxdszu2Mayo9Wu-C6Q&oe=68161AC5"
    },
    {
        "caption": "Đại tá Tư Cang chia sẻ câu chuyện khi làm nhiệm vụ tình báo: \"Tôi kêu anh em, lúc nào cũng phải ghi nhớ 4 chữ: Coi như ch.ết rồi! Có 4 chữ đó rồi thì tụi bay chẳng còn sợ gì nữa - tao cũng vậy! Có lần nọ, cô giao thông tìm đến thông báo: “Anh Tư ơi, th.ằng Lâm bị bắt rồi anh Tư. Em thấy chúng nó đ:ánh ghê lắm, mình phải di chuyển thôi.” Tôi nghe vậy thấy buồn lắm, nó đi với mình từ năm 62 đến năm 68 thì bị bắt. Tội nghiệp! Tôi bèn nói: “Lính t, t biết! Dù ch:ết nó cũng không dẫn về”. Thế nhưng để đảm bảo an toàn, cả đội có nguyên tắc: Cứ 3 người biết 1 chỗ mà 1 người bị bắt thì tất cả phải đi. Tôi giục cô giao thông đi ngay để giữ an toàn đường dây mật đã thiết lập để bảo vệ Phạm Xuân Ẩn. \n\nTôi thì vẫn tin tưởng tuyệt đối lính của mình, bèn moi 2 trái lựu đạn lên. Nếu chẳng may nó dẫn địch về thì 1 trái dành cho bọn lính, 1 trái chia tôi với nó liền. Sĩ quan, Cục trưởng có hy sinh thì họ sẽ phái Sĩ quan khác xuống, nhưng người nằm trong đường dây mới là quan trọng! Mình có thể hy sinh nhưng phải bảo vệ nguồn tin tuyệt đối! Cứ thế, tôi cầm hai trái lựu đạn ngồi chờ tới chiều và quả nhiên là không ai tìm đến cả.\"\n\nCùng lắng nghe những hồi ức từ trong địa đạo Củ Chi của Đại tá tình báo Tư Cang dưới phần bình luận nhé! 👇",
        "image": "https://scontent.fsgn2-6.fna.fbcdn.net/v/t39.30808-6/492715334_1117872807040384_8706094324458389832_n.jpg?stp=dst-jpg_s480x480_tt6&_nc_cat=111&ccb=1-7&_nc_sid=833d8c&_nc_eui2=AeHmDXdXuVUstU7QtBlRz7TWDNRRAmGfsbIM1FECYZ-xshjQkTbRH2WA5aGfYwIzrZJRJenJwp2ExWqhDVrFOR22&_nc_ohc=2p3yEorbBBUQ7kNvwH5RNcB&_nc_oc=AdkrLAntdi--sF_-SBSybxwT9u-z4n9mVt5rq3_P-PQkx8bC9IJsQLXoP2c1dcTPrCvomv63zDhpWy_gQHto4rQx&_nc_zt=23&_nc_ht=scontent.fsgn2-6.fna&_nc_gid=5ZsloEu-yRAstn90cowjZA&oh=00_AfGjsEWpjBJ4AIA8ioqJGWLi2NCCz6rYCObc6N7V4Ov7mw&oe=6815FE13"
    },
    {
        "caption": "Nếu có thể, cuộc đời đại tá tình báo Nguyễn Văn Tàu - bí danh Tư Cang, sẽ trở thành một cuốn phim mà ở đó, chúng ta sẽ được thấy hành trình một cậu thiếu niên đến từ Long Phước đi qua cuộc kháng chiến chống Pháp và chống Mỹ của đất nước. \n\nỞ tuổi 97, Đại tá Tư Cang vẫn nhớ từng chi tiết về những ngày đầu tiên mình gia nhập cách mạng, những giây phút đối diện với quân địch và thoát chết trong gang tấc, hay cả cái mát lạnh của mặt đất địa đạo vào những ngày mưa nước dầm xuống vũng sình - và rồi kể lại cho chúng tôi bằng một giọng điệu hóm hỉnh, nhẹ tênh - như thể những câu chuyện đó ông đều được xem trên một cuốn phim chiến tranh nào chứ không phải cuốn phim đời mình.\n\nĐại tá Tư Cang chia sẻ: \"Năm 1966, khi đó tôi đã là Thiếu tá, phía trên thông báo rằng Mỹ đã can thiệp sâu vào tình hình nước ta và đưa chỉ thị “Anh không thể ở Củ Chi để chỉ đạo nữa mà phải vô thành để hỗ trợ cán bộ Phạm Xuân Ẩn, Tám Thảo và cả đường dây tình báo”.\n\nTôi nhận nhiệm vụ chỉ huy cả 3 bộ phận. Bộ phận trong thành gồm Tám Thảo, Xuân Ẩn, Năm Sơn… Bộ phận ở ấp chiến lược gồm 5-10 cô giao thông có giấy tờ để vô trong truyền giao chỉ thị hoặc lấy tài liệu đem về. Bộ phận ở rừng làm địa đạo, thường xuyên đánh Mỹ, giữ căn cứ và chống càn. Đây cũng là bộ phận đã chứng kiến sự hy sinh của rất nhiều chiến sỹ, còn hai bộ phận kia đều toàn vẹn cho đến ngày giải phóng.\n\nNăm đó vô thành rồi thì xác định luôn rằng: Chỉ có hy sinh hoặc bị bắt! Và phải xác định luôn là sẽ hy sinh, phải bằng mọi cách để bảo vệ Phạm Xuân Ẩn và lập đường dây mạch, giao tài liệu đến Trung Ương. Tôi phải giữ bí mật tuyệt đối mọi thông tin, thậm chí không ai biết tôi đã có vợ. Mọi công văn và chỉ thị đều được gửi xuống nhà vợ, và mỗi lần vợ mang thư đến gửi cho tôi ở nhà Tám Thảo thì cũng chỉ có thể đứng ngoài. Có những ngày Tám Thảo mang thư vô, nói: “Có bà cột tóc đưa anh này” - tôi đoán liền đó là vợ mình. Bứt ruột ra thương lắm! Trời thì mưa lâm râm, bả phải đội mưa một mình đi về. Buồn quá nhưng vì nhiệm vụ đành phải bí mật chia cách thôi.\"\n\nCùng lắng nghe những hồi ức từ trong địa đạo Củ Chi của Đại tá tình báo Tư Cang dưới phần bình luận nhé! 👇",
        "image": "https://scontent.fsgn2-9.fna.fbcdn.net/v/t39.30808-6/493279996_1117863640374634_4173703654289697570_n.jpg?stp=dst-jpg_p480x480_tt6&_nc_cat=103&ccb=1-7&_nc_sid=833d8c&_nc_eui2=AeFlD6onL2d_rKB5Mwyrw-AdrQ3_MDQMFVatDf8wNAwVViFO2kXspTuJ1Ih0I7h7Ugy33Nyel6q3Vx-Wi1p4Gkv5&_nc_ohc=311h0xRmSxMQ7kNvwFL4T_A&_nc_oc=Adn-9VpE23gQrfsfS3qjXnzHdvhieVUVJbffpUzhjs7R7MenL7sYiv9rddVs6_hCD_rtmV3uBn81-esYu0esgHsX&_nc_zt=23&_nc_ht=scontent.fsgn2-9.fna&_nc_gid=5ZsloEu-yRAstn90cowjZA&oh=00_AfFyTMFxe8Sa1J00jrJDipXUMZKbymJCkxyiGYyDbeTGmg&oe=68161A98"
    },
    {
        "caption": "Hôm nay (27/4), cựu chiến binh Trần Văn Thanh (76 tuổi, trú tại phương Quang Trung, thành phố Vinh) đã có mặt tại TP. Hồ Chí Minh, xem lễ tổng duyệt diễu binh, diễu hành dịp Lễ kỷ niệm 50 năm Ngày Giải phóng miền Nam, thống nhất đất nước. \n\nKhi được hoà mình vào dòng người xem lễ tổng duyệt diễu binh, diễu hành, ông Thanh cảm thấy rất hạnh phúc. \"Thời tiết mấy ngày qua nắng nóng, tuy có hơi mệt, nhưng tôi cảm thấy rất vui và hạnh phúc vì thấy cảnh vật quê hương, đất nước mình ngày càng phát triển, văn minh hơn\", ông Thanh chia sẻ trên báo Tuổi Trẻ.\n\nTrước đó, vào sáng 26/4, ông Thanh đã có mặt tại Đồng Nai. Chia sẻ trên báo Đồng Nai, ông Thanh xúc động khi ông đã đến được rất gần TP. Hồ Chí Minh: \"Tôi cảm thấy hừng hực khí thế, như ngày chuẩn bị giải phóng miền Nam. Lòng tôi rất phấn khởi tiến về thành phố mang tên Bác - Thành phố Hồ Chí Minh”.\n\nTrên hành trình, ông ghé thăm nhiều địa danh lịch sử, trong đó có chiến trường xưa ở Quảng Trị để thắp hương cho đồng đội.",
        "image": "https://scontent.fsgn2-6.fna.fbcdn.net/v/t39.30808-6/491956644_1117846473709684_5849861847052669695_n.jpg?stp=dst-jpg_s480x480_tt6&_nc_cat=110&ccb=1-7&_nc_sid=127cfc&_nc_eui2=AeFbt3s1_7QlarsYwhUIn_7oudqJhAVkP0a52omEBWQ_Rk0OqSsbn_wJiCeZ3qsJCj5-4TfpO7P8oZfL2BuPWmg6&_nc_ohc=WjULA0zxWt8Q7kNvwFGFiDI&_nc_oc=AdkQ3PBvL1OzoQWyBVv2ICe4NmrsV83GSUJkpTkhr1wkN6nAEJ6egkQxHVB4fmQwU7iwWkvI-B9wAq6XV1uY_Y2_&_nc_zt=23&_nc_ht=scontent.fsgn2-6.fna&_nc_gid=5ZsloEu-yRAstn90cowjZA&oh=00_AfFrhm9e9XMb0r5bx2h-Ee6ptaXGBVntt3IxC78J-0CN0g&oe=68162F85"
    },
    {
        "caption": "Bản tin chiến thắng 27/4/1975 🇻🇳\n\nSáng ngày 27/4, Quân giải phóng đồng loạt tiến công các vị trí của địch trong thị xã Bà Rịa, làm chủ khu tiếp liệu, Ty An ninh, Ty Cảnh sát, Tỉnh đoàn bảo an, Trung tâm huấn luyện Vạn Kiếp. \n\n6 giờ sáng 27/4, cờ Mặt trận Dân tộc giải phóng tung bay trên nóc dinh Tỉnh trưởng. \n\n15 giờ ngày 27/4, thị xã Bà Rịa hoàn toàn giải phóng. \n\nCùng ngày, bộ đội địa phương các huyện Đức Thạnh, Long Điền, Đất Đỏ, Xuyên Mộc tiến công làm chủ chi khu quân sự, dinh quận trưởng và các vị trí đóng quân của địch. Tỉnh Phước Tuy hoàn toàn giải phóng. Sau khi Bà Rịa hoàn toàn giải phóng, Sư đoàn 3 và Tiểu đoàn 445 cùng các đơn vị vũ trang địa phương chuyển sang tiến công Vũng Tàu bằng đường bộ và đường biển. Được nhân dân giúp đỡ phương tiện ghe xuồng và dẫn đường, Quân giải phóng tiến vào Vũng Tàu. \n\n13 giờ 30 phút, TP Vũng Tàu giải phóng.\n\nNguồn: Ban Tuyên giáo TW Đoàn",
        "image": "https://scontent.fsgn2-5.fna.fbcdn.net/v/t39.30808-6/493999319_1117611557066509_3060937819416842233_n.jpg?stp=dst-jpg_p480x480_tt6&_nc_cat=104&ccb=1-7&_nc_sid=127cfc&_nc_eui2=AeHWo3wkTF0s2nOfE1UtpS_KfYM_MdtWSHh9gz8x21ZIePnxliD1YFiNhI68YOySqCMARfG_RMmMjPV7GGh7WwaG&_nc_ohc=c1y3jKoMO8MQ7kNvwEPdvwY&_nc_oc=Adm4fj3Qfp4N0gMgV-P681HTkj75luMtHDqy5fZrN9VSAPNqkmgE7IB3ebmdIsqL7eUMCDUI7eI7OaK7CkgXpSCt&_nc_zt=23&_nc_ht=scontent.fsgn2-5.fna&_nc_gid=sx_HUUtcoY_T9COrX4oUtA&oh=00_AfEpStSJHpb5J31Ge0s-Ak45nNc4btij2_q3UsrDnAUmsA&oe=6815FFBA"
    },
    {
        "caption": "Dậy đi dìa bà ơi, xong rồi nè...\n\nẢnh: Tôi Dân Quận 10",
        "image": "https://scontent.fsgn2-7.fna.fbcdn.net/v/t39.30808-6/493748971_1117696877057977_761397877565382479_n.jpg?stp=dst-jpg_s640x640_tt6&_nc_cat=108&ccb=1-7&_nc_sid=127cfc&_nc_eui2=AeH9bNr4zS-fnqUsj6_pvg-NAiVe8kuWXq8CJV7yS5Zer9hi6CHriCzDzHIgsvNG0G4GbnMrBC-lFc1I8bxKRNQi&_nc_ohc=AcKcpVRO5S4Q7kNvwHkKc1q&_nc_oc=AdnkA77_QRDhmYKumHETPgErPL41Ap0V2CVLDCx2r3IcJhf0cau_-yaCzFL-NrpcLJNr5PNVey1HtoO7e8upv0iP&_nc_zt=23&_nc_ht=scontent.fsgn2-7.fna&_nc_gid=sx_HUUtcoY_T9COrX4oUtA&oh=00_AfGJIgKBvo4xmDBnNicUx5-VzSz7IiZMcOEJwUPbDZsWCw&oe=681600D0"
    },
    {
        "caption": "Tuyệt đối điện ảnh: Khi đồng chí Lê Hoàng Hiệp và \"Lê Hoàng Há Há\" trong cùng một khung hình =)))\n\nẢnh: Theanh28 Entertainment",
        "image": "https://scontent.fsgn2-7.fna.fbcdn.net/v/t39.30808-6/492553084_1117611180399880_9190422619980430911_n.jpg?stp=dst-jpg_s640x640_tt6&_nc_cat=100&ccb=1-7&_nc_sid=127cfc&_nc_eui2=AeEd1oFqdyXIfttTVHkBJyBbWrS0qLdM-BFatLSot0z4EfQdnJARkQ5estZ09bGwulKLJ0KMAPgxeZo0cbQ8HlmG&_nc_ohc=cL-77BtmE9YQ7kNvwGwxxbh&_nc_oc=AdkHPxQXiZtHNIp3KF8l8f39zDD7m2-XQXnayxOSHN4xvS8_aTAlHuPMprWiuyAnDI1UYHaFliBsAsYjvVX8BLRG&_nc_zt=23&_nc_ht=scontent.fsgn2-7.fna&_nc_gid=sx_HUUtcoY_T9COrX4oUtA&oh=00_AfFfKOAsGCNxuyPPzvqAVIHEVZJkU5b40eGJ0UzZirkaXw&oe=6815FAA1"
    },
    {
        "caption": "Ai đang ở gần đây gọi bả dậy xem tổng duyệt giùm tui với 🤦‍♀️\n\nẢnh: Kim Ngọc",
        "image": "https://scontent.fsgn2-11.fna.fbcdn.net/v/t39.30808-6/492477544_1117517230409275_1367196711029322988_n.jpg?stp=dst-jpg_s640x640_tt6&_nc_cat=105&ccb=1-7&_nc_sid=127cfc&_nc_eui2=AeFZe2pR5nIwo0WgBZMh0npuVz-FtJt8nP9XP4W0m3yc__aYdlFC9oB-ZLnA2T8adMf6CmcPtz-2Egc7p2Q3WOLw&_nc_ohc=rteMdNm9gnQQ7kNvwHKQrxJ&_nc_oc=Adl253U5zCjVR8NHMmD_ERdk1DNOifIZWHfRIlW63FiYg8fxTqpbJge2qDnLymMHPv5cANnIVlYQessoj16J843g&_nc_zt=23&_nc_ht=scontent.fsgn2-11.fna&_nc_gid=Wjel1evNufoBfjtPJ81N2Q&oh=00_AfE2IS4Bi_r13_HpanHY-wAHEy4X_FZa8Mmd4t_B9Bgj9g&oe=681624D4"
    },
    {
        "caption": "Cụ Thanh đi xem lễ tổng duyệt sáng nay, tình cờ gặp cụ ở trận địa pháo bến Bạch Đằng 🤗",
        "image": "https://scontent.fsgn2-5.fna.fbcdn.net/v/t39.30808-6/494094826_1117498793744452_3466119347410634823_n.jpg?stp=dst-jpg_p552x414_tt6&_nc_cat=104&ccb=1-7&_nc_sid=127cfc&_nc_eui2=AeF0cexmHpUTYHL_DSPITj1p3TxBY0kSd6TdPEFjSRJ3pBMaexAxViOOv6SJ_DpOscVSiogVfY-Ra-7Vxk7LLBCd&_nc_ohc=_EMUAYJpUtwQ7kNvwHXWRWC&_nc_oc=Adl6CeaaHeFhb9wVbNJ6jn6c_KlqEgTud7uf41lYNr7rrEv8laULadN_hQKUGcuuhGglgpo9jtGvfJLbYyJnVGic&_nc_zt=23&_nc_ht=scontent.fsgn2-5.fna&_nc_gid=Wjel1evNufoBfjtPJ81N2Q&oh=00_AfHH14c9XWymnS5O7XiRnewlyNd819rT9Uzzdm98V2yMlQ&oe=68161F15"
    },
    {
        "caption": "HÌNH ẢNH CÁC BIÊN ĐỘI TRỰC THĂNG XUẤT PHÁT TỪ SÂN BAY BIÊN HÒA TIẾN THẲNG VỀ TRUNG TÂM TP.HCM 🇻🇳🇻🇳🇻🇳\n\nCó 10 chiếc trực thăng, 7 chiếc tiêm kích Su-30MK2 và 6 chiếc Yak130. Đội hình bay sáng nay (27.04) được tổ chức thành ba biên đội, đội hình 3-4-3.\n\nẢnh: Báo Tiền Phong",
        "image": "https://scontent.fsgn2-6.fna.fbcdn.net/v/t39.30808-6/493792858_1117474100413588_2318235519329333219_n.jpg?stp=c0.98.2048.1069a_dst-jpg_s1080x2048_tt6&_nc_cat=111&ccb=1-7&_nc_sid=833d8c&_nc_eui2=AeHI0ZyJg8xuSOy-5UYC5rjpz2ooRgOvPfXPaihGA6899ScGazOgTiB79qxLPYDCL4LCLLiJKCF86Pf09HrShVgL&_nc_ohc=yMEZE4Ot7l0Q7kNvwEWJj2R&_nc_oc=Admyw3kmLhERfuxQHeJv3e3YysolwVYAfSyBXHs-5plisPoCnQ1I9Zh6STLEtfakQNYJ1aHhaxYOitwcT5pWhZpC&_nc_zt=23&_nc_ht=scontent.fsgn2-6.fna&_nc_gid=Wjel1evNufoBfjtPJ81N2Q&oh=00_AfFjm0lJSS2ZUqsNCiOJhag8DGKZejzoT3ApCI32okmJRw&oe=6815FA8A"
    },
    {
        "caption": "Chào mừng cụ Thanh đã đến TP.HCM 🇻🇳\n\nVậy là cụ đã chính thức về đích an toàn sau hành trình 10 ngày chạy xe máy hơn 1.300 km.\n\nẢnh: Hội đồng hương Nghệ An tại TP.HCM",
        "image": "https://scontent.fsgn2-6.fna.fbcdn.net/v/t39.30808-6/494020872_1117441120416886_2485949944402855131_n.jpg?stp=cp6_dst-jpg_p480x480_tt6&_nc_cat=111&ccb=1-7&_nc_sid=127cfc&_nc_eui2=AeHQPzV_LSDSPY-ETKomOBOXVJkjzhBFmwVUmSPOEEWbBcvLKdoU9c6f-euaoBSssmJlrgNFCr3BLl6zG3AMLlYT&_nc_ohc=KEkO70jLxIsQ7kNvwHYByWD&_nc_oc=Adntdpc6tMknnFj8j2TSpaHHbdcCGRiN7M3rKj3vOQvHFt2Lbwzqg1X07sKyQPvMZX155H_zvvj_Y5-o5dX52Ft6&_nc_zt=23&_nc_ht=scontent.fsgn2-6.fna&_nc_gid=SyO5CfLICxo5gEHOPGWZwQ&oh=00_AfFTWlQI9udqovpJCOSK2nKAcMiwsqZAE9_QBNpGsuV5yg&oe=68162A63"
    },
    {
        "caption": "Người tự tin nhất lúc này 💯\n\nẢnh: Viết Thanh",
        "image": "https://scontent.fsgn2-8.fna.fbcdn.net/v/t39.30808-6/493435654_1117428680418130_4289496960504915873_n.jpg?stp=dst-jpg_s720x720_tt6&_nc_cat=102&ccb=1-7&_nc_sid=833d8c&_nc_eui2=AeFaJ4CFuesFpNjaZem4n4uCyol8v288ppTKiXy_bzymlKncajeZIkW3w5dHvAtNYrV2VNcmIZHfwBVq1TpnFLpE&_nc_ohc=uV_6IwMh6P4Q7kNvwGmZJpp&_nc_oc=AdnpJ-ubDjL9SEh5Tp_4qdG-u-_vi-WWtm7c_dNmXuwx9HlvivxQWAVP_QeGxPLp6IYyGQMy2CK_cGmc31QQ17Mf&_nc_zt=23&_nc_ht=scontent.fsgn2-8.fna&_nc_gid=SyO5CfLICxo5gEHOPGWZwQ&oh=00_AfEPN1tNPtIsH0cybrlcZehZ9Tgd7lhKVUCSkX3cvK3Ndw&oe=6815FEC5"
    },
    {
        "caption": "Một chiếc máy bay vừa bay ngang đường Nguyễn Huệ, đám đông đồng loạt hò reo phấn khích 🎉\n\nẢnh: Viết Thanh\n\n——————————\n\"Hòa Bình Đẹp Lắm\" - chiến dịch do Trung ương Đoàn Thanh niên Cộng sản Hồ Chí Minh phối hợp cùng Kenh14.vn thực hiện, nhân kỷ niệm 50 năm Ngày Giải phóng miền Nam, thống nhất đất nước. \n\nHãy cùng nhau sử dụng template CapCut \"Hòa bình đẹp lắm\" (dưới phần bình luận) và lan tỏa Hashtag #hoabinhdeplam – như một cách ghi dấu cảm xúc, kể lại câu chuyện hòa bình dưới góc nhìn của chính bạn với tinh thần  \"Biết ơn – Tự hào – Tiếp nối\"!\n\nVì Hòa Bình Đẹp Lắm và bạn đang sống trong những giây phút tuyệt vời ấy, mỗi ngày.\n\n#hoabinhdeplam #TWDoan #kenh14",
        "image": "https://scontent.fsgn2-3.fna.fbcdn.net/v/t39.30808-6/493871383_1117404930420505_872391836347900492_n.jpg?stp=dst-jpg_s480x480_tt6&_nc_cat=107&ccb=1-7&_nc_sid=127cfc&_nc_eui2=AeFOIbejiQGfa1BaYZrzhHGRBVl6Wfp04LcFWXpZ-nTgt7wraghq6kaEMxCw1HtFUqAn6ZrYd2C41myz2YymMZXb&_nc_ohc=trsLde8-32IQ7kNvwFEYI5j&_nc_oc=Adm99vIj9kRf6AuioArEa2tOOSNcmzxFQzY2nHlqFWHnhT2gTLl4DVGHcohrMreBO291cMnAFdrPoWRCvSeUQuvc&_nc_zt=23&_nc_ht=scontent.fsgn2-3.fna&_nc_gid=o2SdIDORTXdz_BvtEWAnGg&oh=00_AfGxOJLymYfnDFa1JiFVVF4B29qgTilDvwrY0AjPzGZnOA&oe=6815FF71"
    },
    {
        "caption": "Chào buổi sáng! Mọi người đã sẵn sàng chưaa 🥰",
        "image": "https://scontent.fsgn2-9.fna.fbcdn.net/v/t39.30808-6/492928816_1117394360421562_3157688477970148990_n.jpg?stp=c0.60.1280.668a_dst-jpg_s1080x2048_tt6&_nc_cat=106&ccb=1-7&_nc_sid=833d8c&_nc_eui2=AeGphiBUzuMMVHGhPMhTjjA_FZhO3EOfu3UVmE7cQ5-7dcHg1Xn7bsJM1koAhZBMr4L7uETVl_VtSPlJ2UwfSEYN&_nc_ohc=sEVuk8B-ZFkQ7kNvwHK6Zlz&_nc_oc=Adl-lwvuExt0KM6EFiEWORbmgQVoQGX5FGJo1eyXng1_jJy2y04fhhqCcZWJG1eDVJNPYd7dbaNHoElUngsjS6FO&_nc_zt=23&_nc_ht=scontent.fsgn2-9.fna&_nc_gid=o2SdIDORTXdz_BvtEWAnGg&oh=00_AfHcSJ6Ii1Pzb03VGZAied1wdgRIA2Wa23fI3mWTXxMYog&oe=68162411"
    },
    {
        "caption": "Một bên cờ đỏ sao vàng rực rỡ, một bên pháo hoa thắp sáng bầu trời – chào mừng kỷ niệm 50 năm Ngày Giải phóng miền nam, thống nhất đất nước 🇻🇳\n\nẢnh: Phan Khánh",
        "image": "https://scontent.fsgn2-6.fna.fbcdn.net/v/t39.30808-6/493520825_1117218333772498_6423322462115484897_n.jpg?stp=c0.441.1365.712a_dst-jpg_s1080x2048_tt6&_nc_cat=110&ccb=1-7&_nc_sid=833d8c&_nc_eui2=AeFjcdetFm-COH2DxLbZ_1adPr2E1TNlw6M-vYTVM2XDo-x2eD5zYNr_hdOn1AnNFnmI2epwKkyIrSunsGZGG7BL&_nc_ohc=9kOJg1cTLzMQ7kNvwHURyyf&_nc_oc=AdlleF6ES_bk5DTq1ogRjgUki75Pmona8C63rWgJzNf_jZdkMnl7W2poXpaM47XrJXUpbZ40Xt-kdH6iTRNJ9B8s&_nc_zt=23&_nc_ht=scontent.fsgn2-6.fna&_nc_gid=KQGVeO4h247zGSMj8VvXJA&oh=00_AfG1JrzJRueovK-xBAUrY2-fdDQ_zDONTBXfT_0Bs3jedA&oe=68161ABE"
    },
    {
        "caption": "11h đêm qua, giữa dòng người vội vã, em bắt gặp một khoảnh khắc thật đẹp: anh Grab mặc đồng phục xanh, ngồi ăn tối vỉa hè cùng vợ và con nhỏ. Bữa ăn giản dị thôi, nhưng nhìn cách họ quây quần, em đoán sau một ngày dài rong ruổi mưu sinh, bao nhiêu mệt mỏi, âu lo của anh dường như tan biến cả.\n\nHạnh phúc đâu cần gì cao sang. Nó nằm ở chính những giây phút bình dị, ấm áp này – nơi tình thân xua tan mọi nhọc nhằn. Khoảnh khắc ấy thật sự \"chữa lành\", nhắc em nhớ rằng đôi khi, chỉ cần những yêu thương giản đơn \"vậy thôi là đủ\" để người ta có thêm sức mạnh bước tiếp.\n\nẢnh: Trần Công, diễn đàn OFFB",
        "image": "https://scontent.fsgn2-7.fna.fbcdn.net/v/t39.30808-6/493808846_1117191807108484_3890167208559761050_n.jpg?stp=dst-jpg_s480x480_tt6&_nc_cat=108&ccb=1-7&_nc_sid=127cfc&_nc_eui2=AeFlwGb43ZzFakCnlUzfgUHEijKHdIobwcOKMod0ihvBw8XDjXU7KESUmD0Lc1woxdTKgZc_i_0wg0WHm5tyBGZ6&_nc_ohc=XsrI1eoovWcQ7kNvwH4oIW8&_nc_oc=AdlAMdiJC20SkoWCcOJmc10aNUoEIYjH2KnI6cdURr8megKTHvRNzT3vjVarYUYvcSWCD2QBw471yicyMhv6SpAz&_nc_zt=23&_nc_ht=scontent.fsgn2-7.fna&_nc_gid=2UIjyXrPepQ3Upj-AMDXIA&oh=00_AfGDFEgxfHBlf3MMOmnJs-vkzyhOLgnpU141b6hmpl_TUQ&oe=68160DDB"
    },
    {
        "caption": "💥 BÍ KÍP \"CAMP CHỖ\" ĐẸP CHO LỄ TỔNG DUYỆT NGÀY MAI 27/4 🙆‍♀️\n\n- Lễ tổng duyệt bắt đầu từ 7:00 - 12:00, có thể đi sớm từ 4 - 5 tiếng để camp chỗ đẹp.\n\n- Ai đi xe lưu ý, thời gian cấm xe đi lại, dừng đỗ là từ 3h sáng đến hết 12h ngày 27/4.\n\n- Các vị trí không bị cấm và xem diễu binh rõ nhất: Góc Nam Kỳ Khởi Nghĩa giao Nguyễn Đình Chiểu, Phố đi bộ Nguyễn Huệ, Công viên Tao Đàn, Nhà thờ Đức Bà.\n\n- Đem áo mưa, quạt, nước, sạc dự phòng, ghế xếp nhỏ gọn, khi đi nên mang dép hoặc giày nào không đau chân.\n\n- Đặc biệt chú ý giữ gìn trật từ, không xả rác bừa bãi để tránh ảnh hưởng đến mọi người xung quanh.\n\n- Vỗ tay, vẫy cờ nhiệt tình để buff tình thần cho các chiến sĩ. Nhưng đừng làm rơi lá cờ khỏi tay cả nhà nhé 🥰",
        "image": "https://scontent.fsgn2-9.fna.fbcdn.net/v/t39.30808-6/493877404_1117139337113731_7746338880345957443_n.jpg?stp=dst-jpg_s480x480_tt6&_nc_cat=103&ccb=1-7&_nc_sid=127cfc&_nc_eui2=AeFHllYerwT8dDp8VT9tnTnnrQuxKkY2gHKtC7EqRjaAcvrXDDZ9G74iA29aFuuYxO8NgUXKfDewB3Opa6didr-f&_nc_ohc=lZJg77naFhsQ7kNvwF2WlQv&_nc_oc=AdlmravS8FeJiFTEODmNOqjEa6U28bXeM99KTQVmaYMDAzLpWobgYsrX1DbXJOGClYDajxq4xukNejndrhMqAD42&_nc_zt=23&_nc_ht=scontent.fsgn2-9.fna&_nc_gid=WATnqqfTgY75L4HRkMuCUA&oh=00_AfFui872lTh7yfppWOEnW0PHMlIqAvGiiI8AyNjFph6ayA&oe=681628F2"
    },
    {
        "caption": "THÔNG BÁO KHẨN TỪ VẠN HẠNH MALL  👇",
        "image": "https://scontent.fsgn2-11.fna.fbcdn.net/v/t39.30808-6/494066715_1117944410366557_8935919989656145354_n.jpg?stp=dst-jpg_s480x480_tt6&_nc_cat=105&ccb=1-7&_nc_sid=127cfc&_nc_eui2=AeFmptGFXYXjz6TNX-Qq9Rp6xH479LvAs3HEfjv0u8Czccnp7-aa6wb7Hwp5JR06oyDyZH_ANeoaPHT03EV-J9mb&_nc_ohc=Kix1H-CiZKgQ7kNvwF7V0Uo&_nc_oc=AdnOzWfaePv8oHUMZXjSl4Nmx4UGO8W6hpxdXIjsMzp7eDyWjIdcSHUe1OIc92qHXqir7pWPSBEvWzEC5VtIEAec&_nc_zt=23&_nc_ht=scontent.fsgn2-11.fna&_nc_gid=WATnqqfTgY75L4HRkMuCUA&oh=00_AfFbq-6hqcsW9lpYdIL9fpLy-G91FPKAECDUR2e8bqHNig&oe=68160FAF"
    },
    {
        "caption": "Vạn Hạnh Mall chia sẻ thời gian qua đã nâng độ cao kính từ 1,4m thành 1,7m, thông báo sẽ lắp thêm lưới an toàn trong thời gian tới 😢\n\nĐược biết, Vạn Hạnh Mall hiện có hơn 1.000 cán bộ công nhân viên và hàng trăm nhãn hàng/thương hiệu lớn nhỏ đang hoạt động.",
        "image": "https://scontent.fsgn2-9.fna.fbcdn.net/v/t39.30808-6/493716642_1117940440366954_3324923489143954389_n.jpg?stp=dst-jpg_s480x480_tt6&_nc_cat=106&ccb=1-7&_nc_sid=127cfc&_nc_eui2=AeGEP-1WIxXi8iYhKJpVDce2x0FUjLeWIc3HQVSMt5YhzQsYfPLPuhYeNLDIKS6rC4zJxGwdA4knFciCovaMHaFe&_nc_ohc=SHqThIBE1EEQ7kNvwHYvgE3&_nc_oc=AdmjALvaJIMkRQRXKisr_xrXPDFAY4_njeuy0SxHjh8AqiYsK2LdIFLmVAXAeu94YplAZS8-yZPkhG-_fCZQEvNk&_nc_zt=23&_nc_ht=scontent.fsgn2-9.fna&_nc_gid=WATnqqfTgY75L4HRkMuCUA&oh=00_AfH0pgYrAeuJWzAyZ2-i1RIAcpmeyHplOUj-eDDOjQNt8Q&oe=68162326"
    },
    {
        "caption": "Dễ thương, Hòa Minzy thành lập \"Khối nhặt rác\", nhắn nhủ người dân nâng cao ý thức khi đi xem diễu binh, diễu hành. Mỗi người 1 tay là sạch đẹp, văn minh ạ 🥰",
        "image": "https://scontent.fsgn2-5.fna.fbcdn.net/v/t39.30808-6/492761811_1117084543785877_9103153301210817383_n.jpg?stp=dst-jpg_s600x600_tt6&_nc_cat=104&ccb=1-7&_nc_sid=127cfc&_nc_eui2=AeFjZApmjPxSMkPobXBRYO7x2ZjeE1jPkVvZmN4TWM-RW1Z8lvwrpKxafR1G7aB0aNOjQZO7awchdLMIiwNVnVqJ&_nc_ohc=OBNyvEybHAsQ7kNvwEfqnNo&_nc_oc=Adnj69HbB7MvnmrKi0-tHhNVduX2RBbzKockRkxlzze85oJY3_kEWKUuwInPA2lmxBEnJTgO8qQqC0p5uxkC1VXs&_nc_zt=23&_nc_ht=scontent.fsgn2-5.fna&_nc_gid=WATnqqfTgY75L4HRkMuCUA&oh=00_AfFOi0rOCPXdvQEiWPvWQvXcQVxacYWP3PbZ2OTewigEgA&oe=6816320B"
    },
    {
        "caption": "Ngày ấy là khói lửa, là đạn bom, là ngã xuống\nHôm nay là hòa bình, là cờ hoa, là dấu chân độc lập.\n\nChúng ta may mắn…\nVì vẫn còn được nghe lịch sử bằng tiếng nói thật, bằng những hơi thở đã đi qua khói đạn, bằng đôi mắt đã từng nhìn thấy lá cờ được cắm giữa ngày toàn thắng. \n\n10 năm, 20 năm hay 50 năm nữa… chưa ai biết điều gì sẽ đổi thay. Nhưng những câu chuyện ông kể hôm nay, rồi cũng sẽ trở thành một phần của quá khứ, chỉ khác là sau này sẽ chỉ còn lại như những dòng chú thích dưới bức ảnh đen trắng, như một chương truyện đã qua, trong cuốn sách dày của dân tộc.\n\nP/s: Trong ảnh là Thiếu tướng Nguyễn Như Ngà, 97 tuổi, người chiến sĩ tham gia 2 cuộc kháng chiến giành độc lập dân tộc.\n\nTheo: Trung tâm dưỡng lão Diên Hồng",
        "image": "https://scontent.fsgn2-10.fna.fbcdn.net/v/t39.30808-6/491924435_1117065997121065_3418143518192511589_n.jpg?stp=c0.440.1368.714a_dst-jpg_s1080x2048_tt6&_nc_cat=109&ccb=1-7&_nc_sid=833d8c&_nc_eui2=AeEjsRb5rZtECCRIX83uPeUVntpjXoc17vie2mNehzXu-HHfNmMcO52Gl6v3bE49_vYTHPNjqMKbfZPQygAsHXjA&_nc_ohc=jE1xK9swUJoQ7kNvwG_wATs&_nc_oc=AdkWuUd0Yb7wm4PThPSk7I6-8AmnA8VOY9WRa6Jas2DnPL3FQYhuaOwDsdLpXlD1MZhBn0_t4kSJoQK4eUyZKigO&_nc_zt=23&_nc_ht=scontent.fsgn2-10.fna&_nc_gid=U2plg05xFe9dwolSOOjAmA&oh=00_AfGCF5wXmShxznfh_6TLQO2460pV67T_WpYVbT2WuU2EhQ&oe=6816190F"
    },
    {
        "caption": "THÔNG BÁO: \"KHỐI TRƯỞNG KHỐI CHỞ LOA\" ĐÃ ĐẶT CHÂN TỚI TP.HCM CÁCH ĐÂY 20 PHÚT 🤣\n\nSau hơn 20 ngày đạp xe, hết ăn đám giỗ tới họp lớp thì \"Khối trưởng Khối chở loa\" Đào Quang Hà đã tới thành phố mang tên Bác. Người đi không sốt ruột bằng người ở nhà 😂",
        "image": "https://scontent.fsgn2-9.fna.fbcdn.net/v/t39.30808-6/493179362_1117044867123178_8576227533243352189_n.jpg?stp=dst-jpg_p480x480_tt6&_nc_cat=106&ccb=1-7&_nc_sid=127cfc&_nc_eui2=AeFMTSJJP7WBrrPrsCFaYW_THGmNK4HHXQ4caY0rgcddDu50eY2cOIZI_iE0nZPUkPXFnfgX3l35NBQCoT0E2Oq9&_nc_ohc=FGlJKcYTuuUQ7kNvwGo2F1n&_nc_oc=AdkdelFvgtNztauCBJWZo0kKC_fXZfskykgPqkzhsZ7qu71z6TiwzoZ_Ah7usmoSR6Byox0NPYaSNS3mg9renTV2&_nc_zt=23&_nc_ht=scontent.fsgn2-9.fna&_nc_gid=U2plg05xFe9dwolSOOjAmA&oh=00_AfGSXUrfv6zl8VlrCouEc6cmOu08je23L2rljOuuSdVGuA&oe=68161008"
    },
    {
        "caption": "Đi \"concert Quốc gia\" được xé túi mù luôn 🇻🇳 Quá trời dễ thươnggg 🥰\n\nẢnh: lucilovestrawberri, idraftle",
        "image": "https://scontent.fsgn2-7.fna.fbcdn.net/v/t39.30808-6/494064150_1116983633795968_7284608286909575919_n.jpg?stp=c0.289.1080.564a_dst-jpg_s1080x563_tt6&_nc_cat=100&ccb=1-7&_nc_sid=833d8c&_nc_eui2=AeFga4tJTtZaEegP6i8PK53i6PT3Bt2gVtvo9PcG3aBW2x5QkM8X4vnQ517Ooik9iZ8H95KuMwemgKIH33386szu&_nc_ohc=N01iEwmye6oQ7kNvwHcS6hc&_nc_oc=AdlvIPDLaJD9yR0z4Xwud-UhWjU2Qsonz7EqPLhCxkrjGQO36kvwAa7ck7liNaykYqwDBUkZDLbkWZINt-nGMVHv&_nc_zt=23&_nc_ht=scontent.fsgn2-7.fna&_nc_gid=U2plg05xFe9dwolSOOjAmA&oh=00_AfFG1gCDHgHXSPV-9mnHeDHUHA8u4YIyhbP7-sIRdWmP0Q&oe=68162E04"
    },
    {
        "caption": "Cố lên cố lên... sắp tới gòi, sắp tới gòi 🤣",
        "image": "https://scontent.fsgn2-7.fna.fbcdn.net/v/t39.30808-6/492544012_1116964640464534_6177655265123977115_n.jpg?stp=dst-jpg_p480x480_tt6&_nc_cat=108&ccb=1-7&_nc_sid=127cfc&_nc_eui2=AeEWlZorMkkYZI3Onw-tXBaoRt_9lq1ofJ5G3_2WrWh8nsaWw4LjQiSYxajXywFNV0-mVxnwHe_7Mdv271W5dS8n&_nc_ohc=JBE5Kpi5cWYQ7kNvwEYDB8o&_nc_oc=AdmUETr4bk5p-NhHunfuI7OYjpoDdtXjr18sP9RkAfX_-pDpOZ87WsS8Hmqui81yZ1YSvmecRMa0LOEKJIeJ5aeV&_nc_zt=23&_nc_ht=scontent.fsgn2-7.fna&_nc_gid=S4YW2WwVz9pndM9DB1-vjg&oh=00_AfHu1WnbiIZyjpnyvQqBx-aIeJ_1JgWt35wYrw5FRVn3Rg&oe=68160F0D"
    },
    {
        "caption": "Bản tin chiến thắng 26/4/1975 🇻🇳\n\nNhững ngày cuối cùng của tháng 4/1975, trước diễn biến mau lẹ của tình hình chiến trường, trước sức tiến công áp đảo của Quân giải phóng, nội bộ chính quyền, quân đội Sài Gòn tiếp tục có sự phân hóa mạnh mẽ.\n\nSau khi Nguyễn Văn Thiệu, Cao Văn Viên và nhiều quan chức cao cấp của chính quyền Sài Gòn chạy ra nước ngoài, một số tướng lĩnh chóp bu của quân đội Sài Gòn xúc tiến chiếm ghế tổng thống nhưng toan tính ấy không nhận được sự ủng hộ của Mỹ và Pháp...  \n\nVào lúc này, ta hình thành thế bao vây Sài Gòn từ 5 hướng: Hướng Tây Bắc - Quân đoàn 3; hướng Bắc - Quân đoàn 1; hướng Đông Nam - Quân đoàn 2; hướng Đông - Quân đoàn 4; hướng Tây và Tây Nam - Đoàn 232 và Sư đoàn 8 (Quân khu 8 ). Các cánh quân của ta đã tập kết tại các bàn đạp tiến công.\n\nSáng ngày 26/4/1975, bộ phận tiền phương của Bộ Chỉ huy Chiến dịch Hồ Chí Minh chuyển xuống Căm Xe, phía bắc Dầu Tiếng. \n\n17 giờ ngày 26/4/1975, chiến dịch Hồ Chí Minh bắt đầu.\n\nNguồn: Ban Tuyên giáo TW Đoàn\n\n———————————————\n   \n“Hòa Bình Đẹp Lắm” - chiến dịch do Trung ương Đoàn Thanh niên Cộng sản Hồ Chí Minh phối hợp cùng Kenh14.vn thực hiện, nhân kỷ niệm 50 năm Ngày Giải phóng miền Nam, thống nhất đất nước. \n\nHãy cùng nhau sử dụng template CapCut “Hòa bình đẹp lắm” (dưới phần bình luận) và lan tỏa Hashtag #hoabinhdeplam – như một cách ghi dấu cảm xúc, kể lại câu chuyện hòa bình dưới góc nhìn của chính bạn với tinh thần  “Biết ơn – Tự hào – Tiếp nối”!\n\nVì Hòa Bình Đẹp Lắm và bạn đang sống trong những giây phút tuyệt vời ấy, mỗi ngày.\n\n#hoabinhdeplam #TWDoan #kenh14 #MauCoThongNhat #50namtuhaodantoc #Tuhaongay30thang4",
        "image": "https://scontent.fsgn2-6.fna.fbcdn.net/v/t39.30808-6/492577303_1116803383813993_5549676273495884388_n.jpg?stp=dst-jpg_p480x480_tt6&_nc_cat=110&ccb=1-7&_nc_sid=127cfc&_nc_eui2=AeGX8G27cVC9Tf3vAinuE0WOwVu0Qu2M3GzBW7RC7YzcbHH-nIfDeX4z29fv9BMKoe89it-bi62jQE3L_eZ56o6k&_nc_ohc=fJlou3TPJhIQ7kNvwGM1WlC&_nc_oc=AdmnWGOesI-WLE6HCWcOHt4u0fut3CgUBUxcRSyYaC7oJjCoNDPvgnGCj1-wGVOB-BunIl7oBrS7_Xpq30XiHXDM&_nc_zt=23&_nc_ht=scontent.fsgn2-6.fna&_nc_gid=bzADaC3MCfLzP3FUdsoC4A&oh=00_AfEmFbjSYm1rGwzBV0A6tC_3fNrwqtRAKQYJDfsUC9BKvA&oe=68164319"
    },
    {
        "caption": "🎬 Đạo diễn Victor Vũ: \"Từ lâu, tôi làm việc trong showbiz nhưng không thích sống theo showbiz. Thật lòng là như vậy. \n\nTôi không bao giờ khao khát mình là một người của công chúng hay nổi tiếng. Tôi chỉ nghĩ đến việc được làm phim là đam mê từ khi còn bé nên ngày nào còn được làm nghề, tôi cảm thấy rất hạnh phúc. \n\nTuy nhiên, khi làm phim, tôi cũng phải đứng ra, đôi khi phải quảng bá phim, làm các hoạt động về truyền thông. Thật lòng mà nói, tôi sống trong thế giới showbiz, làm việc trong showbiz nhưng không thích sống theo showbiz\".",
        "image": "https://scontent.fsgn2-6.fna.fbcdn.net/v/t39.30808-6/492847225_1116735903820741_5735241924928671282_n.jpg?stp=dst-jpg_s600x600_tt6&_nc_cat=110&ccb=1-7&_nc_sid=127cfc&_nc_eui2=AeH7LKZj4vlLO9yGxQR3IEfu-4uIvN0joyD7i4i83SOjINOQ6TjnB169RvX60GkfPA65gs6QY1MiCM8WcVV3ClRv&_nc_ohc=_63UxR_vVVMQ7kNvwFxzPwm&_nc_oc=AdkteqDRie6gsyXUhqbOJexFTNbmexK1hBbtCh27LXvlsulnCY8uc-IaJyhuW0_gNZmQ50UCXrvNziaxBUhh9Ukk&_nc_zt=23&_nc_ht=scontent.fsgn2-6.fna&_nc_gid=X1Zsd5DUwfGNz3kI4rnEPA&oh=00_AfHtz0fASV8-ITiVedpkN5iDGia00_bSC-AGK0e6MGADhQ&oe=6816226B"
    },
    {
        "caption": "🎬 Đạo diễn Victor Vũ: \"Tôi nghĩ cả Lật Mặt 8 và Thám Tử Kiên đều là tâm huyết rất lớn của anh Lý Hải và tôi. Tôi có thể chắc chắn điều đó, đây là tâm huyết rất lớn của cả hai nhà làm phim. \n\nHơn nữa, hai bộ phim là hai màu sắc hoàn toàn khác nhau. Khán giả hoàn toàn có thể xem cả hai phim. Tôi không nghĩ có tinh thần cạnh tranh gì ở đây hết. \n\nNgười hưởng lợi nhất cũng không phải tôi và anh Lý Hải, mà là khán giả\".",
        "image": "https://scontent.fsgn2-7.fna.fbcdn.net/v/t39.30808-6/494052804_1116697567157908_1384817967919742590_n.jpg?stp=dst-jpg_s600x600_tt6&_nc_cat=108&ccb=1-7&_nc_sid=127cfc&_nc_eui2=AeFrBkLAgLuig1EN1zDWcHJYi65WtpF1xk-Lrla2kXXGTw3Irtz5drWKzBvxdsPBO_tkdrSWxOOsr-Jb-fjyMvgf&_nc_ohc=nZJnz4InCSgQ7kNvwFKrRxv&_nc_oc=AdllMfcCPHrxv8qY3jqAbBgz6SDgZhyWy26QARYkuWt6Pmk-GR4tkecJ36Q2c9-UFoLuW2H_yO-UMI4R-ffOAPp5&_nc_zt=23&_nc_ht=scontent.fsgn2-7.fna&_nc_gid=X1Zsd5DUwfGNz3kI4rnEPA&oh=00_AfEh9JvrP7GzuHaaFkYuq3dmIyPfWQjP6HkwQotEgDf_MQ&oe=68162512"
    },
    {
        "caption": "Tina Thảo Thi - Hoàng Anh Panda: Đôi bạn bù trừ tính cách cho nhau 🤣",
        "image": "https://scontent.fsgn2-7.fna.fbcdn.net/v/t39.30808-6/493938776_1116674770493521_4773736734054065099_n.jpg?stp=dst-jpg_s600x600_tt6&_nc_cat=100&ccb=1-7&_nc_sid=127cfc&_nc_eui2=AeEnzADXgoZyIEQXaTTpVBUdFX4f-DjjascVfh_4OONqxyjFAfbVPiL_31FXyaD5fbv6X9NwKbKdHCFzqeU3IcNC&_nc_ohc=szfJJYdOdrcQ7kNvwEwIgcK&_nc_oc=Adlw-2BNynlFMwxfoasWwFIukKUzIy45w5Nrq4dqwuvmI-LAHBMrqcMRVqzneKHcOwHdNin0PsaXqrZ_Pg8YjzEW&_nc_zt=23&_nc_ht=scontent.fsgn2-7.fna&_nc_gid=jynj3TXlmPg28LBkzv10SA&oh=00_AfEtnKTkzpcqHA5YXQSqsCBEgKO-5z73CX6SgMwsLVDfuw&oe=68163BC0"
    }
]