[
    {
        "caption": "Danh sách các nhà vô địch trong kỷ nguyên Premier League",
        "image": "https://scontent.fsgn2-8.fna.fbcdn.net/v/t39.30808-6/493263684_1650504938963731_1649444438601362345_n.jpg?stp=dst-jpg_s600x600_tt6&_nc_cat=102&ccb=1-7&_nc_sid=833d8c&_nc_eui2=AeFhXK7insVmvYj1uQOiUhBoxT56H85qDIzFPnofzmoMjMsY-0n9rmWrrEtrADY6w9KtSFvp3g2dpTPd4VIs8QP6&_nc_ohc=_b1xhTZod5IQ7kNvwGFiqph&_nc_oc=Adkt_7rklwvVXRLqTBypG9bMpZOEqImODb5WoCUYrJZ_V7uzvtoFRWv8ZCs2bbZGyg88w9lEVG5QNt-z9J3B4ue8&_nc_zt=23&_nc_ht=scontent.fsgn2-8.fna&_nc_gid=2XzgfruzYoxNaTWTBdARVQ&oh=00_AfGuzwnFZ0-8ocBlnlU2SKVkDNEqtEYny_G6RTPEkYT6Mw&oe=681603F7"
    },
    {
        "caption": "Trận Chung kết FA mùa này sẽ là màn chạm trán giữa Man City và Crystal Palace. Trận đấu sẽ diễn ra vào ngày 17/5",
        "image": "https://scontent.fsgn2-5.fna.fbcdn.net/v/t39.30808-6/493260826_1650495775631314_5266470130368057969_n.jpg?stp=dst-jpg_s480x480_tt6&_nc_cat=104&ccb=1-7&_nc_sid=833d8c&_nc_eui2=AeFjTRge4wY6reir6ar_TMzCsLuphtlfPvKwu6mG2V8-8pvL61JeKZoXVijJWj5fWQ7_a0DkzKtgD6wtKzqLtrrX&_nc_ohc=JUTyQ-zX0yQQ7kNvwE6rLji&_nc_oc=AdnIme6rE4crmaAftWOvmDItG4bA2I3bjuOIEpC4wPaqr9rTRBMReSI2AE8kSoFji4ZJT_gwA_RQTez8gCfB3zGu&_nc_zt=23&_nc_ht=scontent.fsgn2-5.fna&_nc_gid=2XzgfruzYoxNaTWTBdARVQ&oh=00_AfFA3z-ceUpX3zY6e8pOJp4_E7WnIMVHes3nBrP0u7tXdQ&oe=6816069E"
    },
    {
        "caption": "Chúc mừng Tân vương của Premier League 2024/25. Đây là danh hiệu vô địch quốc gia lần thứ 20 của Liverpool.",
        "image": "https://scontent.fsgn2-11.fna.fbcdn.net/v/t39.30808-6/494018358_1649923379021887_8593934087800112657_n.jpg?stp=dst-jpg_s600x600_tt6&_nc_cat=105&ccb=1-7&_nc_sid=833d8c&_nc_eui2=AeGn5oQtxUvO-uoxRrnoRRei4YBHVfNUnevhgEdV81Sd61awAAPglCVZy3TlbAohJzQakk-sRwj5JVjWeRStOLZt&_nc_ohc=j-XZ_LqNaq0Q7kNvwETXoas&_nc_oc=AdmkCETQlefHdHDE79xvJ5iDhFvpIHhF_qH_oo25sIlv0mgsaBbYxFOPL4KNvM3Njo1lRH17uF6AvcQKcIoHusCh&_nc_zt=23&_nc_ht=scontent.fsgn2-11.fna&_nc_gid=2XzgfruzYoxNaTWTBdARVQ&oh=00_AfErdvwLk5QhPozbwybzVdEKcmWtlBrU3E9NXQerG1U_zQ&oe=68160565"
    },
    {
        "caption": "Liverpool đang ở gần chiếc cúp này hơn bao giờ hết",
        "image": "https://scontent.fsgn2-3.fna.fbcdn.net/v/t39.30808-6/494020772_1649877342359824_6173644066741503472_n.jpg?stp=dst-jpg_s600x600_tt6&_nc_cat=107&ccb=1-7&_nc_sid=833d8c&_nc_eui2=AeHL5FfaH7UsKEemADR5r78wSVNv50kn0fBJU2_nSSfR8EV8DqT7BbAQtApu-cvsDMtFHK9q_yHkDY2C-mnbsgiT&_nc_ohc=-GaZz7zlu0MQ7kNvwHYirLc&_nc_oc=Adk2MbVbRD_gyk1nQp_wK5LzLGj2_BMSNkZ4imBnbF35TFtxhdnEMA99rMJF8C53rbQp_-76xpXYVzUKjne__w44&_nc_zt=23&_nc_ht=scontent.fsgn2-3.fna&_nc_gid=2XzgfruzYoxNaTWTBdARVQ&oh=00_AfE3Evf6oZ6zVbRNZ41MQFdvGzPzDBSBRKZK2qIHFOylKQ&oe=68162A07"
    },
    {
        "caption": "Hết giờ. Inter Milan gục ngã trước Roma",
        "image": "https://scontent.fsgn2-6.fna.fbcdn.net/v/t39.30808-6/493729026_1649859689028256_8234459287582941225_n.jpg?stp=dst-jpg_s600x600_tt6&_nc_cat=111&ccb=1-7&_nc_sid=833d8c&_nc_eui2=AeGgD-bIkUihwcyA10ABjoZWpc8q4ES0sHWlzyrgRLSwdVl_Mryz7SNDRSSECkqUuQU7Dl6E42xwjweTnAeYyZBl&_nc_ohc=1T-MRqflUdEQ7kNvwGAVFwY&_nc_oc=Adlc19CXXSN_eJxFKfMrgd85cy5xt9ANqJ2YxyWOPG1QSgps11QsWlbQXfid0K0hIPH5bxrV96DhxaMEWDJQd1hv&_nc_zt=23&_nc_ht=scontent.fsgn2-6.fna&_nc_gid=2XzgfruzYoxNaTWTBdARVQ&oh=00_AfGyrBNQ0g_aDVW0XJZTfPRhmyw6JDG1D75FkbZfunDZWA&oe=68162C38"
    },
    {
        "caption": "Hojlund giúp Man Utd thoát thua với bàn thắng phút bù giờ.",
        "image": "https://scontent.fsgn2-9.fna.fbcdn.net/v/t39.30808-6/493732787_1649840775696814_8539629638512726881_n.jpg?stp=dst-jpg_s600x600_tt6&_nc_cat=106&ccb=1-7&_nc_sid=833d8c&_nc_eui2=AeGDmcK6niQ0_S4U4UBf4gQBD2wCOH4IeJwPbAI4fgh4nMdFOofVX4zYUO-MZJOTljVCKlp8L7cE0C_wkOMcF6ry&_nc_ohc=sw9KEvdgn9IQ7kNvwHwrFAt&_nc_oc=AdmVfJpeVZZyrLttLfkfgtu6LV8ZT2nOvH9x1hYOygZjqbUf0VakcqK-tA96Kd4Gf9W5B2Ey_vPWX490f0ssntEs&_nc_zt=23&_nc_ht=scontent.fsgn2-9.fna&_nc_gid=2XzgfruzYoxNaTWTBdARVQ&oh=00_AfHvpPpWJJ6LHajSHbtUHVRRKAcC6S5snT-sMRlnv7YO_A&oe=68160638"
    },
    {
        "caption": "Viettel ký hợp đồng với HLV Popov tới hết mùa giải 2026/2027",
        "image": "https://scontent.fsgn2-7.fna.fbcdn.net/v/t39.30808-6/493266170_1649536875727204_6155417379925681521_n.jpg?stp=dst-jpg_s720x720_tt6&_nc_cat=108&ccb=1-7&_nc_sid=833d8c&_nc_eui2=AeGJjfH_pvfkiZQjAuTrXyNl7YT9QuOFOV7thP1C44U5XmbGJZX2HBw9FI8gfad404PgEYb2EpNVxN0LUmNM_Taa&_nc_ohc=U2l2z2IMgoAQ7kNvwHE84cH&_nc_oc=AdnZUYFBOJTKB27WG1dFiOljc53qUtFVtXdsLSwY7hNv5fDlKr-bUPbkpn9QBQkRmvI0k_1BUJbSdgA1h3LoVCMc&_nc_zt=23&_nc_ht=scontent.fsgn2-7.fna&_nc_gid=2XzgfruzYoxNaTWTBdARVQ&oh=00_AfEuD95Hv5M3rvrzhGO9yioq_zuND-Fseld_r8nNE1DEUA&oe=681629DD"
    },
    {
        "caption": "Chúc mừng Barcelona",
        "image": "https://scontent.fsgn2-10.fna.fbcdn.net/v/t39.30808-6/493339953_1649474595733432_6467964294055886906_n.jpg?stp=dst-jpg_p480x480_tt6&_nc_cat=109&ccb=1-7&_nc_sid=833d8c&_nc_eui2=AeH3dALjgeP5tzuVFaTg5dc2COlXsgOfigcI6VeyA5-KB_M4WbnAQNZvKPFXmrb0gtEv6S04rQg0JrO-USMksXgH&_nc_ohc=hlpqvVl-2iYQ7kNvwFdoztg&_nc_oc=AdlXE97wjq_bhe7QT_yq5RWU9wu-MhdQ3_gDk8Uvmq6Ohq2DVhofvItL04do2InUGyaHUVCPr99PODjxJSG_qdsZ&_nc_zt=23&_nc_ht=scontent.fsgn2-10.fna&_nc_gid=2XzgfruzYoxNaTWTBdARVQ&oh=00_AfHVaNM6N5vjkbEsibH7oupkwDFLoS5ptGTCPccGGWGZpA&oe=68162570"
    },
    {
        "caption": "Hết giờ",
        "image": "https://scontent.fsgn2-6.fna.fbcdn.net/v/t39.30808-6/493923038_1649081785772713_4606199889227719072_n.jpg?stp=dst-jpg_s600x600_tt6&_nc_cat=111&ccb=1-7&_nc_sid=833d8c&_nc_eui2=AeFhttUEswS7x50O4SOZ24z2M5sXBZYqcqgzmxcFlipyqC0RIj4O6f2wYbVuyYj5S5mP_66J9eXtns5EJ5U9P-Ye&_nc_ohc=oeF5hkPpWnQQ7kNvwH4IlC-&_nc_oc=AdkoD8s45r-tVX6uJbRC9uyRVBS0h7Wc5QGL2REDkcPkPcUHNiNyRuoq82JhbCcJfBlc7c5lrMJq2r1R-1vzz0WG&_nc_zt=23&_nc_ht=scontent.fsgn2-6.fna&_nc_gid=tZDxyV9prz4dzyHCDLjt2w&oh=00_AfEKjdWGlZWqC81dtXPsH76rpxVTh2yR8lIpZYpwy2EuXw&oe=681618CE"
    },
    {
        "caption": "Ông Những mở tỷ số cho Chelsea",
        "image": "https://scontent.fsgn2-10.fna.fbcdn.net/v/t39.30808-6/493085384_1648994119114813_4401802409740774479_n.jpg?stp=dst-jpg_p843x403_tt6&_nc_cat=109&ccb=1-7&_nc_sid=833d8c&_nc_eui2=AeEuysw5VlrJEmtK0GyVRjmS_vTSUT4vLnr-9NJRPi8uekVe2TelJbTzWDC_y_c2Oeqn5oC11b2Y8BIIZNMCHJdl&_nc_ohc=LGL5_JGqR78Q7kNvwFe2RJT&_nc_oc=AdmycNRgUdT3k4_AAJTimNoir-WlLnSdJf8-My7tIaLzVpsVeXVMIxgFc2yMpzeaOEHTTrNgY7giNz7p5lQddrgW&_nc_zt=23&_nc_ht=scontent.fsgn2-10.fna&_nc_gid=tZDxyV9prz4dzyHCDLjt2w&oh=00_AfGVlByg5bEc4zhXVKreuzwf6fd92P1eF_MiDZQpDpfe0Q&oe=68162D05"
    },
    {
        "caption": "Trang chủ Real Madrid tuyên bố vẫn sẽ đá Chung Kết Cúp nhà Vua. Không có dỗi gì đâu",
        "image": "https://scontent.fsgn2-10.fna.fbcdn.net/v/t39.30808-6/493137012_1648893759124849_1920763475097906798_n.jpg?stp=dst-jpg_s600x600_tt6&_nc_cat=109&ccb=1-7&_nc_sid=833d8c&_nc_eui2=AeHCUlao5_dW-7X8MbmIO2levaE5CZSEtl69oTkJlIS2XpkI1LLG42S4_TYuizbXvjkdIOvJr61bf6dlKHmrR1Vk&_nc_ohc=hay6e_UUHG4Q7kNvwEtypg9&_nc_oc=Adk92QbBM4Cj6iwn08KA66UiuVkprsVgs_Gzhf7u_biWyVaeqyR1VG1OVp-4q39VrSW2Hy7Ovv5mHFIqSY9OgGja&_nc_zt=23&_nc_ht=scontent.fsgn2-10.fna&_nc_gid=tZDxyV9prz4dzyHCDLjt2w&oh=00_AfGEMTNUsVYnHy8m1_suNs2ipxcD7qtM7AdFqhJkyRxa7w&oe=68161279"
    },
    {
        "caption": "",
        "image": "https://scontent.fsgn2-8.fna.fbcdn.net/v/t39.30808-6/492280937_1647377345943157_8009458503948998496_n.jpg?stp=dst-jpg_s480x480_tt6&_nc_cat=102&ccb=1-7&_nc_sid=6ee11a&_nc_eui2=AeHhFg4o0PzMw_67EnsKcUYYzxOGDOIGRyPPE4YM4gZHI8xjeR2ooTAjVgz2GM5YmR5rwh14p-PLVUOBnzqo5NsZ&_nc_ohc=XgFnubC658kQ7kNvwHBL8pZ&_nc_oc=Adl3zwmxbKyXaQxYzvdzplw4xEWdryGBFQxkUCWVq2mO1gG3Nd7kCsFw2QdQLcyXTtkLj-4khExynSAvtScv273n&_nc_zt=23&_nc_ht=scontent.fsgn2-8.fna&_nc_gid=tZDxyV9prz4dzyHCDLjt2w&oh=00_AfEN0dPsS9Qb6NvS7hiGietLe11TMf0zgpB7ZXh-3PFcag&oe=6815FEC6"
    },
    {
        "caption": "",
        "image": "https://scontent.fsgn2-3.fna.fbcdn.net/v/t39.30808-6/492234927_1647261789288046_1291919449752138237_n.jpg?stp=dst-jpg_p480x480_tt6&_nc_cat=107&ccb=1-7&_nc_sid=cc71e4&_nc_eui2=AeHtF0X8heIRM1w1nhlZRBIYgtERwDylfJOC0RHAPKV8k__h-gNefrAGzs-QnF0fO4NTloGw12I0B9HdGGi8as7G&_nc_ohc=NzZMjmoNqMUQ7kNvwF4ifzZ&_nc_oc=AdmTHMh4pEfMjVvGTfA2ITbZXRoQxZWDVW00h6egNZkWBRDzrlBrcVuyTgKArRa5Wkn3k72Sq0rk07Uu61-pFhdN&_nc_zt=23&_nc_ht=scontent.fsgn2-3.fna&_nc_gid=tZDxyV9prz4dzyHCDLjt2w&oh=00_AfGkpL_pq_vynme7utRQ757sYvWAruym2tmiORxwifsA6g&oe=6816257E"
    },
    {
        "caption": "Khoảng cách giữa Barcelona với Real Madrid tại La Liga hiện đã là 7 điểm, nhưng đội bóng xứ Catalan chơi nhiều hơn 1 trận",
        "image": "https://scontent.fsgn2-8.fna.fbcdn.net/v/t39.30808-6/491229889_1646453416035550_5115283127439222508_n.jpg?stp=dst-jpg_s600x600_tt6&_nc_cat=102&ccb=1-7&_nc_sid=833d8c&_nc_eui2=AeFBLUC_TPiQ_wPqDy2OOokwkeBDnWSBrcOR4EOdZIGtw5OFRgdDMGiWCOZJgpklSi4QjMFV73l1DzAcwrcRCCec&_nc_ohc=3_NVlAnC-UMQ7kNvwFiSTzW&_nc_oc=Adnbp1OI1BOF2em25sUqKgFSpsl3bJ8ddVoUFxFMiGEvEzrd7UzS6sKvKF3rYs8sQkZC7yznX6lMhLY1KehKeSO7&_nc_zt=23&_nc_ht=scontent.fsgn2-8.fna&_nc_gid=tZDxyV9prz4dzyHCDLjt2w&oh=00_AfE7TdeJ7oN9SqJ1EAljqyAfzhHLHPCKc0xLCxltstQxgw&oe=68161F72"
    },
    {
        "caption": "Vào tháng 6 và 7 tới ĐT Nữ Việt Nam sẽ ra quân tại vòng loại giải vô địch bóng đá Nữ châu Á 2026. Với lợi thế sân nhà, các cô gái của HLV Mai Đức Chung hứa hẹn sẽ có một vòng loại thành công.",
        "image": "https://scontent.fsgn2-6.fna.fbcdn.net/v/t39.30808-6/492298395_1646019882745570_1552551781744852501_n.jpg?stp=dst-jpg_s600x600_tt6&_nc_cat=111&ccb=1-7&_nc_sid=833d8c&_nc_eui2=AeGjvLLLDYP8Yz4Zapeh5ypcW_zht6uE-Y9b_OG3q4T5j01NWpaTkmU3jk1qIcoR3RYEuFTYGjnaHF5fWBXlI4cI&_nc_ohc=3Bqig_sIYZ8Q7kNvwF6CfKu&_nc_oc=AdlcxTrh1_oHT8rNwLr7ZC6tq-5kGGgnP_GaDQXW9L8dMe-lI0c4oTfj1_dTx3757TpBOaGRSPym7_gbXITXvW2K&_nc_zt=23&_nc_ht=scontent.fsgn2-6.fna&_nc_gid=tZDxyV9prz4dzyHCDLjt2w&oh=00_AfHgy1v2I7oIqrggwwXXv3raniu7nZWg-sVRx2BeHgvtJA&oe=6815F902"
    },
    {
        "caption": "Lamine Yamal ở tuổi 17",
        "image": "https://scontent.fsgn2-8.fna.fbcdn.net/v/t39.30808-6/492966211_1645860076094884_2940290230540509966_n.jpg?stp=dst-jpg_s600x600_tt6&_nc_cat=102&ccb=1-7&_nc_sid=833d8c&_nc_eui2=AeHu0kcAK83K5kxoQfmP7cTPiPWEe-BbWB2I9YR74FtYHagwA8rH-SP0I-y7vN3fIa4cYhYYloQrBm-XnF6hHgq6&_nc_ohc=kAf2D5dvze0Q7kNvwHz5ZhZ&_nc_oc=Admmsb9nAo8luqGP8Hv0ILtlj1Nl1ADCWH4fNoKR16pjGdu8DnjFZKNFRHhiH-YNhOL1H_DBcR3JQqqFM9qmsq7z&_nc_zt=23&_nc_ht=scontent.fsgn2-8.fna&_nc_gid=tZDxyV9prz4dzyHCDLjt2w&oh=00_AfGwpDPnlxD_wMVsMm0oLXI8Ljp706zQ8CELJaBlpuwe6w&oe=6815FAAE"
    },
    {
        "caption": "Các trận đấu còn lại của các ứng viên Top 4",
        "image": "https://scontent.fsgn2-7.fna.fbcdn.net/v/t39.30808-6/492024502_1645790982768460_1400011494575963102_n.jpg?stp=dst-jpg_p843x403_tt6&_nc_cat=100&ccb=1-7&_nc_sid=833d8c&_nc_eui2=AeGeeTSfMZ-RnJePOmJBPPTdxeRk4hkMwcPF5GTiGQzBw1h_QtuZw79CXQazpAVB3DpOhCBj8sEOb-I_LxkZ4cBx&_nc_ohc=htKKI0OfSI4Q7kNvwF_lLV1&_nc_oc=AdnIB0hmAG1PA_882C72T3nj3k9mip1opd-h7yEnaYYfINKbvbKA1mhLjfJmX6uSIWwQW4cvf1B826I_ZcT1K1rM&_nc_zt=23&_nc_ht=scontent.fsgn2-7.fna&_nc_gid=Bqc3ujj90SJaZWHVRPUKDg&oh=00_AfG8z4GYouhe1p-XriCahqsYzdZGSM750S1mMGhU-P4ZDA&oe=68160AC0"
    },
    {
        "caption": "Chúc mừng U17 Uzbekistan trở thành nhà vô địch của U17 Châu Á 2025",
        "image": "https://scontent.fsgn2-6.fna.fbcdn.net/v/t39.30808-6/492043089_1644835229530702_6326941334218522092_n.jpg?stp=dst-jpg_s600x600_tt6&_nc_cat=110&ccb=1-7&_nc_sid=833d8c&_nc_eui2=AeGj24VhTsDnW0l8qWhkQVEu1lbEwsp3eUDWVsTCynd5QKaHqOZSUsm5yFy31suJ4Re741RT-MfBmwJVLecs3En7&_nc_ohc=nOwVKhWiHtsQ7kNvwGRG1D7&_nc_oc=AdkvLJo3i_kNBpBx52VXilEKBUDfs4nVaqjz4jJXmCTbR6J-go-d0CUAWFisAx0VUAeTHuJQ7PkJNAa04SQH-EbH&_nc_zt=23&_nc_ht=scontent.fsgn2-6.fna&_nc_gid=Bqc3ujj90SJaZWHVRPUKDg&oh=00_AfGXcfnRzKqcjg6jruuV3-Cr6HC5GldJPIDGChSODqLHoA&oe=68161A45"
    },
    {
        "caption": "Cuộc đua giành vé C1 mùa tới đang căng thẳng hơn bao giờ hết",
        "image": "https://scontent.fsgn2-8.fna.fbcdn.net/v/t39.30808-6/492499670_1644829336197958_9166344640450140132_n.jpg?stp=dst-jpg_p843x403_tt6&_nc_cat=102&ccb=1-7&_nc_sid=833d8c&_nc_eui2=AeEI_l6En9eP_mcJxxJZCT-Co3x0i8WE6xejfHSLxYTrF63AMbaNeylyjaBxLIJ22bzRhda328HmjX6mjljUU3im&_nc_ohc=Bsqr_GPK87IQ7kNvwEXP4td&_nc_oc=AdkIzCyCBh-0DsfZrLSQljDF35V65Witi5zPLYwfODtX1jRz3Ka5AUMf1oGqC8l6jceDIZE_ATNtDr1VkrySCu3L&_nc_zt=23&_nc_ht=scontent.fsgn2-8.fna&_nc_gid=Bqc3ujj90SJaZWHVRPUKDg&oh=00_AfGeH5_TUmKmsPewnbZAVaL3bq1_TAtI6VZYnyEui8lx0g&oe=6815FBD3"
    },
    {
        "caption": "Hết giờ. Man Utd gục ngã trước Wolves",
        "image": "https://scontent.fsgn2-7.fna.fbcdn.net/v/t39.30808-6/492047565_1644730222874536_5784981384280208660_n.jpg?stp=cp6_dst-jpg_p480x480_tt6&_nc_cat=108&ccb=1-7&_nc_sid=833d8c&_nc_eui2=AeGNnLKQzED6UYNsC4WpN0mDhjuRunKJCriGO5G6cokKuAYZnXzto8FkK4jHMUD4HjrPGQyaNbxae4g5sNVYQI3u&_nc_ohc=ERMHB21t5fsQ7kNvwHKt0Rc&_nc_oc=Adl24FL7oWBOEnhEKcEtVgyKZ_fIDFXcBxz3_MlTNY2dpppVoRP34P6MAaBgTLewQ_s9MophtrB90UFjna7uB3cu&_nc_zt=23&_nc_ht=scontent.fsgn2-7.fna&_nc_gid=Bqc3ujj90SJaZWHVRPUKDg&oh=00_AfELsjsrUN7Yxb2aRlT1XJHFpOylI6f-nhldavXqqYqShA&oe=681612A3"
    },
    {
        "caption": "Pedro Neto 2-1 cho Chelsea",
        "image": "https://scontent.fsgn2-5.fna.fbcdn.net/v/t39.30808-6/492538638_1644726429541582_5043185819869224390_n.jpg?stp=cp6_dst-jpg_s720x720_tt6&_nc_cat=104&ccb=1-7&_nc_sid=833d8c&_nc_eui2=AeF_pF8Caw1e6IEF5UHs5FL6Pb_XIANLzIs9v9cgA0vMi3wPMCAu5vO1RYKPR3m8d-D3nSgxpjorl3FDl9NyNqK7&_nc_ohc=my-2EiIEoIIQ7kNvwEkoCcE&_nc_oc=AdldfJ9O4pUucEdu6lHeQL25UaMwKWBaCi98HA0rd6LifVRqzKGsdvgOcH0wyMol2tG_TrrPRRDKXrdyfzHSuhay&_nc_zt=23&_nc_ht=scontent.fsgn2-5.fna&_nc_gid=Bqc3ujj90SJaZWHVRPUKDg&oh=00_AfFvkqjv6E2Xwb80QCdfw1FatanpZQjdFnK4JMP1mZmPZQ&oe=68161E3D"
    },
    {
        "caption": "Không khác gì phim hành động",
        "image": "https://scontent.fsgn2-9.fna.fbcdn.net/v/t39.30808-6/492185557_1644062446274647_3884084946109624101_n.jpg?stp=dst-jpg_s600x600_tt6&_nc_cat=103&ccb=1-7&_nc_sid=833d8c&_nc_eui2=AeFgxOtqpFIBov-rpLKrwWPx8nEehfQrEyjycR6F9CsTKJ90JJ4THfnEIGF1RSM980GyUW1l6YDYmRZ7fHlZmwqR&_nc_ohc=C0v0ejhSk-8Q7kNvwHNVfZI&_nc_oc=AdlckfyxT-bvxR40i5dhx_mlagFuqoOMihkgvFQbpkRBrZT9SBqlqRYqGR0IROIe-RVS2F_QGL-zRPWip2YcsIEN&_nc_zt=23&_nc_ht=scontent.fsgn2-9.fna&_nc_gid=Bqc3ujj90SJaZWHVRPUKDg&oh=00_AfFpLAO3jvF6CvfGqUv60XSI8hhSRJcsKHb9Uo7nIqLMVg&oe=68160A46"
    },
    {
        "caption": "Barcelona đang ngược dòng cực căng trước Celta Vigo",
        "image": "https://scontent.fsgn2-5.fna.fbcdn.net/v/t39.30808-6/492007027_1644039886276903_7985519426206850254_n.jpg?stp=cp6_dst-jpg_p552x414_tt6&_nc_cat=104&ccb=1-7&_nc_sid=833d8c&_nc_eui2=AeEVEPEW2TXd2sCwY-lOd3AZ8Ne3UG0vDIzw17dQbS8MjDgT18q1BY4b9MK5gbMSCF1UPwP4TA2N6cexnpXLmNI9&_nc_ohc=T_r4d0EBgVsQ7kNvwFumYr_&_nc_oc=Adk48siFKp1xV2grMO8fsDExp6hRR4WTSavm7duMCqHcnMrBS8xudmG-PQdrKzuBT9WA-3EnkG70UwL6BGR-cG8x&_nc_zt=23&_nc_ht=scontent.fsgn2-5.fna&_nc_gid=Bqc3ujj90SJaZWHVRPUKDg&oh=00_AfGZ0G4lSsP4BVLoRX9GpobQwOWnNHuuud-ryPQTn2Kv9g&oe=6816207A"
    },
    {
        "caption": "Tài năng trẻ Mai Ngọc Ánh của điền kinh Việt Nam xuất sắc giành huy chương bạc nội dung nhảy cao nữ tại Giải U18 điền kinh vô địch châu Á, đang diễn ra tại Qatif, Saudi Arabia.",
        "image": "https://scontent.fsgn2-7.fna.fbcdn.net/v/t39.30808-6/492367679_1642977686383123_7239547880587982398_n.jpg?stp=dst-jpg_p480x480_tt6&_nc_cat=108&ccb=1-7&_nc_sid=833d8c&_nc_eui2=AeGWxSzS-xJDm2Sh3UmfSJ5mAsVoswGc4A8CxWizAZzgD9KowI6n7XYp3EXXjqqtHO1oS877TWDmbAs5GxuXJk08&_nc_ohc=Yw28st1s-zcQ7kNvwGEy23e&_nc_oc=AdmLJ5hOSpLF2FeCr-xdhKI6peZb-BG18Y3vv_6NN0VxmUn848LQmRH_qsM4aZELeP0noCsLZKCrP5BHQ-6z0DCx&_nc_zt=23&_nc_ht=scontent.fsgn2-7.fna&_nc_gid=__NNyhW1QBCwN4ht1kozpQ&oh=00_AfEiSFU0deeNeU6anyJ4QaYPmUcc8C2mJQOl8kjDHCCR9w&oe=68162807"
    },
    {
        "caption": "Tuyệt đối điện ảnh",
        "image": "https://scontent.fsgn2-9.fna.fbcdn.net/v/t39.30808-6/492350862_1642827513064807_975031360741914199_n.jpg?stp=dst-jpg_p480x480_tt6&_nc_cat=103&ccb=1-7&_nc_sid=833d8c&_nc_eui2=AeFQxZkXd0-2om_x7YGicesabWwe5MrOih9tbB7kys6KHzTB7I0LGL39ci_pkZpWu3_CfVuc78wcSwQDy7Mh2sMl&_nc_ohc=kL6sDfhrQksQ7kNvwHZs0eE&_nc_oc=Adm_5q6yo9JEKMklxu4xj0Qu26JpPwfez917s55MEEY8EHZjgbocdBm9AoaAJtmYER58slAjbAYsFUnmCi_62kVT&_nc_zt=23&_nc_ht=scontent.fsgn2-9.fna&_nc_gid=__NNyhW1QBCwN4ht1kozpQ&oh=00_AfGZC_HA7f0p0Olzu77D2pBAwzVHFdsOXtwYhziPy89t5Q&oe=68160E0D"
    },
    {
        "caption": "Wow",
        "image": "https://scontent.fsgn2-8.fna.fbcdn.net/v/t39.30808-6/492110729_1642133499800875_3324728677569108194_n.jpg?stp=cp6_dst-jpg_p480x480_tt6&_nc_cat=102&ccb=1-7&_nc_sid=833d8c&_nc_eui2=AeFSL4bvFHFhi-GMFMgDCqW8UsQYXrMh6tBSxBhesyHq0BITNDxQT_jW4Hs4gQewgrnet-9YsKDwwDlN7a7AHMxi&_nc_ohc=0JiOwhsJSqkQ7kNvwECJ4cd&_nc_oc=AdnX3O05jdV76QQ1bwtyeBPETWMOHR7FM6rb3WGNOHUO-Q2iQeyjxubLB9HzxOm0eVK1AyTzmqvC3kKecSjqy4XT&_nc_zt=23&_nc_ht=scontent.fsgn2-8.fna&_nc_gid=__NNyhW1QBCwN4ht1kozpQ&oh=00_AfFYEa5Y8WByDLKRpFq8kkQgIIVfPr0sz7K8AodTY4ap8Q&oe=6816051F"
    },
    {
        "caption": "Lịch thi đấu Bán Kết C1",
        "image": "https://scontent.fsgn2-7.fna.fbcdn.net/v/t39.30808-6/491636101_1642060519808173_5426650991238452780_n.jpg?stp=dst-jpg_s600x600_tt6&_nc_cat=100&ccb=1-7&_nc_sid=833d8c&_nc_eui2=AeEAIQA_dQBP5slbKUNMn5KDesGW7SmUq5R6wZbtKZSrlAGhFBd_YTuzKKRXRkIBvM8-rUTpsgUzE5_cdsNi7Eh6&_nc_ohc=Nw6pQQ7lGCkQ7kNvwEMdBg1&_nc_oc=Adl_6a5Z6kLlD9T02z01Tvj2pMPmkCxm8iVBMVnczHptVq-UWzuh4lon0rfunY_otghzvZbl6XB3QEzeMP5-y25s&_nc_zt=23&_nc_ht=scontent.fsgn2-7.fna&_nc_gid=__NNyhW1QBCwN4ht1kozpQ&oh=00_AfFb2Ha-NxdGAcpHfCVe_9qTg0-jzjY2py2sYh5qjWj8Cg&oe=681625DC"
    },
    {
        "caption": "Sân Santiago Bernabeu sẽ đóng mái vòm ngày hôm nay",
        "image": "https://scontent.fsgn2-8.fna.fbcdn.net/v/t39.30808-6/491222673_1641851893162369_5400433810388724434_n.jpg?stp=dst-jpg_s720x720_tt6&_nc_cat=102&ccb=1-7&_nc_sid=833d8c&_nc_eui2=AeEbNWmOUpw08LLYkD3Qe0VW4b2I13zyMBPhvYjXfPIwE6ivsELsgcgb1binKqu7p8X5J08hSBmnOkeu9EoU73YU&_nc_ohc=o-iLCP3I06EQ7kNvwHsZWhw&_nc_oc=AdnnOxC50MQErVvpevrerArt34tqPhwBpK6YickMzVJwyKXyO0QgrswLKwQWYnlpXMGZj4YmLGNTMdFx8b6aLDXP&_nc_zt=23&_nc_ht=scontent.fsgn2-8.fna&_nc_gid=__NNyhW1QBCwN4ht1kozpQ&oh=00_AfGG5M7t7tYEOliQR265mUeSoLqnpiNaSZT6VcLKSeHbFQ&oe=6815FB1E"
    },
    {
        "caption": "Liệu Real có thể lập lại thứ được gọi là ADN C1 của mình trước Arsenal",
        "image": "https://scontent.fsgn2-6.fna.fbcdn.net/v/t39.30808-6/491244393_1641758536505038_8604430907132491109_n.jpg?stp=dst-jpg_s600x600_tt6&_nc_cat=110&ccb=1-7&_nc_sid=833d8c&_nc_eui2=AeFWbtXzebNDdVxxuXYNfcwcM21QYEtj64ozbVBgS2PriuIWd9t47pXe6GYPid-a0KiXgiwNZvkBbaO2Xm78MzEp&_nc_ohc=9mnaAoonWKsQ7kNvwGRio0e&_nc_oc=Adl81tHCyC8NqXdvfrsPTDilIxmSKnnVqPYGzDt2_VzktA4RRIhBW5gI-igeWnUxtdfDseEVrj7CU5F7Zk8o3d_E&_nc_zt=23&_nc_ht=scontent.fsgn2-6.fna&_nc_gid=__NNyhW1QBCwN4ht1kozpQ&oh=00_AfGK6NDtRykkamWJaueVuT7OdRyNlPZZqJTSvjGtVu63Bw&oe=6815FBD1"
    },
    {
        "caption": "Joshua Zirkzee sẽ phải vắng mặt tới hết mùa giải này vì chấn thương",
        "image": "https://scontent.fsgn2-7.fna.fbcdn.net/v/t39.30808-6/492074804_1641749779839247_5499148671080700745_n.jpg?stp=dst-jpg_p843x403_tt6&_nc_cat=100&ccb=1-7&_nc_sid=833d8c&_nc_eui2=AeEjkg9JfzJAFLmCGC1F6O65UaqirfKwcvBRqqKt8rBy8InTq-IxwSIZ1bnfjcC_jNCkMYXESY5SwzJkuvQObpbJ&_nc_ohc=KVVYN7-BRjkQ7kNvwGF9Bg2&_nc_oc=AdmjIPocdQTzdUCq5tp4IU05z-VIPIMkvV6XXZofkShFmGT6v4WxC38fil5zfu7IIodiBZVfdwSM7VW5fijOYRbJ&_nc_zt=23&_nc_ht=scontent.fsgn2-7.fna&_nc_gid=__NNyhW1QBCwN4ht1kozpQ&oh=00_AfEdmej6f29msXfi86sMF1aS8GJOdLwOjf-I4qlZ2PNToQ&oe=68160A74"
    },
    {
        "caption": "ĐTVN có 3 cầu thủ được chọn vào danh sách Asean All - Stars thi đấu giao hữu với Manchester United",
        "image": "https://scontent.fsgn2-10.fna.fbcdn.net/v/t39.30808-6/491028710_1641589859855239_6015189740819975010_n.jpg?stp=dst-jpg_s480x480_tt6&_nc_cat=109&ccb=1-7&_nc_sid=833d8c&_nc_eui2=AeHQQVoXv7DIA-vHzrSHTYPSzKBNuqS5E1rMoE26pLkTWhyeBvEkjIS2dHDZsqzQ5lnw2Pqa8XlsANtqOVhUiJvx&_nc_ohc=89CPHgPE8EEQ7kNvwH71mKC&_nc_oc=AdlCtJnKoFpzwzXFbNstqy9853aeF0rfuZT9taFvzjWTU66Q5pcMdajJuSzaaPPFGEk0bCAZsPI0nrPQZOvl9jxH&_nc_zt=23&_nc_ht=scontent.fsgn2-10.fna&_nc_gid=zTnBuwxBvLibZ94pDzXZ8A&oh=00_AfHFwwccqt2oNug8WcZWX-wSUINDPzwjcKKTgSQezOCDyQ&oe=6815FE8B"
    },
    {
        "caption": "Barcelona thua trận đầu tiên của năm 2025 nhưng vẫn giành quyền vào Bán kết C1",
        "image": "https://scontent.fsgn2-9.fna.fbcdn.net/v/t39.30808-6/491411771_1641342043213354_4484752044734001532_n.jpg?stp=dst-jpg_s600x600_tt6&_nc_cat=106&ccb=1-7&_nc_sid=833d8c&_nc_eui2=AeGmOa5LvJ82g0I7hyKlkNp-sArLCGGodOCwCssIYah04Eq6jJBB69Z8aZiO98VoVo8q503OTDfJAe138d0_yG53&_nc_ohc=Dmxo-G7LUAUQ7kNvwEXI03h&_nc_oc=Adnwha4CLLm--0GnUEc7pCWTrEiztGWwcR_mABe656LwsC_y7Q6SdG79ki79dhCnWMXIXnyri0dfiZyekR0gYdni&_nc_zt=23&_nc_ht=scontent.fsgn2-9.fna&_nc_gid=zTnBuwxBvLibZ94pDzXZ8A&oh=00_AfGm7744lGjtRL9OQBTDoWCI4Ldl6PQk6d8JhNR1FdoJJg&oe=6816238E"
    },
    {
        "caption": "Liệu có còn cơ hội cho Dortmund",
        "image": "https://scontent.fsgn2-6.fna.fbcdn.net/v/t39.30808-6/490745309_1640954626585429_4343699792716008361_n.jpg?stp=dst-jpg_s600x600_tt6&_nc_cat=111&ccb=1-7&_nc_sid=833d8c&_nc_eui2=AeG-K3o7N7w02f4rzWJ1U1ScUP2QM2modbtQ_ZAzaah1u7k4MI-oZdUypcgmT3NndK1UGXYIZn4vUGx4YTYh53_U&_nc_ohc=Y_d7YnOb-cwQ7kNvwHVhRlO&_nc_oc=AdnVS7nfI5TT8ZR64xccCVIqk3HRsjUrOrmQPoUzXDiLuQ3jXVtQbF4heHsUf1CB07b0RZ463KaBnNL1f9KeNOQ5&_nc_zt=23&_nc_ht=scontent.fsgn2-6.fna&_nc_gid=zTnBuwxBvLibZ94pDzXZ8A&oh=00_AfHHyF55GLszbh-trNdIyADoTsGtEGTReVKdUlzyJrN1AQ&oe=68161821"
    },
    {
        "caption": "U17 Indonesia dừng bước tại vòng chung kết U17 Châu Á sau màn thảm bại trước U17 Triều Tiên",
        "image": "https://scontent.fsgn2-10.fna.fbcdn.net/v/t39.30808-6/490929475_1640457509968474_6166709180344214421_n.jpg?stp=dst-jpg_s480x480_tt6&_nc_cat=109&ccb=1-7&_nc_sid=833d8c&_nc_eui2=AeEy_aq5mEEjgI2SHLi01AKb-zaAona0xD_7NoCidrTEP55QsuZZvwFjZTPXAqW50uBEnA3zojxNrkKRC6x-3rES&_nc_ohc=bi0GuToQ940Q7kNvwGYxboJ&_nc_oc=AdmCsKuMkdNJXtAJd1fxsCvdyOi_YxL18zxA4iwjSMdfvzLbNFdbF5V54RHJt8IncVPp4KfhfF2-UJOb0gCd4KF-&_nc_zt=23&_nc_ht=scontent.fsgn2-10.fna&_nc_gid=zTnBuwxBvLibZ94pDzXZ8A&oh=00_AfER2YfW1NHSEOM4c5FDq3NuuY-77k8VWThVGMtaDDbSCA&oe=681606A0"
    },
    {
        "caption": "Luka Modric chính thức trở thành đồng chủ sở hữu của Swansea City",
        "image": "https://scontent.fsgn2-6.fna.fbcdn.net/v/t39.30808-6/490620609_1640449716635920_7846755951402960557_n.jpg?stp=dst-jpg_s600x600_tt6&_nc_cat=111&ccb=1-7&_nc_sid=833d8c&_nc_eui2=AeE7BsU7ZYLi0QzOGHPAOk5YaMbgJpA_fXxoxuAmkD99fLZ_Q4wB_qOGHA1idc4Zi1Dq_hsSVXSK_hCoqe8FttVx&_nc_ohc=okY_Sr9lpbkQ7kNvwFyipr6&_nc_oc=AdlrimRJUAWhxlwTCiLMxP0OJXKCgaXZVS-nHz_ut_0dJZQHQLfT6fVBsaCs4embuzM7VGhCP_GTCFYZx_TuAFhy&_nc_zt=23&_nc_ht=scontent.fsgn2-6.fna&_nc_gid=zTnBuwxBvLibZ94pDzXZ8A&oh=00_AfEILLEx6n9SxQPp0pF21bbrfb80HfQ626fezxRqa0LUBw&oe=6815FB43"
    },
    {
        "caption": "Top 6 BXH Premier League 2024/25",
        "image": "https://scontent.fsgn2-6.fna.fbcdn.net/v/t39.30808-6/490771047_1640239393323619_3311315631411943450_n.jpg?stp=dst-jpg_s600x600_tt6&_nc_cat=110&ccb=1-7&_nc_sid=833d8c&_nc_eui2=AeGI0o44h_irg3iDubrxgUSxSfFNfIxMa1RJ8U18jExrVMSPzUzs0Yey6TGuLqGrZswsT60nDFt-LNxGb54k3IxO&_nc_ohc=_mSErXvXM4QQ7kNvwG1RzDw&_nc_oc=Admm74iMcTV3t65QjO5KoJNDv7YN-kdY_ROhJq4slqyXyUDCqahgsB8K9I7haa5rsgsROl4PhBGQnyv59maB97XY&_nc_zt=23&_nc_ht=scontent.fsgn2-6.fna&_nc_gid=zTnBuwxBvLibZ94pDzXZ8A&oh=00_AfEaBxDS4oaszcEmD2sL37Ae3nZRQpWdD-1iKDovCoMtFw&oe=6816102E"
    },
    {
        "caption": "Man Utd chỉ còn hơn vị trí thứ 17 của West Ham 3 điểm",
        "image": "https://scontent.fsgn2-6.fna.fbcdn.net/v/t39.30808-6/490469061_1639714783376080_8664163145204147446_n.jpg?stp=dst-jpg_s600x600_tt6&_nc_cat=110&ccb=1-7&_nc_sid=833d8c&_nc_eui2=AeFZekgbY-yUYraKqpy154FmAGb64aB9_44AZvrhoH3_jsmGnb_-Plw0mWvhIApqtWBaF5mVfcKk-qaoCXaMSjMj&_nc_ohc=PZ-dGz5K86gQ7kNvwFpC8S0&_nc_oc=Adk3STP1PDdczA-h48oZmXHqB6AejQY9FsRnMu3vkdbj-ibNX30Lf3bkR8eV_n3rp5fLI9P7o0siy1iaoWj38sOk&_nc_zt=23&_nc_ht=scontent.fsgn2-6.fna&_nc_gid=zTnBuwxBvLibZ94pDzXZ8A&oh=00_AfE7aRz6Opb7-tr0ijPSPC1edz0WdQwEj8HsF58juadcpw&oe=68162E6C"
    },
    {
        "caption": "Man Utd thảm bại trước Newcastle",
        "image": "https://scontent.fsgn2-3.fna.fbcdn.net/v/t39.30808-6/490728926_1639661336714758_1608916360637114679_n.jpg?stp=dst-jpg_s600x600_tt6&_nc_cat=107&ccb=1-7&_nc_sid=833d8c&_nc_eui2=AeH3ouM5Yvj0XrjInuFDWLwIiHnHdwq1qT2Iecd3CrWpPd7EDtTVqZ0AcCrIUkDAvo05IMGPU2QPUeBiZDRYl_G5&_nc_ohc=A5r4Qz8Y7UEQ7kNvwEYNYeM&_nc_oc=Adni0nReh8wznHa-_PS-GgmJlxEAZiOh6VjaEhEK9q94dI6hPpRB2Y6ggOLnRz1YEo_c48KnrxCZ5hex_3NuhBRv&_nc_zt=23&_nc_ht=scontent.fsgn2-3.fna&_nc_gid=zTnBuwxBvLibZ94pDzXZ8A&oh=00_AfEDFJqs3vvUYUaE7Wh6jmlfTDJQuvG_72V3nW-oZAS7cg&oe=6815FF89"
    },
    {
        "caption": "Garnachooooooo 1-1",
        "image": "https://scontent.fsgn2-4.fna.fbcdn.net/v/t39.30808-6/490867298_1639608993386659_9134169635526768645_n.jpg?stp=cp6_dst-jpg_p480x480_tt6&_nc_cat=101&ccb=1-7&_nc_sid=833d8c&_nc_eui2=AeHY0yOsV_ni75alKS8Ug1QSMFfCrJfH0IQwV8Ksl8fQhHrD4d6VUR3HrIu1_flxGCxYPhTGyTU_gIhwqLpW9W3G&_nc_ohc=BlSgOpKICcAQ7kNvwGeR0KO&_nc_oc=AdmVO4DKbEm3PZHdA3NWWjOn1w-yPPe8ooRIB2eJtLoMY6smCUPjvp-NGgyVb7VuZN6wwmh9yzt9WgtgQUDjxTmQ&_nc_zt=23&_nc_ht=scontent.fsgn2-4.fna&_nc_gid=vYctvqVpCqLI-cac4qStPA&oh=00_AfGqen7vZ2hiBE_H5NUwijpBFLZw9rrAzjV6eLsM3OlsEQ&oe=68160B5E"
    },
    {
        "caption": "Sandro Tonaliii 1-0 cho Newcastle",
        "image": "https://scontent.fsgn2-6.fna.fbcdn.net/v/t39.30808-6/490636037_1639603630053862_3436695296661127157_n.jpg?stp=dst-jpg_p843x403_tt6&_nc_cat=110&ccb=1-7&_nc_sid=833d8c&_nc_eui2=AeGTHFPo6YH26uu7HfiYwUreVKbHLZhuvhVUpsctmG6-FUBQf0C2V_V674aEl8FO-HIm8ynpKhLoF68YaRqTSQ_0&_nc_ohc=OPTm0WiXEugQ7kNvwHK0ydI&_nc_oc=AdnjuSMJX-b5W4Y2aNx64tZSv9KbdlYH-fka7i0D4eIk-L2bVwX1ztRPKSNAfeRFbINZnVE_3QubWH_jiNXhDemw&_nc_zt=23&_nc_ht=scontent.fsgn2-6.fna&_nc_gid=vYctvqVpCqLI-cac4qStPA&oh=00_AfG5PkYBSTyXYBYDe1WnYfqlP6szaAvprKvqM1FCe8Uouw&oe=681603F7"
    },
    {
        "caption": "Kết quả vòng 18 V. League 2024/25",
        "image": "https://scontent.fsgn2-7.fna.fbcdn.net/v/t39.30808-6/490475396_1639593676721524_2203173961233151279_n.jpg?stp=dst-jpg_p480x480_tt6&_nc_cat=108&ccb=1-7&_nc_sid=833d8c&_nc_eui2=AeGrYFe9kCROY-CsVeD82PM2mXwtdeuJbWCZfC1164ltYFomG2yCyCktcokd3-CB5VJRyVxnPcCJjaVeQitufYot&_nc_ohc=kIRDr_fpwVMQ7kNvwFx2Vr0&_nc_oc=Admvx7YN-HIM5raYSSS65h6LdZVsBmrrK-y7OeoclgDAOmobQ3RZ1M2mgYvg8jAlEvAem-aRd4k_HE-NvPns_e44&_nc_zt=23&_nc_ht=scontent.fsgn2-7.fna&_nc_gid=vYctvqVpCqLI-cac4qStPA&oh=00_AfEgvkDn0hLN_T_eual4a22BzZMINWJxrxOXYcS-Jd3q-g&oe=68161C21"
    },
    {
        "caption": "Mbappe nhận thẻ đỏ trong trận đấu giữa Real Madrid và Alaves",
        "image": "https://scontent.fsgn2-5.fna.fbcdn.net/v/t39.30808-6/490585782_1639572466723645_1544457437178822321_n.jpg?stp=dst-jpg_s600x600_tt6&_nc_cat=104&ccb=1-7&_nc_sid=833d8c&_nc_eui2=AeHysff_wQsG1JBKH0wMHNhi9PaceoRFdvP09px6hEV285dtnczL3EUC_6WD8XMq7Itud09x1LdspXTE6HmdzSIm&_nc_ohc=8BENmxL2MckQ7kNvwFLEQfM&_nc_oc=Adn0P4-9i5MHqBd_6GFI4SeiyqOonGRmavItii9l0s-zM0NaFly3V3n-nLRjQWZl7Trb9C08f1hpUSx4-jo_uTcR&_nc_zt=23&_nc_ht=scontent.fsgn2-5.fna&_nc_gid=vYctvqVpCqLI-cac4qStPA&oh=00_AfHrj8EHF9Z465oYKi8VEf7X3Ff4JDAH_wMU-taGw1VcUQ&oe=681624A0"
    },
    {
        "caption": "ĐT Futsal Việt Nam quật ngã ĐT Tốp 7 thế giới trong trận giao hữu",
        "image": "https://scontent.fsgn2-9.fna.fbcdn.net/v/t39.30808-6/490830358_1639524336728458_1136921944996526344_n.jpg?stp=dst-jpg_p480x480_tt6&_nc_cat=106&ccb=1-7&_nc_sid=833d8c&_nc_eui2=AeHyuDNmBd4bRgsYaDI8KkO_M0l5JYh6ivkzSXkliHqK-asnAfsDkCsz897D_9bv9_nGqnSbAkDe0qEsWTROmOoT&_nc_ohc=QRucuTAZfmQQ7kNvwElkHFM&_nc_oc=AdmznuGIBji8bJuhK5f_wjMpa4Duv83xgtP_J_mlPyYLL-pludu6_AWsMuweHKZHJcZd5gfDYM8zDWlRC3QISovd&_nc_zt=23&_nc_ht=scontent.fsgn2-9.fna&_nc_gid=vYctvqVpCqLI-cac4qStPA&oh=00_AfEd6lu4qwazQDKK12_19FuMtvdJ6V17wY64CZwRIk-R6w&oe=68162911"
    },
    {
        "caption": "Onana sẽ không có mặt trong đội hình Man Utd đấu Newcastle. Theo Fabrizio Romano",
        "image": "https://scontent.fsgn2-11.fna.fbcdn.net/v/t39.30808-6/490730875_1639404440073781_6775328923634455317_n.jpg?stp=dst-jpg_s600x600_tt6&_nc_cat=105&ccb=1-7&_nc_sid=833d8c&_nc_eui2=AeGamXop6YNuAP-rIpu06WrPyfe7U49aX6LJ97tTj1pfopFaoIf_hwOoMBn2-6KibQ8bZWCDYr1EDQegrFxQv0Oa&_nc_ohc=8l-1XAQzLW0Q7kNvwFyNF2A&_nc_oc=AdlDS5YdSFBTQf-Ozi1ZpMK2GvEfzZ-d8oMHRo7d_ipmj648TdmLKPntFVwLm5QL0ARqYQUazpiwjaFDlCq3hKs-&_nc_zt=23&_nc_ht=scontent.fsgn2-11.fna&_nc_gid=vYctvqVpCqLI-cac4qStPA&oh=00_AfGqVVBKQte4jRsPKx3ajtIKEqx6X3TLd9IzTnXZnV4Pyw&oe=68161853"
    },
    {
        "caption": "Man City ngược dòng thành công",
        "image": "https://scontent.fsgn2-9.fna.fbcdn.net/v/t39.30808-6/490833004_1638781913469367_4986153556370325712_n.jpg?stp=dst-jpg_s600x600_tt6&_nc_cat=106&ccb=1-7&_nc_sid=833d8c&_nc_eui2=AeGYmZVvZ2D5hvZtY0i-q4uM5pWcmmcp3V3mlZyaZyndXZFhnrANz39aFQqz12IAPS5B-xXJtlNwvuTgR5e3VyI4&_nc_ohc=Il5Qx6XT_CYQ7kNvwGovzos&_nc_oc=AdntHzMx3-IRDMs-gocDNtPXEFYlLwapaFKHAKKF6K302NTF8kyxtYrDqaIhSXopjOb7nUbXpSDLLUq-GxTNab_X&_nc_zt=23&_nc_ht=scontent.fsgn2-9.fna&_nc_gid=vYctvqVpCqLI-cac4qStPA&oh=00_AfEWDaKIg_rHRMS2NGy0ThHzSo7f2QPs8Ww3oTGhIiRi6g&oe=681630B6"
    },
    {
        "caption": "Lamine Yamal nhiều khả năng sẽ được trao chiếc áo số 10 tại Barca mùa tới trong trường hợp Ansu Fati rời đi",
        "image": "https://scontent.fsgn2-6.fna.fbcdn.net/v/t39.30808-6/490472411_1637881073559451_8664441535235634217_n.jpg?stp=dst-jpg_p480x480_tt6&_nc_cat=110&ccb=1-7&_nc_sid=127cfc&_nc_eui2=AeGu3pZ1zauTNgNQuEUK-1Vek87tc2_pyIWTzu1zb-nIhZ27jA2xVTQEDlP5hYdHdbqEeJhe6IuAEmIVZy4lb6vN&_nc_ohc=kX32bIpx8ngQ7kNvwEZyRv2&_nc_oc=Adl6nkmZ2APBmYDwYgz31HXRyef8a6ItnENW1H6p_azB2WUA7zmlvTBsg69QA1LwOW_q8eSVGHblz_fK22mM73pH&_nc_zt=23&_nc_ht=scontent.fsgn2-6.fna&_nc_gid=vYctvqVpCqLI-cac4qStPA&oh=00_AfHIdg8ob0iG4GziskLfBvuLO16X7jJMvN8yUKTB8wKeSg&oe=68161260"
    },
    {
        "caption": "Bùi Vĩ Hào phẫu thuật thành công chấn thương đứt dây chằng cổ chân và gãy xương mác. Chúc cầu thủ sinh năm 2003 sớm bình phục và trở lại với phong độ cao nhất",
        "image": "https://scontent.fsgn2-6.fna.fbcdn.net/v/t39.30808-6/489955939_1637807976900094_5618514215483939059_n.jpg?stp=dst-jpg_s720x720_tt6&_nc_cat=111&ccb=1-7&_nc_sid=127cfc&_nc_eui2=AeHXjYcjTCLzI9BhxdE3WXCYGD7WTjoWvMEYPtZOOha8wa4Ero5Q9dmUE5YLhgkzMhhZ9mM199dywAKKm_Pn-9a9&_nc_ohc=8Ld-5GPgr4kQ7kNvwGSxmqK&_nc_oc=AdnxBGwc08wR_Vf5QWRAc7TWU9iopblbSmJw8w-Eh9hoe-mkUE02SK4NGKXFFJA7GsGG77giXZrd7v7BigfcFbJV&_nc_zt=23&_nc_ht=scontent.fsgn2-6.fna&_nc_gid=1bET1rWdMNp17g_76zROww&oh=00_AfHP7keOUIaUmpbzEzlB5OcWuzqKgY9jTcHcH6Knb2qlbQ&oe=68161DF3"
    },
    {
        "caption": "Salah gia hạn hợp đồng thêm 2 năm với Liverpool",
        "image": "https://scontent.fsgn2-4.fna.fbcdn.net/v/t39.30808-6/489930307_1637805110233714_7282838622115638251_n.jpg?stp=dst-jpg_p843x403_tt6&_nc_cat=101&ccb=1-7&_nc_sid=127cfc&_nc_eui2=AeHUaVYHJ3bYK4psteK3htRK8Emc6XWXWBjwSZzpdZdYGH1XS9YIpK3FbBm9P7PK6lf-5A4MUr61eYJ1CDr5kTLJ&_nc_ohc=ZYunOfqxIysQ7kNvwEXha9w&_nc_oc=Adku-oWcOsDgeoTjHtFu1xaEG_ZkM_VMUavbrSFakvTi7gMyROfdyqKRnL5ZYECRpxEh3aJN1UFX0nsu9Z50Nl0H&_nc_zt=23&_nc_ht=scontent.fsgn2-4.fna&_nc_gid=1bET1rWdMNp17g_76zROww&oh=00_AfEZHsnVu1wLuIJA7W5aUHBrLQQ_iPlceiAU8rnYTUJ2YA&oe=68160DDD"
    },
    {
        "caption": "Onana vẫn đang nhận 100 ngàn bảng mỗi tuần tại Man Utd",
        "image": "https://scontent.fsgn2-10.fna.fbcdn.net/v/t39.30808-6/490356593_1637693796911512_7583437705176439752_n.jpg?stp=dst-jpg_p180x540_tt6&_nc_cat=109&ccb=1-7&_nc_sid=833d8c&_nc_eui2=AeHltdU1_4szgGUQdgT-8M6B87469QtwsUTzvjr1C3CxRERZ0k3qmkTYIMprzwZcYuFwVn7WygFrcNKIebI-HqX_&_nc_ohc=T5bgx-aBjBMQ7kNvwF2x5ii&_nc_oc=Adm9cOd9S3J2-N-c-CeWLsiPaTcO_dj2bCLNgI_uNk9CKQvjZTPcxrtr3D48HWwIdBke804OCKLJP_LQo2aQYF8r&_nc_zt=23&_nc_ht=scontent.fsgn2-10.fna&_nc_gid=1bET1rWdMNp17g_76zROww&oh=00_AfGTml6Y3OCofT1camMlPLRork81Q30tj5b1uGZAKnvAFA&oe=681626C2"
    },
    {
        "caption": "Tuyệt đối điện ảnh",
        "image": "https://scontent.fsgn2-6.fna.fbcdn.net/v/t39.30808-6/489878206_1637594740254751_3546425052623615685_n.jpg?stp=dst-jpg_s600x600_tt6&_nc_cat=111&ccb=1-7&_nc_sid=833d8c&_nc_eui2=AeGn1No0-Pe2XB58Vuyqw0nqwW1RwZi6e4nBbVHBmLp7iRnzJuemQ7A8bpFzOIVQv01tm6vdGiscO2v5-YKwz-7w&_nc_ohc=FZ3cjSgeYXUQ7kNvwEszTel&_nc_oc=AdkgjFfHgPevW8o7Y3eanKQIleMpJHdcmYIB5DfySR4D5pES9vL5OtDP6w7JJU8c8YDA3QnZ9LJekLk4czfxiN5m&_nc_zt=23&_nc_ht=scontent.fsgn2-6.fna&_nc_gid=1bET1rWdMNp17g_76zROww&oh=00_AfE-QWcI_QI_EpMbpsYkAkZ_S-42QeOEshYB9iccURfRWw&oe=681611FD"
    },
    {
        "caption": "Hết hiệp 1",
        "image": "https://scontent.fsgn2-7.fna.fbcdn.net/v/t39.30808-6/490579935_1637402360273989_8114231414821427434_n.jpg?stp=dst-jpg_s600x600_tt6&_nc_cat=108&ccb=1-7&_nc_sid=833d8c&_nc_eui2=AeEQsVJR1KBTaOpNZ9SKtYCfvJUbbWIfvSC8lRttYh-9IDEgY48DA4qBV55jNRv-OdvpttCNKdJhAYexsNlB9hwx&_nc_ohc=wLbz7FcNjQAQ7kNvwE8OLwu&_nc_oc=AdlCJt56mWE2QeQWV6u-psmtkBb1fn-5_nccb7Ao8aBowZ275PXcDi1htgjEC1E2A5zncbtbu_5h1Tn9AhDOXDhC&_nc_zt=23&_nc_ht=scontent.fsgn2-7.fna&_nc_gid=1bET1rWdMNp17g_76zROww&oh=00_AfGheBugVR5M8aILQQ9BlOnijSybK71jO_JYppcSmcOv5g&oe=681600FB"
    },
    {
        "caption": "Hết giờ: U17 Việt Nam 1-1 U17 UAE. Các cầu thủ Việt Nam kết thúc vòng bảng với 3 trận bất bại. Tuy nhiên thành tích này vẫn là chưa đủ để giành quyền đi tiếp.",
        "image": "https://scontent.fsgn2-9.fna.fbcdn.net/v/t39.30808-6/489815774_1637379503609608_8866119568912349646_n.jpg?stp=cp6_dst-jpg_p552x414_tt6&_nc_cat=106&ccb=1-7&_nc_sid=833d8c&_nc_eui2=AeFyK1M-O9P4wlxY_v8uMZu0E3zVt7j-lo0TfNW3uP6Wje61NUJrh5IWXHJlk873oAPFdTN0sKZx1b2164dcYrX_&_nc_ohc=7hrbEknf6vwQ7kNvwGrkjKS&_nc_oc=AdmuiB8NC5RKY67zvXxaSzKYMvT0IFHsv4LQoI6J8dzdiXSECzhX999CYYYA5Dsaaea-ly9kS1I3GY6CCsNvyu_c&_nc_zt=23&_nc_ht=scontent.fsgn2-9.fna&_nc_gid=1bET1rWdMNp17g_76zROww&oh=00_AfEeXztAzKeXCi6upE3yLi-iLVoO15K52Zjr1GeNx6ZcEA&oe=68162E84"
    },
    {
        "caption": "UAE gỡ hòa 1-1",
        "image": "https://scontent.fsgn2-9.fna.fbcdn.net/v/t39.30808-6/490107464_1637371786943713_7762407096634465741_n.jpg?stp=cp6_dst-jpg_p480x480_tt6&_nc_cat=103&ccb=1-7&_nc_sid=833d8c&_nc_eui2=AeFXha6i5Kab-pSfYVfcGsmwPPPTc2MqQZA889NzYypBkItcvBe6QPwHWBrbfOal1PrEmTEM_mQDcua__W3O9Zrl&_nc_ohc=V-0UN5f8NWkQ7kNvwFUCQ9Y&_nc_oc=AdlbVykXcTwfRVumMSE64zePvuEYK2e6nxUtrjkXZnwY6mOR0MpmMBJyY_leK3GK5y6oO30CgKgOybnQxaVxerSr&_nc_zt=23&_nc_ht=scontent.fsgn2-9.fna&_nc_gid=1bET1rWdMNp17g_76zROww&oh=00_AfFEgHUD5RPpaHBCNiv6l0wdoCOc9ARiElY23jsyEYJ5WQ&oe=68161543"
    },
    {
        "caption": "Hết hiệp 1: U17 Việt Nam 1-0 U17 UAE",
        "image": "https://scontent.fsgn2-11.fna.fbcdn.net/v/t39.30808-6/490337642_1637338593613699_1101868736382220433_n.jpg?stp=cp6_dst-jpg_p480x480_tt6&_nc_cat=105&ccb=1-7&_nc_sid=833d8c&_nc_eui2=AeEVhNLsRkcOINbZFMol2uDS5TzyoVLhqxnlPPKhUuGrGduNgOEWdO9M6b4k-b8QI0DAI7RIUkl2duKckjzv7I8q&_nc_ohc=TVmHUBjQFAYQ7kNvwHEY_lJ&_nc_oc=AdluSvqY7E2bw_XVRZ9v1tZV_639rS3-nHr_TX05I4WVsiYYX4yoUKLOEbEnPdqEutjb3PSPhX_agmGY5oVPT5FX&_nc_zt=23&_nc_ht=scontent.fsgn2-11.fna&_nc_gid=1bET1rWdMNp17g_76zROww&oh=00_AfEZDIUghdecrRS_5c2K2XOf5sWq4iQE2L4xqu_z9EwXdg&oe=681622B2"
    },
    {
        "caption": "Đội hình ra sân Chelsea tại Cúp C3",
        "image": "https://scontent.fsgn2-3.fna.fbcdn.net/v/t39.30808-6/490173474_1637336783613880_4857916132812791820_n.jpg?stp=dst-jpg_s600x600_tt6&_nc_cat=107&ccb=1-7&_nc_sid=833d8c&_nc_eui2=AeGL4_4023sVVTBuwV-bUNiviIFKWCZCN1aIgUpYJkI3VjALWzimYkUTLJxLIZiVsqKfjyQ8R6cFM0C4oVr4RWdB&_nc_ohc=m-X_mDwl1aoQ7kNvwG5aaZL&_nc_oc=Adn7siJ3yvXHoZhN7kbvjgxunyXq-rMWG6IOpJps6qXmkT21Iz31g2w2_-YhSJrEayOYcaIVGRPbaWNwduGijIw2&_nc_zt=23&_nc_ht=scontent.fsgn2-3.fna&_nc_gid=2_wQaOWWs7nJd7FYqD0MEw&oh=00_AfEQKuoaW6UQwjKlKzjS1RQa7ajN6NCIdmqJRY-3uLCA_Q&oe=681628E6"
    },
    {
        "caption": "Vàooooo 1-0 cho ĐTVN",
        "image": "https://scontent.fsgn2-10.fna.fbcdn.net/v/t39.30808-6/490181010_1637325336948358_1802470598901343273_n.jpg?stp=dst-jpg_p843x403_tt6&_nc_cat=109&ccb=1-7&_nc_sid=833d8c&_nc_eui2=AeGLuJ_zNqFT5I0vlo8xz0Vr_xr49s-4-67_Gvj2z7j7rjdRdXDElCl4Ob6dbr1KKmfelixu1GnYKyReLguLSjGJ&_nc_ohc=sy27YO02eZMQ7kNvwHyAUUv&_nc_oc=AdkMzxoLMBjnE2H3bD-qb3VSMWcyxo1XtvLMJMvs_zVcBeZsP9x9sQlRLH3xWHUhDdcvqGv8FmwuHmEdNrqzLEv7&_nc_zt=23&_nc_ht=scontent.fsgn2-10.fna&_nc_gid=2_wQaOWWs7nJd7FYqD0MEw&oh=00_AfHzAuRxmYme0t4T4HyI52dCVeTiu3S7oSb9WSduQcwXQg&oe=6816090D"
    },
    {
        "caption": "🇻🇳 ️⚽ THƯ THỦ TƯỚNG KHEN NGỢI ĐỘI TUYỂN U17 QUỐC GIA\n\n✍️ Trong thư, Thủ tướng Chính phủ Phạm Minh Chính viết: Hàng chục triệu người hâm mộ bóng đá và Nhân dân Việt Nam rất vui mừng, phấn khởi khi chứng kiến Đội tuyển U17 bóng đá nam quốc gia thi đấu kiên cường và xuất sắc giành những điểm số quan trọng trước các đội bóng mạnh ở châu lục như Úc và đương kim vô địch U17 châu Á Nhật Bản, mở ra cơ hội lớn tại Vòng chung kết U17 châu Á và cũng là vòng loại Giải U17 thế giới năm 2025.\n\nĐây là kết quả hết sức ấn tượng, thể hiện sự nỗ lực không ngừng, thi đấu đoàn kết, nhiệt huyết với trái tim quả cảm, quyết không lùi bước trước khó khăn và luôn cháy hết mình vì màu cờ sắc áo của Đội tuyển U17 bóng đá nam quốc gia.\n\nThay mặt Chính phủ, tôi nhiệt liệt biểu dương và gửi lời khen ngợi đến Ban huấn luyện, các cầu thủ, đội ngũ hỗ trợ và những người đồng hành cùng đội tuyển, trong đó có vai trò chỉ đạo chiến thuật quan trọng của Huấn luyện viên trưởng Cristiano Roland.\n\nTại trận đấu quyết định tối nay, tôi mong muốn và tin tưởng rằng, Ban Huấn luyện cùng các cầu thủ sẽ chuẩn bị tốt, có phương án chiến thuật phù hợp, thi đấu tập trung và quyết tâm cao nhất, với \"trái tim nóng, cái đầu lạnh\", đoàn kết một lòng để giành kết quả tốt nhất, khẳng định sự phát triển của bóng đá Việt Nam nói riêng và bóng đá khu vực nói chung; đồng thời mở ra nhiều cơ hội phát triển cho bóng đá nước nhà trong thời gian tới. \n\nNhân dân cả nước, đặc biệt là những người hâm mộ bóng đá nước nhà, trong đó có cá nhân tôi luôn đồng hành, cổ vũ, ủng hộ bóng đá Việt Nam nói chung, bóng đá trẻ Việt Nam nói riêng ngày càng phát triển mạnh mẽ và đạt được nhiều thành tích xuất sắc hơn nữa.\n\nChúc Huấn luyện viên trưởng Cristiano Roland và toàn thể Đội tuyển mạnh khỏe, thành công, thi đấu xuất sắc và tiếp tục giành nhiều chiến thắng mang lại vinh quang cho nước nhà.\"",
        "image": "https://scontent.fsgn2-9.fna.fbcdn.net/v/t39.30808-6/489860283_1637176816963210_7917805835969907822_n.jpg?stp=dst-jpg_s720x720_tt6&_nc_cat=106&ccb=1-7&_nc_sid=127cfc&_nc_eui2=AeGQ144idn7nzAYNZ_L_1xDkB9P7WXYK4PQH0_tZdgrg9D9qSe0yXfyAjAOfdN-VRWhQayqvONQmQBik1vML0Gn4&_nc_ohc=XzkTLJM7wy8Q7kNvwHJoLHQ&_nc_oc=Adn0Zn9OX8_0cxkU5ojHB12FKQuLrbwbNcV3bpdNfJOpGQ5qvOnyDxQD7j_BhhKZmlUQBj6Gh_FUtDx2FCLDE4r4&_nc_zt=23&_nc_ht=scontent.fsgn2-9.fna&_nc_gid=2_wQaOWWs7nJd7FYqD0MEw&oh=00_AfGEWh7p8wXjhWgvC_gCgN77OcGF-nIA94XRIvdoa6oBSw&oe=68160357"
    },
    {
        "caption": "Hẹn mọi người tối nay",
        "image": "https://scontent.fsgn2-6.fna.fbcdn.net/v/t39.30808-6/489955543_1637115273636031_1812690096170225904_n.jpg?stp=dst-jpg_p480x480_tt6&_nc_cat=111&ccb=1-7&_nc_sid=127cfc&_nc_eui2=AeFvclLxme5NAnRUiBikmD5neFSEGtTFmNB4VIQa1MWY0Jzc606JbEThUYxRvC40VrZyNrLPMZvzjX9S0AkxPhAK&_nc_ohc=2YMOgNm02wEQ7kNvwFhw_dh&_nc_oc=Adk19kLnQvbPrOeWvY74UcMaLUALs3HOrjs4RqwmQjeoXYG6imOBv6HseP7DqAmWZxOgqJ3EWe__VY3qHuaQyL1n&_nc_zt=23&_nc_ht=scontent.fsgn2-6.fna&_nc_gid=2_wQaOWWs7nJd7FYqD0MEw&oh=00_AfHAavJTRLPqUDRrPvPl0YO0StBYCLVH-KtYtS2Epw0f6A&oe=681622A5"
    },
    {
        "caption": "HLV Kim Sang Sik sẽ đối đầu Man Utd\n\nLiên đoàn bóng đá Đông Nam Á (AFF) đã quyết định chọn HLV Kim Sang Sik dẫn dắt đội ASEAN All-Stars bao gồm các cầu thủ hàng đầu được tuyển chọn từ tất cả 12 Liên đoàn Thành viên của AFF để đối đầu với Manchester United, trong trận giao hữu quốc tế dự kiến diễn ra ngày 28/5/2025 tại sân vận động Quốc gia Bukit Jalil, Malaysia.",
        "image": "https://scontent.fsgn2-9.fna.fbcdn.net/v/t39.30808-6/489280752_1637110923636466_2432279273865623140_n.jpg?stp=dst-jpg_s720x720_tt6&_nc_cat=106&ccb=1-7&_nc_sid=127cfc&_nc_eui2=AeEf7l8MHvNdHI5-HeX32592LS7PnIaO7FktLs-cho7sWUjPFlNmUqqWIUrtKtD6F3xrVvl7x9HkdTGREvQ4_C7a&_nc_ohc=Mzv8RsN_tRQQ7kNvwHgs7R1&_nc_oc=AdlBfrH8eVGZLyNd5UFgxfwR6NebyK2DyToFI5LQJLLs5Z_Hfow4TxJa_20pUMPCb6YnXcKlqMTXSM4am2dvclta&_nc_zt=23&_nc_ht=scontent.fsgn2-9.fna&_nc_gid=2_wQaOWWs7nJd7FYqD0MEw&oh=00_AfGBIMltkOfKEi31Gvd0Oj-bORlH0KRXFgq-TI5P6Ubrbw&oe=6815FF30"
    },
    {
        "caption": "CHÍNH THỨC: Chelsea công bố thiết lập quan hệ hợp tác toàn cầu với Tập đoàn FPT.\n\nÔng Todd Kline, Giám đốc Thương mại của Chelsea chia sẻ: \"Nhân dịp kỷ niệm 120 năm thành lập CLB Chelsea, chúng tôi hiểu rằng tương lai CLB không chỉ là những thành công trên sân cỏ mà còn gắn liền với hành trình chuyển đổi dựa trên công nghệ. \n\nTrong những năm gần đây, Việt Nam đã tăng trưởng vượt bậc và vươn lên trở thành một trung tâm công nghệ số toàn cầu, thể hiện tinh thần và năng lực của người Việt. Năng lực chuyên sâu của FPT trong các mảng kinh doanh cốt lõi, dữ liệu thông minh và AI sẽ giúp FPT trở thành đối tác hoàn hảo để đưa CLB Chelsea tiến vào kỷ nguyên mới.\"",
        "image": "https://scontent.fsgn2-9.fna.fbcdn.net/v/t39.30808-6/489921145_1637108483636710_4876392008169240258_n.jpg?stp=dst-jpg_s720x720_tt6&_nc_cat=106&ccb=1-7&_nc_sid=127cfc&_nc_eui2=AeGrn8llDauXIEEjDSi8NKl4-UQlmdhxev_5RCWZ2HF6_xPBPzSS7MiJ4R4DhppDDPq7sapyre7OICJJMS_Hx1GY&_nc_ohc=HQe_kei5aTwQ7kNvwEJQi2C&_nc_oc=AdkSvr5s5xnbEzOcz0NFRt2kZiitVL8ERHhbgHFDIbWFkF4Aw2nvu94hvMDR1kdGqwAviSOAXD9dfKSlKbkFqHGr&_nc_zt=23&_nc_ht=scontent.fsgn2-9.fna&_nc_gid=2_wQaOWWs7nJd7FYqD0MEw&oh=00_AfGAk9---wuzKsLmKbwUai3aAhOS3pkfTZe5Xw0D-xW5dw&oe=68160F29"
    },
    {
        "caption": "🎾 Vietnam Pickleball Open Cup ARTISTS 2025 – Sân khấu của những ngôi sao\n\nKhông chỉ là một giải đấu, Vietnam Pickleball Open Cup Artists 2025 là hành trình rèn luyện thể chất và cân bằng tinh thần dành riêng cho các nghệ sĩ.\n\nTại đây, họ không chỉ đánh bóng – mà còn đánh thức năng lượng tích cực, tăng cường sức khỏe, sự dẻo dai và tìm lại nhịp sống cân bằng giữa sáng tạo và vận động.\n\n🌟 Với sự góp mặt của nhiều nghệ sĩ nổi tiếng, VPC Artists 2025 là nơi:\n👉 Kết nối nghệ thuật & thể thao một cách độc đáo\n👉Tôn vinh tinh thần fair-play, sáng tạo và bùng nổ cảm hứng sống\n👉Gắn kết cộng đồng qua những khoảnh khắc ý nghĩa\n\nBạn có muốn được gặp gỡ, chụp ảnh và giao lưu cùng những nghệ sĩ nổi tiếng? Hãy tham gia VPC Artist 2025 ngay nhé \n\n📍 Thời gian: 16.04.2025 \n📍Địa điểm: The Dinker Club - Premier Pickleball Arena (2-4 Đường số 9, KĐT Him Lam, Quận 7, TP. Hồ Chí Minh)\n\n#VPC2025 #vietnampickleballopencup #VPCArtists #pickleball #NewSports #VieON",
        "image": "https://scontent.fsgn2-3.fna.fbcdn.net/v/t39.30808-6/490077879_1637093086971583_133766282457065375_n.jpg?stp=dst-jpg_s480x480_tt6&_nc_cat=107&ccb=1-7&_nc_sid=127cfc&_nc_eui2=AeEkAk-chtsPXc_0xGgLoRStpPKaoq6p5ROk8pqirqnlE_9NQ-E50sVenj7QkgoXnOar-faH-wNTJPymdjEptS9-&_nc_ohc=qw_F8R6hbR0Q7kNvwFvNNxL&_nc_oc=AdlD3SMm74-MXea_BPV9243AiiyWpYVS_RX-4AvyegWURw0Ul2UqVLfXQt0n1mT1bCSMcbqkTeq8ZnbibVX_0Hvk&_nc_zt=23&_nc_ht=scontent.fsgn2-3.fna&_nc_gid=2_wQaOWWs7nJd7FYqD0MEw&oh=00_AfE9dbxwTvsLpQGgd2F9bSAGzIfUG3tFljKE2dyJj7-taA&oe=6816240D"
    },
    {
        "caption": "Kết quả Champions League đêm qua",
        "image": "https://scontent.fsgn2-6.fna.fbcdn.net/v/t39.30808-6/490663305_1636823683665190_5576235767170551884_n.jpg?stp=dst-jpg_s600x600_tt6&_nc_cat=111&ccb=1-7&_nc_sid=833d8c&_nc_eui2=AeEHtla9J4s5ERQjBffFs-evMCC9ZDw9gRMwIL1kPD2BEyAOjXsLxwCjgOWJ_a6wo9dkIJ-tt9YMHkMg-ctBHgTU&_nc_ohc=vktwbVx6xB0Q7kNvwHdTO9E&_nc_oc=AdlkMBrMPtTRwFqzQO4dXtmwGjZB5kR9fP3xAqTjqHsBJ_CTelfjwTYVYiLkaZP1ygdFUL04UOqOMY2fMUKSjtTb&_nc_zt=23&_nc_ht=scontent.fsgn2-6.fna&_nc_gid=2_wQaOWWs7nJd7FYqD0MEw&oh=00_AfHymVsIBN0fuul7XdDG67GUmFbCUeGNGtnM40fkqdq-ug&oe=681610B1"
    },
    {
        "caption": "Chúc mừng thầy",
        "image": "https://scontent.fsgn2-9.fna.fbcdn.net/v/t39.30808-6/489902544_1636383307042561_37381897846063651_n.jpg?stp=dst-jpg_s480x480_tt6&_nc_cat=106&ccb=1-7&_nc_sid=833d8c&_nc_eui2=AeF0Qv-ZFq1qpc2Ii8wLVLmKxrPrHKGBWjfGs-scoYFaN8iJnwpX2uH0IohlScUlrE95MEUa3eDCmoAx4VuLKeXm&_nc_ohc=xEKyMgrilh0Q7kNvwGiLC0X&_nc_oc=Adna5x6rl1ba2PvEeERF09-s_VLHvbjTmP5kTwJOLRxM5evwFeYj7Y25ZviZE2sqh-zMhhvnb8xOUaFlUPfTKLEQ&_nc_zt=23&_nc_ht=scontent.fsgn2-9.fna&_nc_gid=I4ePi5us85QKzKzyjqvfDQ&oh=00_AfFk9sT-HFMRczd-RUE69ELC8kzRkOK-ifqOgmS7X3DAEg&oe=68160012"
    },
    {
        "caption": "Cũng nhanh lắm Addidas",
        "image": "https://scontent.fsgn2-6.fna.fbcdn.net/v/t39.30808-6/490062328_1636336263713932_3085168805818618287_n.jpg?stp=cp6_dst-jpg_p480x480_tt6&_nc_cat=111&ccb=1-7&_nc_sid=833d8c&_nc_eui2=AeHcCtbrT_CXlmMMqvC-7fbRgZn3ApO8eXaBmfcCk7x5dvXVB44J7zl73YSdFaAezAQcRDfVFaEUz1bCKWU-AWvC&_nc_ohc=DmM2XYoge9kQ7kNvwFkrV0z&_nc_oc=AdlhGi6Z8gUoJyijGwoWjvVQ0iGVGx8SRlml4Nh6KkgStfASqHmfwE7766Q7f1CQtS-PXj5FVkZljDcfSYqgCryi&_nc_zt=23&_nc_ht=scontent.fsgn2-6.fna&_nc_gid=I4ePi5us85QKzKzyjqvfDQ&oh=00_AfHe61AmQsfbOo3fSUcqXR535itWmV07pnv8UiTTc1VUgQ&oe=68162553"
    },
    {
        "caption": "Lucas Vázquez: “Nếu có một đội có thể ngược dòng khi thua 3-0, đó là REAL MADRID”.",
        "image": "https://scontent.fsgn2-9.fna.fbcdn.net/v/t39.30808-6/489687880_1636158677065024_5394359556843664638_n.jpg?stp=dst-jpg_s480x480_tt6&_nc_cat=103&ccb=1-7&_nc_sid=833d8c&_nc_eui2=AeH1Fgl4o2xmRrhJ2-4xuPTsRuhnKCvjZzFG6GcoK-NnMYqtiE9FSuYqsBKegL0F8G8M3UqxcDPNO8kkbvgE5WiQ&_nc_ohc=8kHrm51i0ZUQ7kNvwFAct6R&_nc_oc=Adm4hgEul_SYHcsknH9_hdar6hVjAyNi8rTblVrE4HMPPrEfllS8e3rvncacdPQyOPDtIVteiJMLO2_l2LpS1CsC&_nc_zt=23&_nc_ht=scontent.fsgn2-9.fna&_nc_gid=I4ePi5us85QKzKzyjqvfDQ&oh=00_AfHEL_saxX8K-xLQdVias76CcyUvaR5ZTt7yWmHVQbXtmg&oe=6816089F"
    },
    {
        "caption": "Tóm tắt trận đấu trong 1 bức ảnh",
        "image": "https://scontent.fsgn2-10.fna.fbcdn.net/v/t39.30808-6/490371235_1636139293733629_7293034309937787933_n.jpg?stp=dst-jpg_p480x480_tt6&_nc_cat=109&ccb=1-7&_nc_sid=833d8c&_nc_eui2=AeEJCerxjzccSmE9MjU6WbTRvYbZHF0v6lW9htkcXS_qVTAqC4hXSxS0WgMXfl7kVcaOvUVoO1WpjN_f9YcTE_Rx&_nc_ohc=ipKJByQF4hIQ7kNvwHwl9Xq&_nc_oc=Adk0S0Ffsa-uEpdHROvRIsrNKnugJnomVEqp5nSyR6MJ8j_jJ8IT2XEYR5-XuzK_0RRnfIkzkKJuAjNBKc0jTynB&_nc_zt=23&_nc_ht=scontent.fsgn2-10.fna&_nc_gid=I4ePi5us85QKzKzyjqvfDQ&oh=00_AfHKi1HuV9uCkitX7n30ifYu6WCUU5YmvCCwlUsjvZoXJQ&oe=6815FE07"
    },
    {
        "caption": "🚨 6 NGÀY CUỐI CÙNG để trở thành một phần của VPC 2025!\n\n👀 Người ta đã đăng ký, set lịch, hẹn nhau lên sân.\nCòn bạn? Vẫn đang chờ… vũ trụ gửi tín hiệu?\n\n🚨 Đây là tín hiệu:\n🌟 Cơ hội tranh tài cùng những tay vợt cừ khôi\n🌟 Giải thưởng cực xịn\n🌟 Không khí thi đấu cháy hết mình từ nội dung Phong trào tới Pro, Đồng đội\n\nNhanh tay điền tên mình vào link đăng ký:\n\n📍Link đăng ký thi đấu:  https://pickleballplus.vn/form-dang-ki-giai-dau/vietnam-pickleball-open-cup-2025-hcm-stage\n📍Địa điểm thi đấu: The Dinker Club – Premier Pickleball Arena (số 2-4 Đường số 9, Khu đô thị Him Lam, Quận 7, Tp. Hồ Chí Minh)\n📍Thời gian thi đấu: Ngày 17-20/4/2025\nThời hạn nhận đăng ký: Ngày 13/4/2025\n📌 Quét mã QR hoặc truy cập link dưới đây để không bỏ lỡ bất kỳ thông tin nào! 🔥\n⚡Link tham gia group: https://zalo.me/g/xbdjtq875\n💥Website: https://pickleballplus.vn/giai-dau/vn-vietnam-pickleball-open-cup-2025-hcm-stage\n📍Lệ phí tham dự giải:\nGiải Phong Trào\n500.000 VNĐ/ VĐV/ Nội dung thi đơn \n1.000.000VNĐ/ cặp VĐV/ Nội dung thi đôi\nGiải Pro\n500.000 VNĐ/ VĐV/ Nội dung thi đơn \n1.000.000VNĐ/ cặp VĐV/ Nội dung thi đôi\nGiải Đồng đội VPC\n2.000.000 VNĐ/ Đội thi đấu\n⚡Thông tin tài khoản chuyển khoản đăng ký: \nNguyễn Hải Long\nSTK: 9333 9333 333 - Ngân hàng TMCP Tiên Phong - TPBank Tây Hà Nội\nNội dung chuyển khoản như sau: Họ tên vận động viên – Nội dung thi đấu – Số điện thoại, ví dụ: NGUYEN VAN A DON NAM PHONG TRAO U35 (DUOI 35) 0902xxxxxx\n\n#Pharmacity #so1baoquanthuoc #Nhataitro_VPC #VNPAY #ChungkhoanUp #UPS #Proton #LynkCoVietnam #VTVCAB #VieON #Jogarbola #AmazfitVN #kemmilana #Pompeche",
        "image": "https://scontent.fsgn2-7.fna.fbcdn.net/v/t39.30808-6/490183229_1635518580462367_8723856008975440580_n.jpg?stp=dst-jpg_s480x480_tt6&_nc_cat=108&ccb=1-7&_nc_sid=833d8c&_nc_eui2=AeFbWIy2kcd5i2_rFbRX1nSW8tksZeyETkvy2Sxl7IROS2HiLBEpOEtzDhDAjbj-Bj2B9xVZhSznpUlABUtOhCJS&_nc_ohc=_SLpTaKpu5wQ7kNvwGQ0DU0&_nc_oc=AdnDOk7BBaQMURYcdWNHIhQwKIy0xIaiz_8eXqNmXs8mp9qngTo_sENwVNrz6RfJ_TZJtz4m5W6_ybtieJ5MaOAl&_nc_zt=23&_nc_ht=scontent.fsgn2-7.fna&_nc_gid=I4ePi5us85QKzKzyjqvfDQ&oh=00_AfH1v55JQg_dinu0w1MNihKnqYvvZHuNR515hX4JQe_ncg&oe=6815FAFC"
    },
    {
        "caption": "Hết giờ: U17 Việt Nam xuất sắc giành 1 điểm",
        "image": "https://scontent.fsgn2-3.fna.fbcdn.net/v/t39.30808-6/489373591_1635138087167083_4366221213379305732_n.jpg?stp=dst-jpg_p480x480_tt6&_nc_cat=107&ccb=1-7&_nc_sid=833d8c&_nc_eui2=AeEzJTfqLKdvDYkqXrpWh7Nv2ZGT6wpwMVnZkZPrCnAxWR92cvYC1FvLbzJOIpwbH8pKZoVHdsPi4vFZLRuwS6s_&_nc_ohc=g0FvMi0Vj4gQ7kNvwH1lyLd&_nc_oc=AdkTZTb6b1qxwfr5WoxaTZD6x4Op3gISvtn9V3MTywjQNePzvLNYUTJeDBDvJ_57p_Dpsv2cco3Yi8339Jf9zUJc&_nc_zt=23&_nc_ht=scontent.fsgn2-3.fna&_nc_gid=I4ePi5us85QKzKzyjqvfDQ&oh=00_AfFW-g7nM8y1g0slYSf85gKiBxdPgIOwA6woh3Ztu82CcA&oe=6816308E"
    },
    {
        "caption": "Hết giờ. Mỗi đội hài lòng với 1 điểm",
        "image": "https://scontent.fsgn2-10.fna.fbcdn.net/v/t39.30808-6/488926284_1634396210574604_2618988126204520591_n.jpg?stp=dst-jpg_s600x600_tt6&_nc_cat=109&ccb=1-7&_nc_sid=833d8c&_nc_eui2=AeE2AvXE0NRALYcDDYUPlqXGxQA0n_HK6rPFADSf8crqs0shwlUBGxeRosqj_io9rFrV3NhMTKSEeccgrhCBYAYr&_nc_ohc=BFz7dW5KwCsQ7kNvwG-7fbY&_nc_oc=AdnPMFO74OBEbNDA01sqMEqb9sNnwhkXzV2LeeDtNufMqrXc3hi2I22myvsmxrzUZ2uE2n_FvtafqLl7ZwISC1YM&_nc_zt=23&_nc_ht=scontent.fsgn2-10.fna&_nc_gid=I4ePi5us85QKzKzyjqvfDQ&oh=00_AfF-dHA22Hp2Ju3rR2G815E9HadNPmN9_TXV6s_XbVeiCg&oe=6815FEB6"
    },
    {
        "caption": "PSG chính thức vô địch Ligue 1 sớm 6 vòng đấu",
        "image": "https://scontent.fsgn2-4.fna.fbcdn.net/v/t39.30808-6/488657261_1633626983984860_4672134997835647373_n.jpg?stp=dst-jpg_s600x600_tt6&_nc_cat=101&ccb=1-7&_nc_sid=833d8c&_nc_eui2=AeGcS-ehkAitKkvl11OU5eyime9aq0KLSJ2Z71qrQotInSRS1sZDiZ_Q8KVCLtH86VogzY4WRGCy9pfgC7syGmcy&_nc_ohc=95RGT-NN1xsQ7kNvwHuG6zA&_nc_oc=AdlmwmJ68bv8bO6lm1hgv_Y7s9cYVxeo8v7qdN99dRMs3QroRvLbXM39Q1gEagAWKwW2EYV11Ss0ir4bOU7-PaNM&_nc_zt=23&_nc_ht=scontent.fsgn2-4.fna&_nc_gid=I4ePi5us85QKzKzyjqvfDQ&oh=00_AfF2N5hNDKHNMX6XHryJr2VpmoSP1V21wukz0V6o-npoVA&oe=681611B2"
    },
    {
        "caption": "Hết giờ: Arsenal 1-1 Everton. Cuộc đua Premier Leagua đã ngã ngũ ????",
        "image": "https://scontent.fsgn2-9.fna.fbcdn.net/v/t39.30808-6/488496252_1633499433997615_5122238414571093032_n.jpg?stp=dst-jpg_s600x600_tt6&_nc_cat=103&ccb=1-7&_nc_sid=833d8c&_nc_eui2=AeHC2FqAihEcRBiyLtSYd6hyu9VJdsfssrS71Ul2x-yytPHBenMMXs_dG-MMpfGswfIrmHvKJNDxqBiT8gNeXY63&_nc_ohc=PNCK9k57TWsQ7kNvwH2iPnH&_nc_oc=AdmhJSICnTE1k7VUHuGdUzgfw_K3tXCMIkflUGxwbgr9zyBcQWl3GbL1kCnyJytbTX_CDIVOJHhw3B9xszHuDjww&_nc_zt=23&_nc_ht=scontent.fsgn2-9.fna&_nc_gid=I4ePi5us85QKzKzyjqvfDQ&oh=00_AfE8Y_KuLb_OEQsSaoigNDrMSCqSNB5R7nEHYXvdM4-6Kg&oe=68160F87"
    },
    {
        "caption": "Ronaldo ghi bàn nâng tỷ số lên 2-0 cho Al Nassr trước Al Hilal",
        "image": "https://scontent.fsgn2-6.fna.fbcdn.net/v/t39.30808-6/488656574_1632937050720520_1523532281429637062_n.jpg?stp=dst-jpg_s600x600_tt6&_nc_cat=111&ccb=1-7&_nc_sid=833d8c&_nc_eui2=AeGMJoQn4riItRC7C-_tl3yomuKw_TzcGQGa4rD9PNwZAV4kRHwL3XDRXc8c2wapii_F0hWE8DVMybc1_tg4Xvhv&_nc_ohc=W_Ti03j4ECkQ7kNvwECNAky&_nc_oc=AdlmbrNL4gt91S4fGLls-9qLFg29sSsv2MakAgV2mQl9WMFakajrKtUm9u8Y6PfK-p2cxetY3wvyrI_hTz68Hjxb&_nc_zt=23&_nc_ht=scontent.fsgn2-6.fna&_nc_gid=L-0JwKf8FVOORBs3mcdv9Q&oh=00_AfE-Ojhr5rRYrCDPXOod2uA7bmOVg5RiOEa2eWahVo4KWQ&oe=68162FE9"
    },
    {
        "caption": "Hẹn tối nay",
        "image": "https://scontent.fsgn2-7.fna.fbcdn.net/v/t39.30808-6/488541503_1632662447414647_5498310222276416382_n.jpg?stp=dst-jpg_p480x480_tt6&_nc_cat=108&ccb=1-7&_nc_sid=833d8c&_nc_eui2=AeFB9pDpW9YAEBcqfsaoGY2brlfG4rqcUHyuV8biupxQfCIsGvo2g75bzdaU6P6k0M6jGVDTpDv3uOW8nUv_WqFg&_nc_ohc=bDU5Pxgx2vEQ7kNvwHdVzk-&_nc_oc=Adn0O7qIq7E6V3hqQduovh4FHkaj6Hp2hJbac_V1sTFkOARQ3eyeDzq_jrdnBzHIfVgqZnXvAthTzYeGoOpi8QTJ&_nc_zt=23&_nc_ht=scontent.fsgn2-7.fna&_nc_gid=L-0JwKf8FVOORBs3mcdv9Q&oh=00_AfGxmkPN4ruKfn0YGode76m5fVV4Vxrq23ClzVw1R-NEuA&oe=68160F46"
    },
    {
        "caption": "Bảng xếp hạng FIFA tháng 4. ĐTVN tăng 5 bậc",
        "image": "https://scontent.fsgn2-8.fna.fbcdn.net/v/t39.30808-6/488677762_1632387200775505_385023650250697654_n.jpg?stp=dst-jpg_s480x480_tt6&_nc_cat=102&ccb=1-7&_nc_sid=833d8c&_nc_eui2=AeHMoXDIuJvN7j1pA4AQNlfqTTRXNE8o871NNFc0TyjzvXbIQ5-ky6tJfSvGXnEhsv1sDaXUGvHiZIYB95lqf6dC&_nc_ohc=sIVCXXVtOHIQ7kNvwFPsTha&_nc_oc=AdkK1R259LY0NibV7Bn6STduCfOtug9PO3rbaUSAE1szVUEGj81Jz_PZuQe1sJEVRJBGyVdmB857nF7wy01p98nY&_nc_zt=23&_nc_ht=scontent.fsgn2-8.fna&_nc_gid=L-0JwKf8FVOORBs3mcdv9Q&oh=00_AfFvg-IsokW_ce4kHfKTT9TbUFmkN4gUTifkyoW99A2cyQ&oe=6815FF02"
    },
    {
        "caption": "Hết giờ: Chelsea 1-0 Tottenham",
        "image": "https://scontent.fsgn2-6.fna.fbcdn.net/v/t39.30808-6/488421146_1632273880786837_8717687128552888055_n.jpg?stp=dst-jpg_s600x600_tt6&_nc_cat=110&ccb=1-7&_nc_sid=833d8c&_nc_eui2=AeGHEK7kQ1Cq35dyDeUzukrAlbuGGOqZeP6Vu4YY6pl4_nlcAaYiMCCrTV3OnAfaFNhZRp71KPWXzFBNpDAake8M&_nc_ohc=F0Irswan2iMQ7kNvwEZGMW7&_nc_oc=AdlUpfDS1Qk096Aio0SO1w3VC5C2JiLgUxS2KUSpu7jJqUPOqG_U6qbS8_D29f5bBzzGAoY16W0bMQzLQp2D34pZ&_nc_zt=23&_nc_ht=scontent.fsgn2-6.fna&_nc_gid=L-0JwKf8FVOORBs3mcdv9Q&oh=00_AfHhtGUB7dfOnPl4gB5iA8r-GlyfgPfMlA42yHY3R8L2yw&oe=6815FF97"
    },
    {
        "caption": "Ngày 3/4/2025, HLV trưởng Cristiano Roland đã đưa ra quyết định cuối cùng về danh sách 23 cầu thủ của đội tuyển U17 Việt Nam tham dự Vòng chung kết U17 châu Á 2025.",
        "image": "https://scontent.fsgn2-9.fna.fbcdn.net/v/t39.30808-6/488463372_1631838207497071_3013167484855839672_n.jpg?stp=dst-jpg_s600x600_tt6&_nc_cat=103&ccb=1-7&_nc_sid=833d8c&_nc_eui2=AeF2fuoXpKweu4awKjF7IM_aCGSEQahAG44IZIRBqEAbjm8-_3_FMNXKYXR0PU28ud89UANFvLLxF1ihInkpHB8h&_nc_ohc=q_fwQGt5ACEQ7kNvwHj9KWl&_nc_oc=Adnz5XlXoBhWfpd6gPj9EzEZC1Z0ydwHaGdgNWFfoAh8mHrdDU5pO5RgBp9xBBKFcwtK3g-WGDuPuuM2N8OjGKyT&_nc_zt=23&_nc_ht=scontent.fsgn2-9.fna&_nc_gid=L-0JwKf8FVOORBs3mcdv9Q&oh=00_AfGp5-dm-dGmKL4MAWOE3GAG9LZyRuXpvfsd6Hs2YhyF3g&oe=68160BD7"
    },
    {
        "caption": "📢 THÔNG BÁO HOT HOT! Vietnam Pickleball Open Cup - VPC 2025 chính thức khởi động! 🔥\n🔥 VPC 2025 đã sẵn sàng đón chờ các tay vợt hội tụ tại TP Hồ Chí Minh. Với tổng giá trị tiền thưởng lên đến 500 triệu đồng và rất nhiều phần quà hấp dẫn khác đang chờ đợi những chủ nhân mới.\n⚡️ Giải Phong Trào dưới 35 tuổi \nNhà vô địch đơn nam, đơn nữ: Cúp vô địch + 3.000.000 VNĐ + Quà tặng nhà tài trợ (nếu có).\nNhà vô địch đôi nam, đôi nữ: Cúp vô địch + 5.000.000 VNĐ + Quà tặng nhà tài trợ (nếu có).\nNhà vô địch đôi nam nữ: Cúp vô địch + 5.000.000 VNĐ + Quà tặng nhà tài trợ (nếu có).\n⚡️ Giải Pro\nNhà vô địch đơn nam, đơn nữ: Cúp vô địch + 10.000.000 VNĐ + Quà tặng nhà tài trợ (nếu có).\nNhà vô địch đôi nam, đôi nữ: Cúp vô địch + 30.000.000 VNĐ + Quà tặng nhà tài trợ (nếu có).\nNhà vô địch đôi nam nữ: Cúp vô địch + 30.000.000 VNĐ + Quà tặng nhà tài trợ (nếu có).\n⚡️ Giải Đồng đội VPC – Đội 4 người\nVô địch nội dung tổ hợp thi đấu (Đôi Nam, Đôi Nữ, Đôi Nam Nữ): Cúp vô địch  + 60.000.000 VNĐ + Quà tặng nhà tài trợ (nếu có).\n📍Link đăng ký thi đấu: https://pickleballplus.vn/.../vietnam-pickleball-open-cup...\n📍Địa điểm thi đấu: The Dinker Club – Premier Pickleball Arena (số 2-4 Đường số 9, Khu đô thị Him Lam, Quận 7, Tp. Hồ Chí Minh)\n📍Thời gian thi đấu: Ngày 17-20/4/2025\nThời hạn nhận đăng ký: Ngày 13/4/2025\n📌 Quét mã QR hoặc truy cập link dưới đây để không bỏ lỡ bất kỳ thông tin nào! 🔥\n⚡Link tham gia group: https://zalo.me/g/xbdjtq875\n💥Website: https://pickleballplus.vn/.../vn-vietnam-pickleball-open... \n📍Lệ phí tham dự giải:\nGiải Phong Trào\n500.000 VNĐ/ VĐV/ Nội dung thi đơn \n1.000.000VNĐ/ cặp VĐV/ Nội dung thi đôi\nGiải Pro\n500.000 VNĐ/ VĐV/ Nội dung thi đơn \n1.000.000VNĐ/ cặp VĐV/ Nội dung thi đôi\nGiải Đồng đội VPC\n2.000.000 VNĐ/ Đội thi đấu\n⚡Thông tin tài khoản chuyển khoản đăng ký: \nNguyễn Hải Long\nSTK: 9333 9333 333 - Ngân hàng TMCP Tiên Phong - TPBank Tây Hà Nội\nNội dung chuyển khoản như sau: Họ tên vận động viên – Nội dung thi đấu – Số điện thoại, ví dụ: NGUYEN VAN A DON NAM PHONG TRAO U35 (Duoi 35) 0902xxxxxx\n#Pharmacity #so1baoquanthuoc #Nhataitro_VPC #VNPAY #ChungkhoanUp #UPS #Proton #LynkCoVietnam #VTVCAB #VieON #Jogarbola #AmazfitVN #kemmilana #Pompeche",
        "image": "https://scontent.fsgn2-4.fna.fbcdn.net/v/t39.30808-6/488262519_1631802704167288_2147975943852513730_n.jpg?stp=dst-jpg_s480x480_tt6&_nc_cat=101&ccb=1-7&_nc_sid=127cfc&_nc_eui2=AeGGiwW02Ao55kGuFMETOTKSmWZ06q8w2UaZZnTqrzDZRkSPo3CIzkaA8w9AzAzcHVqAPJBzUAk7uxu8KkE1JF60&_nc_ohc=hotzKE9lfqMQ7kNvwGc80Kh&_nc_oc=AdlKJaaDS47zEPUfI5f9Rhv1d-GHGi84Ks-K0WtCSAy9WS57mrOMZcl5_tDHyHbtAVKu9qLs97TsILeOR-X-j6Dv&_nc_zt=23&_nc_ht=scontent.fsgn2-4.fna&_nc_gid=L-0JwKf8FVOORBs3mcdv9Q&oh=00_AfEuBXZaRuJVznPRFVqpCpt0cBj1hD4jOdNXEukXCIXoBQ&oe=6816193F"
    },
    {
        "caption": "Để người cũ chọc thủng lưới. Man Utd gục ngã trước Nottingham Forrest",
        "image": "https://scontent.fsgn2-7.fna.fbcdn.net/v/t39.30808-6/488265592_1630669040947321_3390137363046952033_n.jpg?stp=dst-jpg_s600x600_tt6&_nc_cat=100&ccb=1-7&_nc_sid=833d8c&_nc_eui2=AeE8Y5k0uTFmoDqQNiWdd_3nfmfSHG0n3Kd-Z9IcbSfcpxi3baGiAETNtPu7XkzOG3q8CAD6gy8gNuJthfEx4mH0&_nc_ohc=Q98DU6ApA4EQ7kNvwEpqyLs&_nc_oc=Adm0Z4z1w9lHmh1YA7DuNgKoqObB1AcDSAFkHhiPcOSFM_UpWroCjnqSnYSq0qwEiLygHJWQ8xv-vga6AQnC7fQu&_nc_zt=23&_nc_ht=scontent.fsgn2-7.fna&_nc_gid=L-0JwKf8FVOORBs3mcdv9Q&oh=00_AfGqqS4BcbbE_nt7YXQIKey76P_5P5lM3RxshkMKpOAdgg&oe=6816206A"
    },
    {
        "caption": "Chuyên trang định giá cầu thủ nổi tiếng Transfermarkt đang tổ chức giải đấu vote trên Facebook. Và không ngạc nhiên khi ĐTVN tỏ ra áp đảo các đối thủ trên mặt trận này. Trước đó vài ngày đến gã khổng lồ Đức cũng phải gục ngã trước sức mạnh của ĐT đến từ Đông Lào.",
        "image": "https://scontent.fsgn2-5.fna.fbcdn.net/v/t39.30808-6/488247263_1629949397685952_6992531500234469563_n.jpg?stp=cp6_dst-jpg_s960x960_tt6&_nc_cat=104&ccb=1-7&_nc_sid=833d8c&_nc_eui2=AeFG8o3TXqra_VECYryKX0GxWIwlkeYqt_BYjCWR5iq38PWnftud73ABLhOH1YUZXJM0u_QO9Z2F0EBQr2IgeS5e&_nc_ohc=elfCDRaJfLwQ7kNvwGuoEqn&_nc_oc=Adnv4t5UlgBKfZGZpfzFSYViF0f_jKwpDTP5Ul8dXsr74apx-9v3eJDf50nMlet2Ln4r4Q7c3R4Q2jb32ZWI647y&_nc_zt=23&_nc_ht=scontent.fsgn2-5.fna&_nc_gid=D7aBbZOpLcr5AnQbAZkSVw&oh=00_AfGeF6ZyHQMhnKZJrpOfmQLnwBY9F1jnplhyLITodVYboQ&oe=68160C63"
    },
    {
        "caption": "Trọng tài ở trận đấu giữa Espanyol và Atletico Madrid",
        "image": "https://scontent.fsgn2-11.fna.fbcdn.net/v/t39.30808-6/487239435_1628185484529010_2043459297637184059_n.jpg?stp=dst-jpg_s600x600_tt6&_nc_cat=105&ccb=1-7&_nc_sid=833d8c&_nc_eui2=AeEeqDG2yBIcigRFKg9BAhFaKy_fUmDi4MUrL99SYOLgxV5jTM17qraOCcp9EYTlcoSerF93Fxzigf1zLMPX4Ye4&_nc_ohc=dJHBH-Ecw_cQ7kNvwHVZppc&_nc_oc=AdnBUkCy35IvPCYh2D5c14wDhPqswe5rhgGCOHgz4B5rwxweo6AoETqO3rOwgugLgGvToKsNUaV5ku5iuZBarPKM&_nc_zt=23&_nc_ht=scontent.fsgn2-11.fna&_nc_gid=D7aBbZOpLcr5AnQbAZkSVw&oh=00_AfEJ8tFFayj3-fn0Kw2ALkyiQ_MKB6ES6TVJwg_qp9I0eA&oe=681618B4"
    },
    {
        "caption": "🚨 Brazil đã sa thải huấn luyện viên Dorival Júnior sau thất bại 1-4 trước Argentina! 👋🏻🇧🇷",
        "image": "https://scontent.fsgn2-11.fna.fbcdn.net/v/t39.30808-6/487131918_1627786587902233_4133738357514294811_n.jpg?stp=dst-jpg_p480x480_tt6&_nc_cat=105&ccb=1-7&_nc_sid=833d8c&_nc_eui2=AeGab3DwTXufh0v2pRBs6k6RJ2zn7pb4JcknbOfulvglycXEqlwLpfZIpZz5ZyJXtZSjukWCudyTCPvNN2eMqLqE&_nc_ohc=D30Nc_-dTZUQ7kNvwFmJEMN&_nc_oc=Adkrb3hijnX_8NuATYhr7NYUEXW1RSh3BHEpZYoHbGu0Nagw_CY-p98HyUEmtLKYIulRCcisuAJ8s_vE6S7vQe_S&_nc_zt=23&_nc_ht=scontent.fsgn2-11.fna&_nc_gid=D7aBbZOpLcr5AnQbAZkSVw&oh=00_AfFmHCia9ALuEVXDAOVSugqboql0qvz_SCHmi0EN0wwNaA&oe=6816035A"
    },
    {
        "caption": "Một fan Argentina nào đó ngày hôm nay",
        "image": "https://scontent.fsgn2-11.fna.fbcdn.net/v/t39.30808-6/486756840_1625770978103794_5630863621119426255_n.jpg?stp=dst-jpg_s640x640_tt6&_nc_cat=105&ccb=1-7&_nc_sid=833d8c&_nc_eui2=AeFb6JXgrf0iCXe3OW7nPy3iNCx9_WZhvuk0LH39ZmG-6R-_ZzGYz4xBOCrkHJGrKgHLFEmd3RFV4je21umMZ5oA&_nc_ohc=wrl4Bjmo9wwQ7kNvwE80nkr&_nc_oc=Admx8aELieO0S7ytpKDdQ7TndHYAQC7Fdcx-H69fCZW_dK5S0psbDXIlsZY89ANiWqW1Nu5EIuaB2Wx-RYl0W-I6&_nc_zt=23&_nc_ht=scontent.fsgn2-11.fna&_nc_gid=D7aBbZOpLcr5AnQbAZkSVw&oh=00_AfHLdX2oNPEdVXv32uz_rws3PpX-sCEj2Qyu7F0fjU_6Yw&oe=68162AF7"
    },
    {
        "caption": "Hết giờ. Argentina hủy diệt Brazil",
        "image": "https://scontent.fsgn2-7.fna.fbcdn.net/v/t39.30808-6/486469334_1625603251453900_2233785344993391472_n.jpg?stp=dst-jpg_p480x480_tt6&_nc_cat=108&ccb=1-7&_nc_sid=833d8c&_nc_eui2=AeHoaz8xBCQAplMq0ZE8-u0rqJmhw7dwyT6omaHDt3DJPntx-oQVor-ZbiPmW61UUuYfjA7KSHbpLZqxTBA3pPRc&_nc_ohc=2qBfg49OhQUQ7kNvwHkheNu&_nc_oc=AdnGJuKSCwDW2GVB1OZUy5KabB7uQVoDxqcmGV5xPZHOWmTsJ0nbGPIQUb2zh93YuTlJcxcCOSIi5iAkY-hMXKjr&_nc_zt=23&_nc_ht=scontent.fsgn2-7.fna&_nc_gid=D7aBbZOpLcr5AnQbAZkSVw&oh=00_AfGpG8KlYdfXq1-gQqAr9TmpRRhl8m5nM6PJZmYUqMKgZg&oe=6815FBF9"
    },
    {
        "caption": "Hết hiệp 1",
        "image": "https://scontent.fsgn2-9.fna.fbcdn.net/v/t39.30808-6/487239451_1625562804791278_257866907861375983_n.jpg?stp=dst-jpg_s600x600_tt6&_nc_cat=106&ccb=1-7&_nc_sid=833d8c&_nc_eui2=AeGZCwDC2iczs7-o81StS3W4FKQYZBYG4xMUpBhkFgbjE3Iq8sNdIvxkRoBOm-dph4GMAGb7bghEA_EnsmJP0xvu&_nc_ohc=CZIjZEKlEiUQ7kNvwEekGkW&_nc_oc=AdlhiMET_URZKvwTsVP4Y3rifcH3OB98LXaupmsE1Y36Vx-Ql9uOex_FK-8cjOlh-RpJ5cee4cKKE8MRiZwEr1se&_nc_zt=23&_nc_ht=scontent.fsgn2-9.fna&_nc_gid=D7aBbZOpLcr5AnQbAZkSVw&oh=00_AfFvTD0mnRRSciQw6qsudMmusMKheAhYqu6EpYel9K9C6w&oe=68162CEC"
    },
    {
        "caption": "Nhà ĐKVĐ Argentina chính thức có mặt tại World Cup 2026",
        "image": "https://scontent.fsgn2-4.fna.fbcdn.net/v/t39.30808-6/487130206_1625536061460619_5099728667301202248_n.jpg?stp=dst-jpg_s480x480_tt6&_nc_cat=101&ccb=1-7&_nc_sid=833d8c&_nc_eui2=AeEW5B22OmB4UvtW31Pg3ICx1fQUEierVoTV9BQSJ6tWhBJZlHJvwk3ex2yQw4S1zwccrVEWOo3v-45YQJYnb1eL&_nc_ohc=00m_rr_IjWAQ7kNvwGFTNEA&_nc_oc=AdlU3Lv-UNVUsEE4kY9mQcXB32WgfJvJyvsrI0sz_JUVM6uOthzjZT0au7ndvtBQN33yNSwhd6gnctDrf0ywsT27&_nc_zt=23&_nc_ht=scontent.fsgn2-4.fna&_nc_gid=D7aBbZOpLcr5AnQbAZkSVw&oh=00_AfGNwBM9zFVCLUy45QxwLsMc4o4vEi-MqW0pA0u0g9B-Mw&oe=68162EB1"
    },
    {
        "caption": "Hà Lan B chuẩn bị nổ tưng bừng",
        "image": "https://scontent.fsgn2-5.fna.fbcdn.net/v/t39.30808-6/486541625_1625325724814986_7658381368497704193_n.jpg?stp=cp6_dst-jpg_tt6&_nc_cat=104&ccb=1-7&_nc_sid=833d8c&_nc_eui2=AeEVpjoD6sDvSPQyiyHL_fkrDmM02gpIGoIOYzTaCkgagokmfDOAEshAdAHtMQDYv3IW6hASdl_avYs5WsQ42giS&_nc_ohc=DOgGBhqMjbYQ7kNvwEhQjQz&_nc_oc=Adm3IOmCS9hZanl07s7z6TzUjoSSQSRFqc7LOuNmIUitueV_EfAvT7DO8qCO_bcxOsUXsda6nuA1s0SBslf54JDp&_nc_zt=23&_nc_ht=scontent.fsgn2-5.fna&_nc_gid=D7aBbZOpLcr5AnQbAZkSVw&oh=00_AfHmpJkaTPHEFtEBQAgXciCGpSBDtdzvUwTjBAaiFzo-jg&oe=681604B3"
    },
    {
        "caption": "Hết giờ: Việt Nam 5-0 Lào. Một khởi đầu quá tưng bừng ở vòng loại Asian Cup 2027",
        "image": "https://scontent.fsgn2-7.fna.fbcdn.net/v/t39.30808-6/486379388_1625273064820252_2994544719900639764_n.jpg?stp=dst-jpg_p480x480_tt6&_nc_cat=100&ccb=1-7&_nc_sid=833d8c&_nc_eui2=AeEntMHfeURWUvjRZ_jCsxOSIkegtLKIXt4iR6C0sohe3k-rJyFT9Hn_TewS9MjW-rg0qKZCQQxE3HyPm4hTpH87&_nc_ohc=rn6xfCZVMeEQ7kNvwF1-tfO&_nc_oc=AdlkfSrw4LK_W1KnmqtyG9jnTmC1ffui7Eu2aTjoSGa5RP1DSABaOqZXH4UtlAFFFS88ayI23llI3F7h9jtgLe2t&_nc_zt=23&_nc_ht=scontent.fsgn2-7.fna&_nc_gid=D7aBbZOpLcr5AnQbAZkSVw&oh=00_AfHyrinqkVsUGFlWy6lYeF3OCeuAl8BPGBLxODfmAlVxAA&oe=681619AC"
    },
    {
        "caption": "Văn Vĩ. 3-0 cho ĐTVN",
        "image": "https://scontent.fsgn2-3.fna.fbcdn.net/v/t39.30808-6/486509316_1625240928156799_3128104987686084092_n.jpg?stp=dst-jpg_p843x403_tt6&_nc_cat=107&ccb=1-7&_nc_sid=833d8c&_nc_eui2=AeEDab-npKMwmaDG59y3aGAqWt59ckWsW4Ja3n1yRaxbglv-dMW2lluRA-t4RS6b_jN1pzIqKZCOjBkLnI7fHDju&_nc_ohc=7oQkkYRNpz8Q7kNvwFVUPKI&_nc_oc=Adko8Yrbsgx8B0TZlD1UFO7uC2kQOBDCscMn6D4UW9WalQhB_JPcGjWTSWpG2aPdducV2AYz_uySG-Ty2qdd-TzS&_nc_zt=23&_nc_ht=scontent.fsgn2-3.fna&_nc_gid=5WhpNYZ1XLhfeSsyqLMbBg&oh=00_AfET2W3mXl-wi22uKiduZARRd9QXeU_D5G49WmxzdTqniw&oe=6816012E"
    },
    {
        "caption": "Hết giờ. U22 Việt Nam 1-1 U22 Trung Quốc. Việt Nam kết thúc giải đấu giao hữu tại Trung Quốc với thành tích bất bại sau 3 trận. Với 3 điểm có được, U22 Việt Nam xếp ở vị trí thứ 3 trong khi Trung Quốc dẫn đầu với 5 điểm. U22 Hàn Quốc xếp thứ 2",
        "image": "https://scontent.fsgn2-7.fna.fbcdn.net/v/t39.30808-6/486632655_1625238454823713_3158031198502558603_n.jpg?stp=dst-jpg_p480x480_tt6&_nc_cat=108&ccb=1-7&_nc_sid=833d8c&_nc_eui2=AeH84HPCeJKettG4FhSKTDgoIEsnqs0lJ9EgSyeqzSUn0TMu8pw_vCrn8jPdAaZrPOAokp3p_zNUMkMENwa7SqZC&_nc_ohc=RUUYl3ax0SwQ7kNvwF2inaF&_nc_oc=AdmdKuq-IUw3f4WAF7ZAlZ4vl1oQelFPo3KxjgrNDPgfc2qw4RpqyyS-V-1p4_Dr5Z0EzZiCMiBVYzsAHrPZmVrO&_nc_zt=23&_nc_ht=scontent.fsgn2-7.fna&_nc_gid=5WhpNYZ1XLhfeSsyqLMbBg&oh=00_AfE1goV1CkdJL04JZm5k73ouu8N22eo_K6fYrURMK3K8uA&oe=6816031C"
    },
    {
        "caption": "BXH giải giao hữu CFA Team China 2025",
        "image": "https://scontent.fsgn2-9.fna.fbcdn.net/v/t39.30808-6/486550068_1624375474910011_2076354909787805321_n.jpg?stp=dst-jpg_p480x480_tt6&_nc_cat=106&ccb=1-7&_nc_sid=833d8c&_nc_eui2=AeGoZhdsCNiEfJOIZwp78PeFB47bj1YBwEIHjtuPVgHAQm7LXUayX6gsddAgtqYaPuxd1iJaqoz357wzkCQtjz14&_nc_ohc=pHLS45QHsG0Q7kNvwHUBoJ_&_nc_oc=AdlujN553InD93xXhaUzKqu8FlhevZN6ngiilPXnSjcgDP4HoPbCRaELxppvVz5MP_CSl6SYbZSptOgCK4vOTIRl&_nc_zt=23&_nc_ht=scontent.fsgn2-9.fna&_nc_gid=5WhpNYZ1XLhfeSsyqLMbBg&oh=00_AfFcumOiFS05_CaGYCwlKRdBxirRThJHJk7QJLvBQaajKA&oe=6816061E"
    },
    {
        "caption": "Sân chơi Vietnam Pickleball Open Cup - VPC 2025 đã quay trở lại với tổng giá trị giải thưởng lên tới 500 triệu đồng 🥳\n\nTham gia ngay - nhận thưởng lớn về tay.\n\n💥 Giải Phong Trào dưới 35 tuổi\n- Nội dung đơn nam, đơn nữ\nVô địch: Cúp vô địch + 3.000.000 VNĐ + Quà tặng nhà tài trợ (nếu có).\nGiải nhì: Huy chương  + 2.000.000 VNĐ + Quà tặng nhà tài trợ (nếu có).\nĐồng Giải ba: Huy chương + 1.000.000 VNĐ + Quà tặng nhà tài trợ (nếu có).\n- Nội dung đôi nam, đôi nữ\nVô địch: Cúp vô địch  + 5.000.000 VNĐ + Quà tặng nhà tài trợ (nếu có).\nGiải nhì: Huy chương  + 3.000.000 VNĐ + Quà tặng nhà tài trợ (nếu có).\nĐồng Giải ba: Huy chương + 2.000.000 VNĐ + Quà tặng nhà tài trợ (nếu có).\n- Nội dung đôi nam nữ\nVô địch: Cúp vô địch  + 5.000.000 VNĐ + Quà tặng nhà tài trợ (nếu có).\nGiải nhì: Huy chương  + 3.000.000 VNĐ + Quà tặng nhà tài trợ (nếu có).\nĐồng Giải ba: Huy chương + 2.000.000 VNĐ + Quà tặng nhà tài trợ (nếu có).\n\n💥Giải Pro\n- Nội dung đơn nam, đơn nữ\nVô địch: Cúp vô địch + 10.000.000 VNĐ + Quà tặng nhà tài trợ (nếu có).\nGiải nhì: Huy chương  + 5.000.000 VNĐ + Quà tặng nhà tài trợ (nếu có).\nĐồng Giải ba: Huy chương + 3.000.000 VNĐ + Quà tặng nhà tài trợ (nếu có).\n- Nội dung đôi nam, đôi nữ\nVô địch: Cúp vô địch  + 30.000.000 VNĐ + Quà tặng nhà tài trợ (nếu có).\nGiải nhì: Huy chương  + 15.000.000 VNĐ + Quà tặng nhà tài trợ (nếu có).\nĐồng Giải ba: Huy chương + 5.000.000 VNĐ + Quà tặng nhà tài trợ (nếu có).\n- Nội dung đôi nam nữ\nVô địch: Cúp vô địch  + 30.000.000 VNĐ + Quà tặng nhà tài trợ (nếu có).\nGiải nhì: Huy chương  + 15.000.000 VNĐ + Quà tặng nhà tài trợ (nếu có).\nĐồng Giải ba: Huy chương + 5.000.000 VNĐ + Quà tặng nhà tài trợ (nếu có).\n\n💥 Giải Đồng đội VPC – Đội 4 người\n- Nội dung tổ hợp thi đấu (Đôi Nam, Đôi Nữ, Đôi Nam Nữ)\nVô địch: Cúp vô địch  + 60.000.000 VNĐ + Quà tặng nhà tài trợ (nếu có).\nGiải nhì: Huy chương + 30.000.000 VNĐ + Quà tặng nhà tài trợ (nếu có).\nĐồng Giải ba: Huy chương + 10.000.000 VNĐ + Quà tặng nhà tài trợ (nếu có).\n\nBạn đã sẵn sàng chinh phục những giải thưởng hấp dẫn chưa, điền ngay vào form đăng ký để tham gia sân chơi Pickleball hàng đầu Việt Nam sắp sửa diễn ra nhé.\n\n⏳ Thời hạn nhận đăng ký: Ngày 13/4/2025\n\n📍Link đăng ký thi đấu: https://pickleballplus.vn/.../vietnam-pickleball-open-cup...\n\n📍Địa điểm thi đấu: The Dinker Club – Premier Pickleball Arena (số 2-4 Đường số 9, Khu đô thị Him Lam, Quận 7, Tp. Hồ Chí Minh)\n\n📍Lệ phí tham dự giải:\nGiải Phong Trào\n500.000 VNĐ/ VĐV/ Nội dung thi đơn \n1.000.000VNĐ/ cặp VĐV/ Nội dung thi đôi\nGiải Pro\n500.000 VNĐ/ VĐV/ Nội dung thi đơn \n1.000.000VNĐ/ cặp VĐV/ Nội dung thi đôi\nGiải Đồng đội VPC\n2.000.000 VNĐ/ Đội thi đấu\n\n⚡Thông tin tài khoản chuyển khoản đăng ký: \nNguyễn Hải Long\nSTK: 9333 9333 333 - Ngân hàng TMCP Tiên Phong - TPBank Tây Hà Nội\nNội dung chuyển khoản như sau: Họ tên vận động viên – Nội dung thi đấu – Số điện thoại, ví dụ: NGUYEN VAN A DON NAM PHONG TRAO U35 (TREN 35) 0902xxxxxx\n\n#Pharmacity #so1baoquanthuoc #Nhataitro_VPC #VNPAY #ChungkhoanUp #UPS #Proton #LynkCoVietnam #VTVCAB #VieON #Jogarbola #AmazfitVN #kemmilana #Pompeche",
        "image": "https://scontent.fsgn2-8.fna.fbcdn.net/v/t39.30808-6/486388895_1624333888247503_6156862942000524245_n.jpg?stp=dst-jpg_s480x480_tt6&_nc_cat=102&ccb=1-7&_nc_sid=833d8c&_nc_eui2=AeGYRur-3Gr2hEhi3dmsjjhwcB2GDwLymWVwHYYPAvKZZSlvGZy3ssxGne6t_5FKFpbTvgYVBDudU4I_5GG2vkqO&_nc_ohc=1Oc54qawiGsQ7kNvwEaEb_o&_nc_oc=AdkvkLymKLPkkHOUKpM6OdxmMp61M0cffbeDH65iA3s0x_Nh8px1KA3JhHT0_C3b7QYkX2hheworDO7sJUv4j86t&_nc_zt=23&_nc_ht=scontent.fsgn2-8.fna&_nc_gid=5WhpNYZ1XLhfeSsyqLMbBg&oh=00_AfGCKcHGdtsqUB-rgK_2gXFx7t82G_hF8rIhEJJA_n7Gxg&oe=68162CE6"
    },
    {
        "caption": "Juventus sa thải HLV Thiago Motta",
        "image": "https://scontent.fsgn2-4.fna.fbcdn.net/v/t39.30808-6/486520349_1623897524957806_708622868314131602_n.jpg?stp=dst-jpg_s600x600_tt6&_nc_cat=101&ccb=1-7&_nc_sid=833d8c&_nc_eui2=AeEdjjnQYIB3QBiQ-7YFGhytua7x0caUPpq5rvHRxpQ-mrdK0pXb-dDMnljzLVwz0dR9-crR5h3nHZLM_3VrO0ZD&_nc_ohc=I2nAFtVfj6kQ7kNvwF9_4PY&_nc_oc=AdnElSy34L6hfSU0fJankuPFsCcosSQ7mtKlyoMN_mdKUMMozc3ok_3sg8LzbUzLvtzGFqqdTaR7PJk8Yf1uMUG-&_nc_zt=23&_nc_ht=scontent.fsgn2-4.fna&_nc_gid=5WhpNYZ1XLhfeSsyqLMbBg&oh=00_AfEhN6tGPfMV5rB2vbvyvi8doMoInfdq-dlNGsE7T8Fzow&oe=6816236A"
    },
    {
        "caption": "Hết giờ: U22 Việt Nam 0-0 U22 Uzbekistan",
        "image": "https://scontent.fsgn2-9.fna.fbcdn.net/v/t39.30808-6/486509419_1623822191632006_4872025619520323779_n.jpg?stp=dst-jpg_p480x480_tt6&_nc_cat=106&ccb=1-7&_nc_sid=833d8c&_nc_eui2=AeHxNH1MGrD_OIzOMit5UsQuHWSFvgvk2JcdZIW-C-TYl__4nN_2FIgIDV7sqj1LAIAgutpTfwqnvlWCAgrw_Ey8&_nc_ohc=elRJyxuZamgQ7kNvwExb7wn&_nc_oc=Adl1a0i8fHuerkUP6ZgYNGCkjbunGsweS_Xu9xuMGuhVQro0_9uV1SLb216EySw0VLAjFpTxDn_uXoxD4LDMRww3&_nc_zt=23&_nc_ht=scontent.fsgn2-9.fna&_nc_gid=5WhpNYZ1XLhfeSsyqLMbBg&oh=00_AfEtKDEkM3ACxJz2JHlkB5RXmJrzb1ZXidhuzQtmUdCvAg&oe=68160268"
    },
    {
        "caption": "U22 Việt Nam vẫn đang hòa 0-0 U22 Uzbekistan",
        "image": "https://scontent.fsgn2-8.fna.fbcdn.net/v/t39.30808-6/485918178_1623786081635617_3544725385750966496_n.jpg?stp=dst-jpg_s640x640_tt6&_nc_cat=102&ccb=1-7&_nc_sid=833d8c&_nc_eui2=AeFFldSwxk73S4y1TwKcDJWzSSDIgB8GQU5JIMiAHwZBTvML4M0LLeL32DaYxtPaMKqaBoAcwrKYX1Etj9DFI4i2&_nc_ohc=ha-IGYBy4MMQ7kNvwF0ATDw&_nc_oc=Adkluq9dcmr-rIKc9rsFjqZXVUalW2JS28dIILIgCyjE-x9KNW1wJ1qhr_vsLIxJQ94Q89_8tYGLPEcLcE2vGiei&_nc_zt=23&_nc_ht=scontent.fsgn2-8.fna&_nc_gid=5WhpNYZ1XLhfeSsyqLMbBg&oh=00_AfHF6NJcJq_f2CNHXwyLqFjjJPVf8vxyLT2KPU29gAffTQ&oe=681600B6"
    },
    {
        "caption": "Tiến lên nào",
        "image": "https://scontent.fsgn2-8.fna.fbcdn.net/v/t39.30808-6/486267949_1623747411639484_7181752602961638475_n.jpg?stp=dst-jpg_s480x480_tt6&_nc_cat=102&ccb=1-7&_nc_sid=833d8c&_nc_eui2=AeEu7WN0bFeMLWbptUDT_r8PgKw4MtOONFaArDgy0440VsiCJEt7I83tpcoGvi2QuYAhaSndFcP-uOQi2eGeGaAP&_nc_ohc=3BkPNkp9cosQ7kNvwGemCgc&_nc_oc=Adnq0RXPPZRVUEUO3MXH0gbG0aYxlH0xbxYkuYkqUMglE7lyCud5mny4SXbuJC3esya-rHlgj700CVeRm30fFhSo&_nc_zt=23&_nc_ht=scontent.fsgn2-8.fna&_nc_gid=5WhpNYZ1XLhfeSsyqLMbBg&oh=00_AfF9fuy42deKduEshB51owUH0DXmhn2aSoyYneYXE8H7sg&oe=6815F98C"
    }
]