[
    {
        "caption": "‼️CẢNH BÁO \n\nNgười dân cần chú ý: Tuyệt đối không tin các đối tượng rao làm thẻ giả trên mạng xã hội để tham gia diễu binh, diễu hành ngày 30/04/2025!\n\n- Mọi loại thẻ giả đều không được chấp thuận.\n- Bạn sẽ mất tiền và có nguy cơ vi phạm pháp luật.\n\nChỉ người có giấy tờ hợp lệ, dựa trên danh sách do cơ quan chức năng cấp mới được tham gia.",
        "image": "https://scontent.fsgn2-10.fna.fbcdn.net/v/t39.30808-6/494558333_999423415706094_6430371637769397865_n.jpg?stp=dst-jpg_s480x480_tt6&_nc_cat=109&ccb=1-7&_nc_sid=127cfc&_nc_eui2=AeFZEQNGuFNGhjszPYgupBHL_bbTQxaYdbn9ttNDFph1uUC9e1SnQCnrjQJDmmsHPFg2VF74GdxCiO_7jIE2Wlfz&_nc_ohc=To5sxHExFzgQ7kNvwEdwA7z&_nc_oc=AdmQ5Ff6RLQqkk2pqkQ3laNmimJyMOsQKEMt0bmxNjdnhb9JtRGfEuOstGrRvFh--ov3NkV0XqwwFVs2ZXsChuwU&_nc_zt=23&_nc_ht=scontent.fsgn2-10.fna&_nc_gid=7xKMDcrVqXUuCC4GxSJtTA&oh=00_AfHQB9lQlWdMC9qxix07pZ2xdW55AsNnYAyWBhYP0cW1_g&oe=68161EA6"
    },
    {
        "caption": "10 điểm cho câu trả lời của Hòa Minzy ❤️",
        "image": "https://scontent.fsgn2-4.fna.fbcdn.net/v/t39.30808-6/494308381_999417299040039_2420839979498228564_n.jpg?stp=dst-jpg_s480x480_tt6&_nc_cat=1&ccb=1-7&_nc_sid=127cfc&_nc_eui2=AeHegsmdOToJCRlo4_v5aJAcwByo4fBeC8LAHKjh8F4LwgDJKbQyZcETbaKu2SUHW3q4OgaQ1fJ5LvarBNRhP8fv&_nc_ohc=89C2UaAtwS8Q7kNvwHjTbwR&_nc_oc=Adms4r-_FGNnCdTIzZClq_rOntyLifGWZaXab6wNiiyLg0kd7vJM5Hx6x2HAbbxnnoDEHuPz6z1XM3iwEbIXbNgO&_nc_zt=23&_nc_ht=scontent.fsgn2-4.fna&_nc_gid=7xKMDcrVqXUuCC4GxSJtTA&oh=00_AfGZYUMANWX4Md8rDFh3cDxZEq26Y0NU8fGdZLgTZZBMbw&oe=681644A5"
    },
    {
        "caption": "Đây là nội dung đăng tải trên tờ Wall Street Journal. Theo ấn phẩm này, \"cú s,ố,c thuế quan\" do ông Trump gây ra có thể hủy hoại nhiệm kỳ thứ hai của ông. \n\nTheo tờ Wall Street Journal, cử tri chọn ông Trump một phần vì họ \"trân trọng nhớ về nền kinh tế nhiệm kỳ đầu của ông\", nhưng trong nhiệm kỳ thứ hai, ông đã để \"nỗi ám ảnh về thương mại và chính sách đối ngoại\" tự do hành động, dẫn đến những kết quả tiêu cực ban đầu.\n\n\"Ông Trump sẽ thất bại nếu không chú ý đến những cảnh báo\", Wall Street Journal kết luận.\nTheo: Dân việt",
        "image": "https://scontent.fsgn2-4.fna.fbcdn.net/v/t39.30808-6/494052232_999412372373865_3785405658191105873_n.jpg?stp=dst-jpg_s480x480_tt6&_nc_cat=1&ccb=1-7&_nc_sid=127cfc&_nc_eui2=AeE9x-ATu-7E0qjc2WVYa3uzCrPQsOp0V2YKs9Cw6nRXZmKF9ysR1zIz2LpCM6GT6-2LopE1M6vIQPabwJk0fhxH&_nc_ohc=bAjQ2taGA6cQ7kNvwGaG6xj&_nc_oc=AdkIrGqIcIrbF7LVYcVk_Dwr67OQWi8L7BfwMPTAH01DP_Ll_9Vl131dqmCkM5LADa7m0OF-ciDctfLB7lnws2iW&_nc_zt=23&_nc_ht=scontent.fsgn2-4.fna&_nc_gid=7xKMDcrVqXUuCC4GxSJtTA&oh=00_AfFj7n0okiyOhR749iOkWk_qxTTRGfzmv4pRlot7ciPfwQ&oe=68163EFC"
    },
    {
        "caption": "Cha truyền con nối ❤\nre: Hayden Bui",
        "image": "https://scontent.fsgn2-4.fna.fbcdn.net/v/t39.30808-6/494070975_999397939041975_6512866711125576710_n.jpg?stp=dst-jpg_s480x480_tt6&_nc_cat=1&ccb=1-7&_nc_sid=127cfc&_nc_eui2=AeEEnTA-SluBUCEKJfIUN9KcfBahCkY6hNp8FqEKRjqE2gy-AaDpkdBz4lA3cRV-ibeX7-U7wYk-KP2c75myfRNS&_nc_ohc=Ac1D6eQScJwQ7kNvwHjCiu8&_nc_oc=Adkv7Z7lKTmfHnuLp2P5TesUoM-yNFiuxYErtwjZA8VFzwxImbFex28R6pOIMJmjNhngvVQB6brjuCXnZ5Ulzxnt&_nc_zt=23&_nc_ht=scontent.fsgn2-4.fna&_nc_gid=7xKMDcrVqXUuCC4GxSJtTA&oh=00_AfEeXB1O13XwR4QUZMF1NmnxPGWpioG9pE0FYiHWwxIiIQ&oe=6816293F"
    },
    {
        "caption": "Tự hào Việt Nam 🇻🇳",
        "image": "https://scontent.fsgn2-4.fna.fbcdn.net/v/t39.30808-6/493260326_999389639042805_256554355168583889_n.jpg?stp=dst-jpg_s480x480_tt6&_nc_cat=1&ccb=1-7&_nc_sid=127cfc&_nc_eui2=AeHfoM1EYXI7arrNQnaBpHtOn30CIMHz5M-ffQIgwfPkz1GwUEt4mYO8skrgo-AuM1UnZnnMJzddqnIZkiVq5qQ6&_nc_ohc=16v2mFwiZuQQ7kNvwFaVoKR&_nc_oc=AdkfxK_-hoPtNc8I75pTCRNPir6lRS-_jf7X-_Kx7cxxBiMTvHeDbkmWOn3occQF1CUbe9EGIBOMHnkwvEPiaIr8&_nc_zt=23&_nc_ht=scontent.fsgn2-4.fna&_nc_gid=7xKMDcrVqXUuCC4GxSJtTA&oh=00_AfEUeLBKMqM0TnZugC-ZGtc5TLcp8bXl-nC2odE8yhEqig&oe=6816459E"
    },
    {
        "caption": "Hình ảnh trên được 1 phụ huynh chụp lại tại trường THCS Thái Thịnh. Khi nhận được bức ảnh từ phụ huynh thầy Nguyễn Cao Cường, Hiệu trưởng nhà trường quyết định  châm chước không \"ghi sổ\" vì các em chỉ đi muộn 1 chút và có hành vi tốt.\n\nTheo: Dân việt",
        "image": "https://scontent.fsgn2-4.fna.fbcdn.net/v/t39.30808-6/493257036_999382342376868_9010551549260857319_n.jpg?stp=dst-jpg_s480x480_tt6&_nc_cat=1&ccb=1-7&_nc_sid=127cfc&_nc_eui2=AeHdOrnil_14WuH6qIgyYpLokKusSDtPTyKQq6xIO09PIl4tKLe40Vv_rbGmi8FARqIryKOMoBCO7emjQMLOUs78&_nc_ohc=MN9RE0KNboMQ7kNvwFvEwno&_nc_oc=Adk4l-AyuX2aiu34B6CROQKH6zcvk-4yTyXa5F8l3-BSHQLeMk_bZaSiIxx5hVn5SE1xbATYweW6qfCKxuURmyUk&_nc_zt=23&_nc_ht=scontent.fsgn2-4.fna&_nc_gid=7xKMDcrVqXUuCC4GxSJtTA&oh=00_AfFk8ef70WgbiwEPDcJ9SNGyXZeNBcDNtPCpIV1slOokxA&oe=68163C70"
    },
    {
        "caption": "Các bác có thể quên tất cả, trừ Tổ Quốc…Biết ơn các bác thật nhiều <3 \n\nẢnh: Hoang Phuong",
        "image": "https://scontent.fsgn2-4.fna.fbcdn.net/v/t39.30808-6/494781953_999365052378597_8335342693533885625_n.jpg?stp=dst-jpg_s480x480_tt6&_nc_cat=1&ccb=1-7&_nc_sid=127cfc&_nc_eui2=AeFWc2Ws5-VAIKQhlCR3tA1M61xQ0KzBmv3rXFDQrMGa_aPLnbb0PBNzBuICdZVw0JSzI_4eKjSpISDtORBFHH3i&_nc_ohc=JldaMpjZSx8Q7kNvwFI-gX2&_nc_oc=Adm1Ymhop7oqqxAVtPpj9FKFb9UkzjuNLQ2Jq2nmsYlT5WFPX_MrFgdx7ntIozQfbPkpcU8QerkhDTSnlh-x3kml&_nc_zt=23&_nc_ht=scontent.fsgn2-4.fna&_nc_gid=7xKMDcrVqXUuCC4GxSJtTA&oh=00_AfEGUKG-G9wwh729wjTntxFHOuUvoAbFYnP_5i4Dc-JF0Q&oe=68161971"
    },
    {
        "caption": "ARSENAL HAY PSG SẼ CHƠI TRẬN CHUNG KẾT ?\n\nĐêm nay, trận bán kết C1 Châu Âu đầu tiên mùa này là cuộc đối đầu giữa 2 đội bóng đều chưa từng vô địch C1, Arsenal và PSG\n\nỞ vòng League Phase thì Arsenal đã đánh bại PSG 2-0 trên sân nhà. Nhưng lần này PSG đã mạnh hơn rất nhiều, họ loại ƯCV vô địch Liverpool ở vòng 16 đội, và vô địch sớm giải Pháp nên đã bảo toàn lực lượng mạnh nhất cho đấu trường C1\n\nVới Arsenal, trận đấu này họ sẽ thiếu vắng nhân tố chủ chốt Thomas Partey vì án treo giò. Đội bóng nào sẽ giành lợi thế trước trận lượt về, tặng ngay 3 triệu cho 3 người dự đoán đúng kết quả trận đấu ở link dưới bình luận",
        "image": "https://scontent.fsgn2-4.fna.fbcdn.net/v/t39.30808-6/494106173_999364939045275_1662427731342331846_n.jpg?stp=dst-jpg_s480x480_tt6&_nc_cat=1&ccb=1-7&_nc_sid=127cfc&_nc_eui2=AeE0bneInqXvcZ4ghet6iQEplGAQuyB-QhGUYBC7IH5CEWDsvjfc1QXSpzXLbejUs0cLV7wAunhY2VfCDEQ6JJd4&_nc_ohc=p3ajFSk5eQoQ7kNvwHs7cIb&_nc_oc=AdlvWrqkOJGXkmUuYZzFDFXFN4sJ-dGsK-ZufZ1yA6SnnOr-KwRfRiwmAWEmtXQxO59XaUpcljyYAHXuSt36ldt1&_nc_zt=23&_nc_ht=scontent.fsgn2-4.fna&_nc_gid=7xKMDcrVqXUuCC4GxSJtTA&oh=00_AfEa_3gTcydwOxhitAr65iK4IKzMnl9tgK8SXfupnt8Qmg&oe=681631B1"
    },
    {
        "caption": "Theo kịch bản của chương trình, 10.500 thiết bị bay không người lái (drone) cùng nhau xếp thành những hình ảnh biểu tượng gắn liền với lịch sử dân tộc Việt Nam. \n\nĐây sẽ là lần trình diễn drone có số lượng lớn nhất từ trước đến nay tại Việt Nam, với hồ sơ đề xuất xác lập kỷ lục quốc gia đang được hoàn thiện.\n\nMàn tổng duyệt 10.500 drone được kỳ vọng là một sự kiện nghệ thuật hoành tráng, là dịp để người dân và du khách cảm nhận được sức mạnh đoàn kết, khát vọng vươn lên và khẳng định vai trò của Việt Nam trên trường quốc tế trong kỷ nguyên mới.\n\nTuy nhiên, khác với kỳ vọng ban đầu của mọi người, thực tế khiến cho cộng đồng mạng phản ứng gay gắt khi hình ảnh quảng cáo của VNPay (Công ty Cổ phần Giải pháp Thanh toán Việt Nam) xuất hiện dày đặc chỉ trong hơn 7 phút trình diễn drone.\n \nTheo: Vietnamnet",
        "image": "https://scontent.fsgn2-4.fna.fbcdn.net/v/t39.30808-6/494025274_999360472379055_7351824453761701417_n.jpg?stp=dst-jpg_s480x480_tt6&_nc_cat=1&ccb=1-7&_nc_sid=127cfc&_nc_eui2=AeEQWUyXs7RHzOuCc_nvdrMK_KrQdlyLG7z8qtB2XIsbvCdpfvUEhLZ2xO6EwZ48PbMFOZJbYrJSBGAc_sfh3Mot&_nc_ohc=GISqkK8iMa0Q7kNvwE5HaoE&_nc_oc=Adl98I9cgRgIokhjt329i1YsfE5UkunTtepBKYlpzfnwGEtioYAT1uvi-d0aAbt03y4RTezEkJSuU-TO72oZjg_n&_nc_zt=23&_nc_ht=scontent.fsgn2-4.fna&_nc_gid=wlsZu-qjlQHnp6159_i45g&oh=00_AfGYHB0TbUP-mRb7IewvHTmD8CFJf42oOir1thGEsf59AA&oe=68163FE2"
    },
    {
        "caption": "Các khối yêu nước đã hội tụ ở thành phố Hồ Chí Minh ❤\n\nDù phương tiện đi khác nhau, người đi xe máy (1.300km), người đạp xe đạp (Hơn 1.600km) nhưng cả 2 đã truyền cảm hứng về tình yêu nước đến rất nhiều người. \n\nVà giờ cùng đếm ngược 1 ngày nữa đến kỷ niệm 50 năm giải phóng Miền Nam, thống nhất Đất nước thôi! \n\nẢnh: Yến Trần, havavietnam",
        "image": "https://scontent.fsgn2-4.fna.fbcdn.net/v/t39.30808-6/494561622_999353715713064_7625599674015278519_n.jpg?stp=dst-jpg_s480x480_tt6&_nc_cat=1&ccb=1-7&_nc_sid=127cfc&_nc_eui2=AeFVXfwGD4o4YKNlSgVjWgJeAaYRRIBryUcBphFEgGvJR0CvBodfaImDS8Tj0YLdBxtBxsl5Rd85P5tTMgjOU_VP&_nc_ohc=qIzt9AOUfvcQ7kNvwFPWQRT&_nc_oc=AdkU33jb1yW89wXZOCyc2oxVLhaIFMO8PES5YSVoKCswzRpe0qn1fT5hDXlGtRkesHkY1a8RkJdvD2Wkhr0bIfuB&_nc_zt=23&_nc_ht=scontent.fsgn2-4.fna&_nc_gid=wlsZu-qjlQHnp6159_i45g&oh=00_AfF73stMxA7tR7MXpAQ5_68jFKTA95BeKa4d0LSmfmpiww&oe=68162F3F"
    },
    {
        "caption": "Một view nhìn từ thành phố Thủ Đức 🕊️🇻🇳\n\nẢnh: Võ Mạnh Lân",
        "image": "https://scontent.fsgn2-4.fna.fbcdn.net/v/t39.30808-6/494708271_999344512380651_7551173416011546896_n.jpg?stp=dst-jpg_p480x480_tt6&_nc_cat=1&ccb=1-7&_nc_sid=833d8c&_nc_eui2=AeEIpgiSIfTIxdE_wH2Tq8GZvDyoQoaKfAy8PKhChop8DMqXX9VEGRFqRIzijvFKEOrwweHQ7LFiCSZLvg3EilnF&_nc_ohc=p3yDwQO_JnQQ7kNvwFYPH31&_nc_oc=AdnUUIYwiQjErPdBGkmkJlOAlowv-4jgBph4V9uF9xE3zTqSVMG-l7a4s7ILLiaEDUVIsGSZ4bjWGVDPFrPxVBwf&_nc_zt=23&_nc_ht=scontent.fsgn2-4.fna&_nc_gid=wlsZu-qjlQHnp6159_i45g&oh=00_AfFPnfE7leMeKmmnF9QWY3hWrNDIYT9KQ9OQa1s9Ncz30w&oe=6816154E"
    },
    {
        "caption": "CHỮ HIẾU VÀ CHỮ TÂM <3\n\nBà Oanh, 55 tuổi, ở TP Biên Hòa, Đồng Nai, gia đình quê gốc ở Kiến Xương, Thái Bình. Ngày trẻ, bố mẹ bà lam lũ nuôi ba con trai, hai con gái trưởng thành. Hơn 20 năm trước, chồng bệnh nặng, phải nằm một chỗ, một mình cụ Gái chăm ông 8 năm: \"Kể từ khi bố mất, anh chị em tôi chạy đua với thời gian để bù đắp cho mẹ\", bà Oanh nói.\n\nCũng vì vậy, bà chăm mẹ như trẻ nhỏ. Cụ thích gì, bà đều chiều. Những ngày qua, xem sơ duyệt diễu binh, cụ Gái rất thích thú, hay kể chuyện ngày xưa ở quê nuôi giấu bộ đội. Nghe con gái nói \"vài bữa con cũng đi xem\", cụ đề nghị \"cho mẹ đi với\".\n\n\"Tôi nghĩ đời mình chắc cũng chỉ xem được diễu binh mừng đất nước thống nhất một lần thì mẹ cũng chỉ còn cơ hội này thôi\", bà nói.\n\nSuốt buổi tổng duyệt, cụ Gái được nhiều người trẻ hỏi han, quạt mát nên vui vẻ trò chuyện. \"Tuổi già của tôi thế này là mãn nguyện\", bà lão móm mém nói.\n\nTheo: VN Express",
        "image": "https://scontent.fsgn2-4.fna.fbcdn.net/v/t39.30808-6/494238093_999307252384377_2760979438408797390_n.jpg?stp=dst-jpg_s480x480_tt6&_nc_cat=1&ccb=1-7&_nc_sid=127cfc&_nc_eui2=AeE3MfBtQeLbazUWQuaNHsSgod-lYZkj3ISh36VhmSPchB6OcP-w7fKL38eNnTDN8DTGEQUWkoe101E4-rSq_iXH&_nc_ohc=31Dy6Si11HIQ7kNvwF0NVHO&_nc_oc=Admf1YJvU4crN-PLquNVWwhEPT8rgYgxPfnw6hATWdTYM_D4bdFhAomV8162NVo-D22UvixZ2RjNb2ommXw_uzg5&_nc_zt=23&_nc_ht=scontent.fsgn2-4.fna&_nc_gid=wlsZu-qjlQHnp6159_i45g&oh=00_AfFXaF-G4wX0O9-pV-hxXD4wCj5dUfMElXDAzzpst670Ew&oe=681636E4"
    },
    {
        "caption": "LỊCH THI ĐẤU RẠNG SÁNG NGÀY 30/4🔥🔥\nRạng sáng ngày mai sẽ diễn ra trận \"đại chiến\" tại London trong khuôn khổ bán kết lượt đi UEFA Champions League. Đây hứa hẹn sẽ là bữa tiệc bóng đá dành cho những tín đồ đam mê môn thể thao vua.",
        "image": "https://scontent.fsgn2-4.fna.fbcdn.net/v/t39.30808-6/492885652_998652102449892_1188889583924253883_n.jpg?stp=dst-jpg_s480x480_tt6&_nc_cat=1&ccb=1-7&_nc_sid=127cfc&_nc_eui2=AeFZbYr2GJRxA2GpWQ21zEpJL5BW_JCdfZsvkFb8kJ19my98jL42896ZEOgYG_c-C4t1RFvy0FFO8yTf1DWawm9U&_nc_ohc=hcrfVX14A_wQ7kNvwH3zlIK&_nc_oc=AdkUWouwL5LPXseJcyCJRDFAujFF0AcrZHzX4OK9riQDgRHdXq1lB_HP7XDBvZZc8DY3IFfVFqz4zsFPCb4ZNeLS&_nc_zt=23&_nc_ht=scontent.fsgn2-4.fna&_nc_gid=wlsZu-qjlQHnp6159_i45g&oh=00_AfG-31uzDKDYmZeacocDHUL0vdY8qunfbzCzJzWKlQ6GDw&oe=681644DE"
    },
    {
        "caption": "\"TÔI NGHĨ CHỈ CẦN MẸ MUỐN VÀ MÌNH CÓ TÂM, CÓ HIẾU, NHẤT ĐỊNH SẼ LÀM ĐƯỢC\"\n\nTrưa 26/4, bà Phạm Thị Oanh (55 tuổi) đưa cụ Đặng Thị Gái, 100 tuổi, đi từ Biên Hòa đến khách sạn trên đường Trần Cao Vân (quận 3, TP HCM) để hôm sau xem tổng duyệt diễu binh.\n\nBà định 5h sáng 27/4 đưa mẹ ra số 160 đường Nam Kỳ Khởi Nghĩa ngồi xem. 1h sáng, thấy dòng người đổ ra đường quá đông, họ quyết định đi sớm.\n\nCụ Gái có xe đẩy nhưng đến đường Võ Văn Tần người chật kín. Bà Oanh để lại xe, cõng mẹ đi thêm mấy trăm mét đến chỗ ngồi. Thấy bà cõng mẹ ra đến đường Nam Kỳ Khởi Nghĩa, người dân hai bên đường vỗ tay động viên. Một người quay lại, đăng lên mạng xã hội.\n\nNhững ngày qua, xem sơ duyệt diễu binh, cụ Gái rất thích thú, hay kể chuyện ngày xưa ở quê nuôi giấu bộ đội. Nghe con gái nói \"vài bữa con cũng đi xem\", cụ đề nghị \"cho mẹ đi với\".\n\n\"Tôi nghĩ đời mình chắc cũng chỉ xem được diễu binh mừng đất nước thống nhất một lần thì mẹ cũng chỉ còn cơ hội này thôi\", bà nói.\nTHEO: VNEXPRESS",
        "image": "https://scontent.fsgn2-4.fna.fbcdn.net/v/t39.30808-6/493995839_999057885742647_1939964996114310325_n.jpg?stp=dst-jpg_s480x480_tt6&_nc_cat=1&ccb=1-7&_nc_sid=127cfc&_nc_eui2=AeHmFdZrDES0SgnvJOknvTEa5Zn3CiogGGjlmfcKKiAYaCZyd4M-plCBaLNEqucEY0-s6p9cx3EKS-Ve7C9bHXE7&_nc_ohc=vIwmsDvpfyIQ7kNvwEXL1qJ&_nc_oc=AdnV8IBs5-942Xnwf8IsnNl2kCuECV-_nKete2HkT5FGY718dU7Tv5D_xI2iMa6AwJPvIajobbFTil72E41iFcx7&_nc_zt=23&_nc_ht=scontent.fsgn2-4.fna&_nc_gid=U8tldmB-YNE5xC9zwaM4sg&oh=00_AfHR7KsZmplPNhFrsSpGAgOmVf5IUDpBjUMDF0dbbbakSw&oe=6816145A"
    },
    {
        "caption": "Hòa bình không tự đến – nó được đánh đổi bằng cả tuổi xuân của hàng ngàn thế hệ ❤️\n\nẢnh: Trà My",
        "image": "https://scontent.fsgn2-7.fna.fbcdn.net/v/t39.30808-6/493853108_999044965743939_5822363467501691462_n.jpg?stp=dst-jpg_s480x480_tt6&_nc_cat=100&ccb=1-7&_nc_sid=127cfc&_nc_eui2=AeEFo1LHnbxaGscKf0E-abaMMiWa8uoFaHMyJZry6gVoc4r2pUrFNILwJUo1B81nmgV6q_wpwCjw2BGs2V8ZQ8fj&_nc_ohc=OMgCOzFUvG0Q7kNvwHqquSc&_nc_oc=Adn2yM3r4zXILPTpyUpiUxdlQ_BVmqEpNIxazUJK2nmrN7rVkiSgQsfTyJys1YySGWquRrG62gTTe2I8HPnzf9Jb&_nc_zt=23&_nc_ht=scontent.fsgn2-7.fna&_nc_gid=U8tldmB-YNE5xC9zwaM4sg&oh=00_AfFtZSOe-16J8Y-KJfA3T9JqZ1bCKxtIhqOtrA_55I1XcA&oe=68163B76"
    },
    {
        "caption": "List này được lấy từ trang chính thống của Shopee",
        "image": "https://scontent.fsgn2-6.fna.fbcdn.net/v/t39.30808-6/493912550_998964289085340_4114685734032579110_n.jpg?stp=dst-jpg_s480x480_tt6&_nc_cat=110&ccb=1-7&_nc_sid=833d8c&_nc_eui2=AeGvT8Qy-zDbcg-Gs9mRLXYP2_KkwQ3q1WDb8qTBDerVYGJsAjE5HxTln5zrohSsuiW3DkgABfxAM5QPLhliRGes&_nc_ohc=vVPqdINomhYQ7kNvwGv9Cba&_nc_oc=AdmD3-ZfQaHfECf51bSRHU-Ipe1XN-zCKF49T9bDF1pUTcpxBbpniFwrsDXhcgku3bZ6U5weNeiPabFNr_XojnZt&_nc_zt=23&_nc_ht=scontent.fsgn2-6.fna&_nc_gid=swyDO9aT9aNzfqxhXEhwzQ&oh=00_AfEpdN7UV6a_wKyly-Z5YnHwfOUIa-HU5XmynbBcbJK9yA&oe=6816105D"
    },
    {
        "caption": "\"XIN HÃY THA THỨ CHO TÔI, NÓ SẼ GIÚP TÔI ĐỦ BÌNH YÊN ĐỂ ĐI TIẾP\"\n\nChiếc hộp đó chính là những kỷ vật còn lại của những người lính Việt Nam, những đồ mà ông đã thu giữ được trong quá trình tham chiến.\n\nĐối với ông, hành trình mở chiếc hộp cũng là hành trình chữa lành của một con người từng bị chiến tranh làm tổn thương sâu sắc hơn nửa thế kỷ qua.\nTHEO: VTV",
        "image": "https://scontent.fsgn2-4.fna.fbcdn.net/v/t39.30808-6/492363737_998958952419207_5491699736244303088_n.jpg?stp=dst-jpg_s480x480_tt6&_nc_cat=1&ccb=1-7&_nc_sid=833d8c&_nc_eui2=AeHHalZfschNSyfZJ1uxzlO5UBr4Oa9E3nVQGvg5r0TedSv8Bht9uLsi1LihavG-JqU6lHqSc6NysxsCyCWP7Hm0&_nc_ohc=6JFVl8WucQoQ7kNvwHzhlpF&_nc_oc=AdkQljdRe7I4C9K9lR2fbBhG7f48NDs_m7dpQ-OpS4u6IE-A_NXpXPpSEbKDf-4O-ES_sF-kDpHTp7lnpO2kg1B8&_nc_zt=23&_nc_ht=scontent.fsgn2-4.fna&_nc_gid=swyDO9aT9aNzfqxhXEhwzQ&oh=00_AfEauz2xW5kkGs1GGSWtjvjJajJo3i3_f0hT7GviAZMkhw&oe=68162764"
    },
    {
        "caption": "+ 1 máy đã tìm thấy tên của mình trên kệ. Mấy bà tìm được tên mình chưa?",
        "image": "https://scontent.fsgn2-8.fna.fbcdn.net/v/t39.30808-6/493972011_998848895763546_2852545058328010092_n.jpg?stp=dst-jpg_s480x480_tt6&_nc_cat=102&ccb=1-7&_nc_sid=127cfc&_nc_eui2=AeG65bDN_qAoZJ8TM4Tp2-k5wmFG9jR3GgjCYUb2NHcaCK_TIjS9uA4362LnK3UKKgZdR5SgZVjn9jpTUNOC0vvY&_nc_ohc=gF7HMpjUUKwQ7kNvwErZAIQ&_nc_oc=AdmYlpaYCsbWr0kVQD89x5_1YpA3LE50--42ZwuTWjVx2bEiO3pR4sB9rV47hrc7BhR7wtU4ErvIG6I6Ej0OJIs0&_nc_zt=23&_nc_ht=scontent.fsgn2-8.fna&_nc_gid=swyDO9aT9aNzfqxhXEhwzQ&oh=00_AfFiTCq7Z5CytdwvH0_3DfHWSPBG5z9ROcJrlHXL_G5WCA&oe=68162727"
    },
    {
        "caption": "Theo đó, Liu Mingjun bắt đầu mua vàng đầu cơ từ năm 2022, khi giá ở mức 1.700 USD mỗi ounce. Đến nay giá tăng gần gấp đôi (3.320 USD), giúp ông lãi khoảng 10 triệu tệ.\n\nLần này ông chốt lãi thành công nên quyết định chia ngay. 730 nhân viên làm việc từ hai năm trở lên mỗi người nhận 10.000 tệ (hơn 35 triệu đồng); 520 nhân viên thâm niên dưới hai năm nhận 2.000 tệ và 790 nhân viên làm việc dưới một năm nhận 1.000 tệ. Tổng cộng 2.040 nhân viên nhận 9,13 triệu tệ.\n\nĐặc biệt, mức chia này không phân biệt không phân biệt các bộ phận, kể cả người nấu ăn và lao công làm đủ hai năm cũng nhận được 10.000 tệ.\n\nTheo: VnExpress",
        "image": "https://scontent.fsgn2-4.fna.fbcdn.net/v/t39.30808-6/493953598_998863312428771_1927540316651348318_n.jpg?stp=dst-jpg_s480x480_tt6&_nc_cat=1&ccb=1-7&_nc_sid=127cfc&_nc_eui2=AeFjhYGn0ciS3BYzTWngmTcK9VNwmnIv3n_1U3Caci_ef-ZIh0r9Scoq8lJ0dvbmmjhCOyvLaJ8pRBLD2JY8D1N6&_nc_ohc=QezAkkiXo1IQ7kNvwFsJ08w&_nc_oc=AdmeQMNpVujlDpocH-xSB5vvyvycZzhcHO7lRcINLI_13sqohEhPXu1KncLkwVrPyXYtkyOWiEUpD9aXD7IxHL0L&_nc_zt=23&_nc_ht=scontent.fsgn2-4.fna&_nc_gid=y4gs7OLaWr7Ngt7SF1kleQ&oh=00_AfFFGNCKiKkp9ih3rWHziga5CxAQiau2tljLYCTVCWh3IA&oe=6816391D"
    },
    {
        "caption": "XANH SM - TOP 1 HÃNG TAXI ĐƯỢC NGƯỜI VIỆT TIN TƯỞNG \n\nTheo báo cáo của Mordor Intelligence công bố ngày 24/1, Xanh SM đã vượt qua các “đối thủ” và vươn lên vị trí số một thị trường với 37,41% thị phần taxi công nghệ tại Việt Nam quý IV/2024. \n\nXanh SM được đánh giá có mô hình kinh doanh sáng tạo, đạt điểm tuyệt đối ở các hạng mục như chất lượng dịch vụ 5 sao, độ phủ địa lý và được khách hàng ủng hộ và tin dùng nhất. \n\nĐặc biệt, sắp tới Xanh SM sẽ có xe dịch vụ 7 chỗ, xe giao hàng ăn, xe liên tỉnh, dự là xu hướng tất yếu mà bất cứ khách hàng nào cũng ưu tiên lựa chọn. \n\nTrước đó ở báo cáo của Q&Me, Xanh SM đã dẫn đầu thị trường gọi xe công nghệ tại Việt Nam với mức độ hài lòng cao nhất và tỷ lệ khách hàng sẵn sàng giới thiệu cao nhất. Đúng là 1 năm đại thắng của Vingroup !!",
        "image": "https://scontent.fsgn2-7.fna.fbcdn.net/v/t39.30808-6/494644079_998841112430991_8197366311376098155_n.jpg?stp=dst-jpg_s480x480_tt6&_nc_cat=108&ccb=1-7&_nc_sid=127cfc&_nc_eui2=AeEfo06iLr2A7NbdmGR1OWl-iOVtbogZoyuI5W1uiBmjK0vOIW_rp9m9QXpGEPtd5le72-xebIdcHzsof-TKgcXF&_nc_ohc=vT7oE7D2NhwQ7kNvwHItJj4&_nc_oc=Adn5bzNHaJdY0rnYicDdE-KbIzmPxyx_oiiTV6smAmieF1g_DF2Gs1y9hZqmf4tO8TSCU6wqyYn-5mTKEcLAhs2Q&_nc_zt=23&_nc_ht=scontent.fsgn2-7.fna&_nc_gid=y4gs7OLaWr7Ngt7SF1kleQ&oh=00_AfFWAGxuFmxne89MoN4erTI774-HfOyWUhs9nvF-Bovi0w&oe=6816291C"
    },
    {
        "caption": "Không bên nào chịu thua bên nào 😂",
        "image": "https://scontent.fsgn2-6.fna.fbcdn.net/v/t39.30808-6/494392914_998841899097579_4911780848943843144_n.jpg?stp=dst-jpg_s480x480_tt6&_nc_cat=110&ccb=1-7&_nc_sid=127cfc&_nc_eui2=AeFWm3dfghyq6qWkkW1gBy2KZGHQtwaWGdNkYdC3BpYZ04Fqzv2s34lLa6IBSbBnFAPoWnKHhVLycmbzhMQxhl11&_nc_ohc=nWcwAvcyrAcQ7kNvwHwqjL6&_nc_oc=Adk3HYdYKgVe0B-Hd3J16ucyuaTG0a2hnugSQdSaCdYDBm6uz2rFxMPaI72eLkaU05wONDvMWXGXUuQiYO5JhG2y&_nc_zt=23&_nc_ht=scontent.fsgn2-6.fna&_nc_gid=y4gs7OLaWr7Ngt7SF1kleQ&oh=00_AfEhMSpkJvfqI2-KQuafJY5S8pC04zjxfHUJwLlLQykjYA&oe=68162627"
    },
    {
        "caption": "Ngày 10/5 tới, siêu phẩm Bến du thuyền Royal Marina – một trong những tiện ích biểu tượng và đắt giá bậc nhất của Vinhomes Royal Island Vũ Yên – chính thức khai trương, đánh dấu một bước chuyển mình ngoạn mục của quần thể nghỉ dưỡng – đầu tư – an cư đẳng cấp nhất miền Bắc.\n\nVới quy mô lên tới 10ha, tích hợp khu nhà đón tiếp, bảo dưỡng hiện đại và hàng trăm suất đỗ hữu hạn, bến du thuyền không chỉ là nơi neo đậu lý tưởng cho mọi dòng du thuyền hạng sang, mà còn là biểu tượng sống đỉnh cao, xác lập phong cách sống hoàng gia giữa lòng thành phố Cảng.",
        "image": "https://scontent.fsgn2-7.fna.fbcdn.net/v/t39.30808-6/494450864_998833069098462_5916502411827620143_n.jpg?stp=dst-jpg_s480x480_tt6&_nc_cat=108&ccb=1-7&_nc_sid=127cfc&_nc_eui2=AeG1HtuV3HuwRwmlH81IeUdCwGBNHQASJSrAYE0dABIlKjLryRZw7XSBS5L7xrAw7D4z1lF53TWJE0JGIYTrdRV7&_nc_ohc=ya0iz7NDy3IQ7kNvwHZTayY&_nc_oc=Adk1GRqgFFiqDfyzeqAk8WVahdTImScCqzQcJO4W51ESHNI7hhFCnXRGL-VkMSt2VMPArNa_dcd22hiBK_Ym73hN&_nc_zt=23&_nc_ht=scontent.fsgn2-7.fna&_nc_gid=y4gs7OLaWr7Ngt7SF1kleQ&oh=00_AfE0DYMqf28T9NCHxy5KoT5E4A8JHLEY3m9Es0l6OX_P_w&oe=68164633"
    },
    {
        "caption": "2 khoảnh khắc, 2 thời điểm khác nhau, nhưng đều tuyệt đối điện ảnh 🇻🇳🇻🇳",
        "image": "https://scontent.fsgn2-3.fna.fbcdn.net/v/t39.30808-6/493260291_998829382432164_7979264051845984811_n.jpg?stp=dst-jpg_s480x480_tt6&_nc_cat=107&ccb=1-7&_nc_sid=127cfc&_nc_eui2=AeGPh7zR0f7lIgexvdyjCxGnhFB2QNd1dFOEUHZA13V0U-av5z0tlpj8OLzB3d8EJVp_QeIo__ZsAFGNdruBP0Qv&_nc_ohc=DGLa33SYAyUQ7kNvwELtg5e&_nc_oc=Adk7O0vcoA7CjOmoCn4m6r3ard8vIPxMsDq3ZdXN-1_xiGrJmU2YVwZxljl11QDldZi407yTh-CJ52z_biE_Svdy&_nc_zt=23&_nc_ht=scontent.fsgn2-3.fna&_nc_gid=t_Ntt0ervC9qpQL5IE8-Fw&oh=00_AfHKiSaXFbP0QIdyjjHnuC9a7mySYd6mZZUhdw60GBVS9g&oe=68162A85"
    },
    {
        "caption": "Khi kiếm cơm gặp kiếm chồng \nCre: nguyenkhoi12112k",
        "image": "https://scontent.fsgn2-4.fna.fbcdn.net/v/t39.30808-6/494000653_998806142434488_8973418702926092024_n.jpg?stp=dst-jpg_s480x480_tt6&_nc_cat=1&ccb=1-7&_nc_sid=127cfc&_nc_eui2=AeF8_61rfHVPRFyJOlhNpvv6B7HJ1abdkvwHscnVpt2S_HIJ5WyhCGPWtk9gjHtdlj8lL1ZPAjpcLpdBYVFqBAmB&_nc_ohc=EYLsnncLPJUQ7kNvwFZ1cZW&_nc_oc=Adneue_6z87jbeEPfWW_F-C8UTDKSUrwK9j7uuQ2Pee-_lYwXA3qTzh3-O3lDpcF-sGKgyRBVMysVSgxfMG4HmSL&_nc_zt=23&_nc_ht=scontent.fsgn2-4.fna&_nc_gid=t_Ntt0ervC9qpQL5IE8-Fw&oh=00_AfHzHND4vVrfy-BkAXVzHyMSWgslZRlRxg4DcWPitvRcxw&oe=68161C86"
    },
    {
        "caption": "Đó là bức thư của 3 chiến sĩ giải phóng quân trước khi hi sinh đã để lại cho hậu thế. Họ là Lê Hoàng Vũ (quê Thái Bình), Nguyễn Chí (quê Quảng Ngãi); Trần Viết Dũng (quê thành phố Sài Gòn), chiến sĩ thuộc Tiểu đội 1, Trung đội \"Ký Con\", Trung đoàn Bình Giã, quân giải phóng miền Nam. \n\nSau khi hoàn thành nhiệm vụ, bị thương và đói khát, họ đã chọn cho mình một địa điểm là cánh rừng nguyên sinh ở thượng nguồn sông Đồng Nai làm nơi chốn cuối cùng của mình. Trước khi ra đi, họ đã để lại một bức thư để gửi lại cho những người còn sống.\n\nNội dung bức thư có đoạn viết: \"Chúng tôi mong được ghi nhận rằng chúng tôi đã từng sống, chiến đấu và đã ch,ế,t trong một mùa Xuân giữa đất trời như trăm ngàn cái ch,ế,t của người Việt Nam chân chính cho Tổ quốc và dân tộc sống còn. Còn như chúng tôi được phát hiện muộn hơn sau 5 năm – 10 năm – tự do quý giá, thì xin cho chúng tôi – gởi đến những người đang sống, sống đúng ý nghĩa của nó, trong một thời đại vinh quang, lời biết ơn sâu sắc vì các bạn đang làm cho cái ch,ế,t của chúng tôi giữ được đầy đủ ý nghĩa. Các bạn đang lao động quên mình cũng như chúng tôi đã chiến đấu quên mình cho đất nước ta ngày nay tươi đẹp, cho dân ta ngày càng ấm no, hạnh phúc, cho xã hội ta ngày càng dân chủ công bằng\".\n\n\"Hay trong trường hợp đến 50-100 năm sau, thư này mới tới những người, có thể gọi là thế hệ mai sau, thì cho phép chúng tôi gửi lời chào xã hội chủ nghĩa, cho phép chúng tôi bày tỏ vui mừng tuyệt diệu vì hạnh phúc và hòa bình đang tràn ngập hành tinh chúng ta mà chúng tôi trở thành những hạt bụi có ích. Và hơn thế nữa nếu được, cho chúng tôi gửi lời chào niềm nở nhất đến những con người ở những vì sao xa xôi, những người bạn mới giữa các hành tinh\". \nTHEO: VTV",
        "image": "https://scontent.fsgn2-3.fna.fbcdn.net/v/t39.30808-6/494150457_998799119101857_9182177608714650975_n.jpg?stp=dst-jpg_s480x480_tt6&_nc_cat=107&ccb=1-7&_nc_sid=127cfc&_nc_eui2=AeGKih-YNUgFv_kYVNppNdQpF5SGJEZzpsUXlIYkRnOmxd6aT83fs809PhNC191xF6qXG1LnntT8R1AqSc3soV6J&_nc_ohc=xNfDRMY0YRcQ7kNvwGv-XdI&_nc_oc=AdnJoWWigMmg_uOSJK05F8Bq-U1U6wqWd8voaMIA1N9CYEHdIHuVJRgYamyImodkWYujbwybSIx9_GYqQXN3K9zG&_nc_zt=23&_nc_ht=scontent.fsgn2-3.fna&_nc_gid=t_Ntt0ervC9qpQL5IE8-Fw&oh=00_AfG4u_zcVHukwXwkIqvAdw_KUjTKOo8AyeLL5TaEIBRb9A&oe=6816413A"
    },
    {
        "caption": "Hòa thượng Thích Quảng Đức, tên khai sinh Lâm Văn Tuất, sinh năm 1897 ở huyện Vạn Ninh, tỉnh Khánh Hòa. \n\nVào ngày 11/6/1963, ông đã ra đi trong biển lửa tại ngã tư đại lộ Phan Đình Phùng và phố Lê Văn Duyệt (nay là ngã tư Nguyễn Đình Chiểu - Cách Mạng Tháng Tám) ở Sài Gòn, nhằm phản đối sự đàn áp Phật giáo của chính quyền Ngô Đình Diệm trước sự chứng kiến của hàng nghìn người dân, phật tử.\n\nSau khi nh,ụ,c thân biến thành tro thì quả tim vẫn còn. Quả tim lại được đưa trở lại lò trong nhiều giờ liền nhưng vẫn không ch,á,y, trở thành một khối rắn như đá với hình dáng nguyên vẹn.\nTheo: VnExpress",
        "image": "https://scontent.fsgn2-4.fna.fbcdn.net/v/t39.30808-6/493729772_998778075770628_1776553043653673113_n.jpg?stp=dst-jpg_s480x480_tt6&_nc_cat=1&ccb=1-7&_nc_sid=127cfc&_nc_eui2=AeHv3X1r9BlrvKbnerfTNhkft8SGi6X5W_23xIaLpflb_YZrcRjkBVgVqK8bl2_PQ5EcUcILRodQ2XinRmE2pUMC&_nc_ohc=tEHtGJ69YPcQ7kNvwFsneC3&_nc_oc=Adkmsn-YZJtzuUcEsm_BPQ5vnCL1k_gJdbz9bf3R33ankW3JX026BUNKC9uhsA1D9BjedyAT31AGb9vu468dtES8&_nc_zt=23&_nc_ht=scontent.fsgn2-4.fna&_nc_gid=lTqERJ1-EbP-PjEYFvccjA&oh=00_AfENPFGdSMJv50PsiDe5WhYSbNm5XQ11VX-9HIeCbJeJjw&oe=68162F5A"
    },
    {
        "caption": "Tuổi càng cao ý chí càng cao. Hai cụ và hai chiếc xe truyền cảm hứng cho rất nhiều người <3",
        "image": "https://scontent.fsgn2-10.fna.fbcdn.net/v/t39.30808-6/493334449_998756705772765_2051158982487308948_n.jpg?stp=dst-jpg_s480x480_tt6&_nc_cat=109&ccb=1-7&_nc_sid=127cfc&_nc_eui2=AeF9FOzCkytq1cufsg1LVGiM-HrsOVWGdpL4euw5VYZ2kq4cFxZSougI_8yjqnhK79EvezslKdphITgvVkHdoq1H&_nc_ohc=klmDqO_sZqoQ7kNvwE7WK9B&_nc_oc=AdnUen8ZkKOgfCLpru_NDTRT3OMM_vEEnrsJVnUG5q6IMz9gbbl-SdwKxrm_iIzLBKZ5-_HncISBKNbn3d90FdMB&_nc_zt=23&_nc_ht=scontent.fsgn2-10.fna&_nc_gid=lTqERJ1-EbP-PjEYFvccjA&oh=00_AfEeYMB6cOMpmGc_EdoT6YQ3SP3Gk6yRuW4H6bqfsi9tbw&oe=681628BF"
    },
    {
        "caption": "Niềm tự hào nhân lên bội phần: Không chỉ là một công dân Việt Nam được sống trong thời bình, MC Tấn Tài còn có cơ hội dẫn dắt Lễ diễu binh, diễu hành 10 năm trước, 30/4/2015.\n\n#mctantai #28unique #28uniquepodcast",
        "image": "https://scontent.fsgn2-7.fna.fbcdn.net/v/t39.30808-6/493993406_998752739106495_2454007215039637227_n.jpg?stp=dst-jpg_s480x480_tt6&_nc_cat=100&ccb=1-7&_nc_sid=127cfc&_nc_eui2=AeFQFbObftywDbdnyqbNpDEVk2L58ewC4p6TYvnx7ALinpkwRINOfHsnEml8WHlivWFSsBgLcQinAr-GAeRI7ekX&_nc_ohc=zjPsX550fG8Q7kNvwHGxBIJ&_nc_oc=Adn5myDJVKKTT1SKqxGYBLG5vTD3ZUiLNt8nbgUZbr4Al5rjm4kf_7xHkw_RpM8GN5jnSxsxR6-fYeOYmT_9zaJw&_nc_zt=23&_nc_ht=scontent.fsgn2-7.fna&_nc_gid=lTqERJ1-EbP-PjEYFvccjA&oh=00_AfFqsu-eyulwshkT2gdmmkply6qP1AAWJpP3_5ag3iLINg&oe=681633AD"
    },
    {
        "caption": "Đến nay, chị H và gia đình vẫn chưa hết ám ảnh về chiếc điều hòa trong phòng ngủ sau khi phát hiện có 7 con rắn trú ẩn bên trong.\n\nĐược biết, phía sau nhà chị H. có nhiều cây cối, nên rắn theo đường ống máy điều hoà bò vào trú ngụ tại đây. Qua quan sát cho thấy, đây là loại rắn cườm, thuộc họ rắn nước, không có nọc độc, đây là loài rắn thích nơi ẩm, mát, nên có thể máy điều hòa tạo hơi mát nên nguyên nhân rắn bò vào trú ngụ…\n\nTheo: Dân Việt",
        "image": "https://scontent.fsgn2-6.fna.fbcdn.net/v/t39.30808-6/494096762_998728389108930_8941426918909595180_n.jpg?stp=dst-jpg_s480x480_tt6&_nc_cat=111&ccb=1-7&_nc_sid=127cfc&_nc_eui2=AeFpBdNzJF0bVL4wK66Iwf4l_SclIxw3aof9JyUjHDdqhyHjCQ8HIrP60OjuO6wVtOAHPE_yk5KGne_DLvPnysKb&_nc_ohc=HW8_jkxLnAcQ7kNvwEZV8ut&_nc_oc=AdlfLZKn9WlEZyaBbMfHZwOY6dyq8Uo5nIEXdLGCU3OP5aGqFys8XxhZBDsPiLLOaYq1I9XDfYXj4t56z80dePnd&_nc_zt=23&_nc_ht=scontent.fsgn2-6.fna&_nc_gid=lTqERJ1-EbP-PjEYFvccjA&oh=00_AfGGXbqhUFdCvzP1-q0W3leTJIsuVF1gK8eNYaitqch8Gg&oe=68162AFE"
    },
    {
        "caption": "May mà trúng tủ 😅",
        "image": "https://scontent.fsgn2-11.fna.fbcdn.net/v/t39.30808-6/494518935_998723359109433_114401856930946934_n.jpg?stp=dst-jpg_s480x480_tt6&_nc_cat=105&ccb=1-7&_nc_sid=127cfc&_nc_eui2=AeFt5v9FxsZJ_lakbEQjE6rz5Vz6Zxx3bN7lXPpnHHds3oxrAzQEzENzlO58EQ1AVKDMH5nGc67T1LhNs6PjF7nU&_nc_ohc=tSjxVt8NYNoQ7kNvwH3H4tB&_nc_oc=AdmrjEoYHcgqdq44hm8piY8adwQQg9w51B5iRX6d9rnymbXKpcVxRZFeJTauWOrB88qXIon8E8jcXd1xAocKUzd5&_nc_zt=23&_nc_ht=scontent.fsgn2-11.fna&_nc_gid=lTqERJ1-EbP-PjEYFvccjA&oh=00_AfFyKZyO87hKQ7XReRZflY-NhNxBLJErzlEjo3Geh8FF0w&oe=681642A5"
    },
    {
        "caption": "Cụ thể, tối 25/4, bệnh nhi, nạn nhân của một vụ tai nạn giao thông, được chuyển vào viện trong tình trạng đau đầu, chóng mặt, buồn nôn. Sau chẩn đoán, bệnh nhân được chỉ định giảm đau, ti,ê,m kháng đ,ộ,c uốn ván cùng kháng sinh.\n\nNgay sau khi tiêm kháng sinh, trẻ xuất hiện các dấu hiệu của s,ố,c phản vệ như khó thở, mạch nhanh, huyết áp tụt, dẫn đến ngừng tim, ngừng thở. \n\nLúc này, người nhà có biểu hiện mất bình tĩnh, đứng quanh giường bệnh, liên tục kêu gào, thậm chí tác động y bác sĩ. \n\nTuy nhiên, y bác sĩ vẫn tập trung làm việc, không ai rời bỏ vị trí hay có phản ứng lại để không bỏ lỡ thời gian vàng cứu người bệnh.\nHiện tại sức khỏe bệnh nhi đã ổn định.\nTheo: VnExpress",
        "image": "https://scontent.fsgn2-11.fna.fbcdn.net/v/t39.30808-6/493940942_998696989112070_8334044377198885678_n.jpg?stp=dst-jpg_s480x480_tt6&_nc_cat=105&ccb=1-7&_nc_sid=833d8c&_nc_eui2=AeFu2fnAr66w6xwUmU0w2JxrwDtaHTlI4x7AO1odOUjjHppSpYJTYiFl4XwuCdzjx7bm1glDpNyAD8ndUmBPXd05&_nc_ohc=3mIwPON4U8wQ7kNvwEkPMn0&_nc_oc=Adnw87Dj3KRGlSuF6bU27gazHQx4bOdkj6YjChmpmnRb2WM39OK6lFwjY2IvPBTMLMLjl7vgBvBxSlUgrIIH5mvE&_nc_zt=23&_nc_ht=scontent.fsgn2-11.fna&_nc_gid=Ok2SUT_hpy10DdLbcWgAEw&oh=00_AfF15ysFt7dgrcufztkg4Whs3jWmQxVOJYszTP64TXZPig&oe=68161519"
    },
    {
        "caption": "🇻🇳 THỜI GIAN TỔ CHỨC CÁC HOẠT ĐỘNG KỶ NIỆM 50 NĂM NGÀY GIẢI PHÓNG MIỀN NAM THỐNG NHẤT ĐẤT NƯỚC VÀ NHỮNG VẤN ĐỀ CẦN LƯU Ý 🇻🇳\n\n#hcmc50 #catphcm #phongpa05hcm #pa05hcm",
        "image": "https://scontent.fsgn2-11.fna.fbcdn.net/v/t39.30808-6/493276806_998683919113377_3296661958468257228_n.jpg?stp=dst-jpg_p480x480_tt6&_nc_cat=105&ccb=1-7&_nc_sid=833d8c&_nc_eui2=AeGu4t_rlJhLSN1tqBeAJKqWysyslqZkPEjKzKyWpmQ8SPSEMqQVto04gJdbmhmBd0-eJvR6IsERTGHA5uTveROj&_nc_ohc=ShtNftFCYe0Q7kNvwFWcTU6&_nc_oc=AdlaK6zUIil2YzFfPllj0YTwvsUhC1k64_SxsGcrNiok8qA5rV1uoEYTJOotBg8IJgMltqnYWgFALMSt7gshVMgZ&_nc_zt=23&_nc_ht=scontent.fsgn2-11.fna&_nc_gid=Ok2SUT_hpy10DdLbcWgAEw&oh=00_AfG0eqBvQ2BIUW0fzZnTRYC_JYuMGULcCOUnnST4sS5GbA&oe=68161A09"
    },
    {
        "caption": "CẬP NHẬT CHÍNH THỨC - LỊCH TRÌNH SIÊU SỰ KIỆN DRONE SHOW KỶ NIỆM 50 NĂM THỐNG NHẤT ĐẤT NƯỚC\n\nHãy sẵn sàng cho khoảnh khắc bừng sáng lịch sử!\n⏰ 20h30, ngày 28/04/2025 | 📍 Bến Bạch Đằng, TP. Hồ Chí Minh\n\n10.500 drone sẽ đồng loạt thắp sáng bầu trời, kết nối quá khứ hào hùng và khát vọng tương lai, trong màn trình diễn nghệ thuật ánh sáng quy mô lớn nhất từ trước tới nay – với mục tiêu xác lập Kỷ lục Guinness Thế Giới mới cho Việt Nam.\n\n🗓️ Lưu lịch ngay hôm nay – Đừng bỏ lỡ khoảnh khắc tự hào, nơi lịch sử, công nghệ và cảm xúc giao thoa trên bầu trời Việt Nam!",
        "image": "https://scontent.fsgn2-5.fna.fbcdn.net/v/t39.30808-6/494130778_998670412448061_9185970427262043859_n.jpg?stp=dst-jpg_s480x480_tt6&_nc_cat=104&ccb=1-7&_nc_sid=127cfc&_nc_eui2=AeGKP4SldPQjXPqdAsIY_TWErOlMdecIYBCs6Ux15whgEG8e2A0Ulv39IZ7P4_fUvK8s4_vjagnXBWRkPWKxwjdF&_nc_ohc=08wlF4Y6nsMQ7kNvwHGQi5s&_nc_oc=Adl-kkN7ip2qQ5X-gpy5W_wSbEiymVbd3AYe4yNo80TZmBeCa4y_EHab5UYyaG1G799yF2CFcxotBhZnpNOyL02w&_nc_zt=23&_nc_ht=scontent.fsgn2-5.fna&_nc_gid=Ok2SUT_hpy10DdLbcWgAEw&oh=00_AfHQM0d-Mbe8i6znF8x9ifSpzOPIMzBdHfceY4zKFbp3OA&oe=6816247F"
    },
    {
        "caption": "Cụ Phan Thị Liễm không khỏi xúc động khi nhìn lớp lớp người trẻ với cờ Tổ quốc trên tay, trên áo xúng xính gọi nhau. Với cụ, đây chính là hòa bình.\n\nNăm ngoái, 49 năm Ngày Giải phóng miền Nam, thống nhất đất nước (30/4/1975 – 30/4/2024) cụ có mặt tại Ba Đình, Hà Nội thăm Lăng Bác. Năm nay, 50 năm Ngày Giải phóng miền Nam, thống nhất đất nước (30/4/1975 – 30/4/2025) cụ có mặt tại Bến Bạch Đằng, như bao người khác đến TP.HCM hoà chung niềm vui dân tộc.\n\nTheo: Dân Việt",
        "image": "https://scontent.fsgn2-9.fna.fbcdn.net/v/t39.30808-6/494203865_998653692449733_8980803775121152102_n.jpg?stp=dst-jpg_s480x480_tt6&_nc_cat=103&ccb=1-7&_nc_sid=127cfc&_nc_eui2=AeG3SxjEJR-vYVmkUy6kdGFUOlswSBNFE6k6WzBIE0UTqQvLCE7JK3QvkAsJhGzvAyAXeaayn1WkG_HLFif7pGHr&_nc_ohc=mQ_u600h7OUQ7kNvwHxkM-q&_nc_oc=AdkRah5KeQdJnQW0J4VQiyD9YahuWsBCowbGI8N_soQroNKGA0ipcHvl5tI-vPE7ARIVtBkOB90yQ40uj3DKNDkP&_nc_zt=23&_nc_ht=scontent.fsgn2-9.fna&_nc_gid=Ok2SUT_hpy10DdLbcWgAEw&oh=00_AfF17Grh7m5p1Nb68_K1YdULlBReG6C5jkf7yB7_8md2Rw&oe=68162331"
    },
    {
        "caption": "",
        "image": "https://scontent.fsgn2-6.fna.fbcdn.net/v/t39.30808-6/493806240_998628942452208_5682259261629983876_n.jpg?stp=dst-jpg_p480x480_tt6&_nc_cat=110&ccb=1-7&_nc_sid=cc71e4&_nc_eui2=AeHR-eryZyhODLeXgKDdFsT1IquBVGv1zXUiq4FUa_XNdRWIhKraWxgyNMfJ05i-3mKGFCxAolWG3G9N69Lg9RLy&_nc_ohc=RiNydvOC0qwQ7kNvwEy9gcV&_nc_oc=AdnyIRI_S5cYjjpnv35auHvHh-uanbca1Lnn3lZVUU_OfKpaU1XmPyZgTmnJAfpMDr5BrDgoTH8fj4eqDt3RVOtO&_nc_zt=23&_nc_ht=scontent.fsgn2-6.fna&_nc_gid=_hyg2PsjBKmyVMNiijy8bw&oh=00_AfGfGqwLovzn26oqVv97uWeswLCemywuovYdxmZ0QCDk8Q&oe=68162535"
    },
    {
        "caption": "Nhậu say vợ la ❎\nNhậu say vợ \"hun\" mới về✅\n\nẢnh: Tiên tiên",
        "image": "https://scontent.fsgn2-9.fna.fbcdn.net/v/t39.30808-6/492008399_998607865787649_3164381089930934124_n.jpg?stp=dst-jpg_s480x480_tt6&_nc_cat=106&ccb=1-7&_nc_sid=127cfc&_nc_eui2=AeEMC3EmS01woD05Yn_L2OodzCbZkLVBfiHMJtmQtUF-IWDcWl_vDOqbEd8Oiw-QjWxKXTKrUHVfSCkjlXXzkCm3&_nc_ohc=LhdEw6QlJt0Q7kNvwHobfAR&_nc_oc=AdlEHu6Of5ne3c5DC41LrUSbc4ZggpumenFhLVn2CzD6YOdBTac-LhwM0OB-7_aXdyXDqjoqv30--I91CZaH2O6p&_nc_zt=23&_nc_ht=scontent.fsgn2-9.fna&_nc_gid=_hyg2PsjBKmyVMNiijy8bw&oh=00_AfGBIKJw_H9bBLM4Gzo_8ypC5KzPS07zsnK4blef37mQDw&oe=68161883"
    },
    {
        "caption": "‼️ Danh sách các loại mì chính, hạt nêm, dầu ăn giả: Người dân cập nhật ngay để tránh mua phải\n\nMới đây, công an tỉnh Phú Thọ bất ngờ đột kích kho hàng của Công ty TNHH Famimoto Việt Nam và đã phát hiện, tạm giữ hơn 71.000 lít dầu ăn, khoảng 40 tấn mỳ chính, 22 tấn hạt nêm, 9 tấn bột canh giả.\n\nTheo công bố của cơ quan điều tra, các loại mì chính, hạt nêm, dầu ăn giả do công ty Famimoto đóng gói gồm 3 loại chính là mì chính, dầu ăn, bột canh. \n\nĐối với mì chính, sau khi mua mì chính từ Công ty TNHH Thương mại Quang Thanh (địa chỉ ở quận Hoàng Mai, Hà Nội), công ty Famimoto san chia, đóng gói vào bao bì nhãn hiệu thành hai loại:\n\n- Bột ngọt Boat Brand - thương hiệu xuất xứ Singapore\n\n- Bột ngọt Famimoto - nhãn hiệu bột ngọt hàng đầu Việt Nam, Công nghệ Nhật BảnĐối với dầu ăn, sau khi mua nguyên liệu về, công ty Famimoto sang chiết, rót vào chai thành hai loại:\n\n- Dầu ăn thượng hạng Boat Brand - thương hiệu xuất xứ Singapore\n\n- Dầu thực vật Fami Gold - sản xuất từ 100% nguyên liệu nhập khẩu Singapore\n\nĐối với bột canh, Công ty Famimoto mua nguyên liệu từ nhiều đơn vị khác nhau, sau đó phối trộn với tỷ lệ nhất định, thực hiện một số công đoạn như tạo hạt, sấy khô tạo thành hai loại:\n\n- Bột canh cao cấp Hà Nội\n\n- Hạt nêm Bếp Hồng Việt\n\nCác sản phẩm trên sau đó được đóng trong các túi nilon với quy cách 400g/túi đối với bột canh và 5 kg/túi đối với hạt nêm. Tất cả các sản phẩm trên, Công ty TNHH Famimoto Việt Nam tiến hành tự công bố sản phẩm.\n\nHiện toàn bộ sản phẩm trên đang được phối hợp thu hồi. \n\nTheo: Đời sống pháp luật",
        "image": "https://scontent.fsgn2-4.fna.fbcdn.net/v/t39.30808-6/493277319_998600135788422_5444582642044687921_n.jpg?stp=dst-jpg_s480x480_tt6&_nc_cat=1&ccb=1-7&_nc_sid=127cfc&_nc_eui2=AeHDBCsimH9jQE_oehNTC3xBDt500fNt10YO3nTR823XRiRvtQQosWw0EE5Rt7736YzlOgHzA1I6qPMljmq3zjYo&_nc_ohc=GEeRmeap3fcQ7kNvwEexuIV&_nc_oc=Adl2AbbNR-5-TmWDSFWpodX5CuwRZcDUjPztj1EVNVZuAkxRmsubyw_0dcihsw6HxxEmial3LxPBOVgkL5ksd9da&_nc_zt=23&_nc_ht=scontent.fsgn2-4.fna&_nc_gid=_hyg2PsjBKmyVMNiijy8bw&oh=00_AfEi_0RPWbZCxdT4VKH_aQeC8TM_aKGJ_r81DQbMl4Dy2g&oe=68162D9E"
    },
    {
        "caption": "‼️ Không khí lạnh tràn về, miền Bắc, Hà Nội mưa to, gió mạnh, gió Đông Bắc cấp 3. \n\nDự báo khoảng 1 tiếng nữa mây dông kéo xuống Hà Nội, thời tiết Hà Nội thông tin. \n\nTheo: Báo Kinh tế đô thị  \nẢnh: Thời tiết Hà Nội",
        "image": "https://scontent.fsgn2-7.fna.fbcdn.net/v/t39.30808-6/493259933_998581029123666_1166647186972829735_n.jpg?stp=dst-jpg_s480x480_tt6&_nc_cat=108&ccb=1-7&_nc_sid=127cfc&_nc_eui2=AeGg3wQ7OMJcfw-TbUxMDioL_p5_U6WuOgv-nn9Tpa46C2KDm9MS_lWdp_lnBotVkKI8QwTAc1BK3FICCdJ2gzJb&_nc_ohc=3NQLRwmiJe0Q7kNvwGnR-_i&_nc_oc=Adk-olcxLP-Vev81FicgrO-S81aqd6mqWi5574cnnDGCrdKyr8KjoZFsl1q-2Ji4QrAnOIDAkYOr8zyhzSUPyPXM&_nc_zt=23&_nc_ht=scontent.fsgn2-7.fna&_nc_gid=XMcKmAg8CnAfdpdKLRyX0A&oh=00_AfFUq0vE9mJuhsevXuITcBTXg9OrgFd_Nz1Nm2JJ55gQww&oe=681627D7"
    },
    {
        "caption": "TÌNH BẠN NÀY THẬT ĐẸP <3\n\nMột bức ảnh về tình bạn đã thu hút hàng nghìn lượt tương tác trên MXH, đó là N.T.Long và T.V.Phương, SN 2003, đang theo học tại Đại học Cảnh sát nhân dân.\n\nT.Long kể vui rằng, biết mình học kém hơn bạn, anh thường tranh thủ \"chép bài\" của Phương trong các giờ kiểm tra. Cả hai từng có lần giận nhau gần một năm chỉ vì Long quay video mái tóc \"thảm họa\" của Phương và đăng lên nhóm lớp. \n\nNhưng sau tất cả, sự thấu hiểu và ước mơ chung - cống hiến cho lực lượng Công an Nhân dân và giúp đỡ cộng đồng - đã đưa họ trở lại bên nhau.\n\nTheo: ZNews",
        "image": "https://scontent.fsgn2-9.fna.fbcdn.net/v/t39.30808-6/493264887_998574705790965_6020237527912197259_n.jpg?stp=dst-jpg_s480x480_tt6&_nc_cat=106&ccb=1-7&_nc_sid=127cfc&_nc_eui2=AeH5wMNSSs7JpI29NkCdA5faBdirUUBPqmAF2KtRQE-qYHrsxKKZ1w1eZfvv7QLByqwGiPacHD4M6SKbpEVMX7vY&_nc_ohc=uOkZwnXSl1kQ7kNvwHEbA7v&_nc_oc=Adl2PkndkF50SFpcC18ngEqFKickt9DSKSTNJVElTyVNcUdBa9RxWyZtcf_f69fwNyb2mpBabJh9QAV3a-s9xR0a&_nc_zt=23&_nc_ht=scontent.fsgn2-9.fna&_nc_gid=XMcKmAg8CnAfdpdKLRyX0A&oh=00_AfFnj6bv7amYzj9qSJ0Aakxjj0xuOCMZqonMjXwgL-OPLA&oe=68163E9D"
    },
    {
        "caption": "Màu của hòa bình, màu của Tổ quốc ❤️🇻🇳\n\nẢnh: Anh Khoa",
        "image": "https://scontent.fsgn2-11.fna.fbcdn.net/v/t39.30808-6/493263048_998558929125876_4917856122331629367_n.jpg?stp=dst-jpg_p480x480_tt6&_nc_cat=105&ccb=1-7&_nc_sid=127cfc&_nc_eui2=AeGveaTeYIKiuO_cVFGp2FJmyPZNc8KpREvI9k1zwqlESwQYhn3hq0osk-fArDDOQWbWlG3AqnAnoI-Nkj1VK8_g&_nc_ohc=jk71lciNVMUQ7kNvwFTPk2f&_nc_oc=AdlxM9lfR0zY1fsn4lnXnXGBDnsc65Fa5QOgUAJOqqSVpOSxpxG7BQE4eDJKdCwQyPuAwAolWkOar5Mid95RF5kE&_nc_zt=23&_nc_ht=scontent.fsgn2-11.fna&_nc_gid=XMcKmAg8CnAfdpdKLRyX0A&oh=00_AfF9-rkjJIouwArsikJf9rUQdVvDr5YA5KycbB1yIPHYCA&oe=68163CE2"
    },
    {
        "caption": "LỊCH THI ĐẤU NGÀY CÁC TRẬN CẦU HẤP DẪN SẼ DIỄN RA VÀO ĐÊM 28/4 VÀ RẠNG SÁNG 29/4😍\nTrong đêm này và rạng sáng ngày mai sẽ diễn ra 3 trận cầu hấp dẫn thuộc khuôn khổ Serie A vòng 34.",
        "image": "https://scontent.fsgn2-9.fna.fbcdn.net/v/t39.30808-6/493517657_998404335808002_1988695345693748490_n.jpg?stp=dst-jpg_s480x480_tt6&_nc_cat=103&ccb=1-7&_nc_sid=833d8c&_nc_eui2=AeHqsSKoJ_CZlmNUYGXeI98ZBOEdtQ9xgQ4E4R21D3GBDsf7CYxrQuhFe_oJ1OX021-0lJy0iAoVuokVMbLIHsPA&_nc_ohc=b-jHRivTfpoQ7kNvwExgpVg&_nc_oc=AdnIifOeGaoYOOfB6x7vE0zYn0DMOm-xBVsgD4-BpfK-bHux63PWrNLyNmcZmUVRfkrva-d_KD7PkzyseXWhxV1F&_nc_zt=23&_nc_ht=scontent.fsgn2-9.fna&_nc_gid=XMcKmAg8CnAfdpdKLRyX0A&oh=00_AfGTTPjPtyClW016qUUoAGvWa8FZIeOFBjEAuNdNZ1n8kg&oe=68161D56"
    },
    {
        "caption": "CON TRAI CỰU BỘ TRƯỞNG QUỐC PHÒNG MỸ ĐẾN VIỆT NAM TÌM LÝ DO CHA THẤT BẠI\n\nCraig McNamara là con trai của cựu Bộ trưởng Quốc phòng Mỹ Robert McNamara, người được coi là \"kiến trúc sư trưởng\" của cuộc chiến tranh tại Việt Nam.\n\nSuốt nhiều năm, Craig luôn ôm trong lòng nỗi ám ảnh. Ông đã tìm hiểu về yếu tố X - yếu tố đã khiến mọi kế hoạch của cha ông thất bại.\n\n\"Cha ơi, cha đã bao giờ đến Việt Nam để hỏi người dân Việt Nam tại sao hay chưa? Tại sao chúng ta sai? Tại sao người Việt Nam lại có khao khát thống nhất Tổ quốc mạnh mẽ như vậy?\", ông nói. \n\nÔng Craig ước cha mình đến Gia Lai gặp những cựu chiến binh tham gia chiến dịch Plei Me, trận đánh Ia Đrăng để lắng nghe và hiểu ra sai lầm của mình.\n\nTrong hành trình thực hiện bộ phim, đặt chân đến nhiều vùng đất lịch sử, ông Craig đã hiểu được vì sao cha mình đã sai.\n\nĐó là bởi trong cuộc chiến tranh, người Mỹ không thể tìm ra được lý do chính nghĩa cho sự can thiệp của họ vào Việt Nam.\n\nTheo: Dân Trí",
        "image": "https://scontent.fsgn2-10.fna.fbcdn.net/v/t39.30808-6/493228590_998539682461134_1938156862409272360_n.jpg?stp=dst-jpg_s480x480_tt6&_nc_cat=109&ccb=1-7&_nc_sid=127cfc&_nc_eui2=AeFCAd912EE9F6wRZSY6yVcD6PFa_NvjTxHo8Vr82-NPEY1i_bRTi7mzsJ4ctdf5wSbMi7zsTY_4qJMcCrrewJq4&_nc_ohc=NfeNVdc_li0Q7kNvwHXBKBI&_nc_oc=AdkE8nkFf6cGz_6AiwaGLOlqalRGl8fEpwJgLTJ9gM29eoLJmvPZtZKDMCtzvjzALNLwH2FkNEc0Vs8JWs9o8uqk&_nc_zt=23&_nc_ht=scontent.fsgn2-10.fna&_nc_gid=zRMIwVLcOQOkY8pnae6l0Q&oh=00_AfFTxQB9sJ7QdL3EYtN3fWgivhcOpq2rHkJ9IRSZi-cHUw&oe=68164115"
    },
    {
        "caption": "\"Con muốn được cùng mẹ trải qua mọi khoảnh khắc tuyệt đẹp trong cuộc đời này\"... Mong rằng sau này khi về già, chúng ta vẫn còn mẹ để được cõng mẹ như cô <3",
        "image": "https://scontent.fsgn2-9.fna.fbcdn.net/v/t39.30808-6/493255597_998258589155910_3676116128270445123_n.jpg?stp=dst-jpg_s480x480_tt6&_nc_cat=106&ccb=1-7&_nc_sid=127cfc&_nc_eui2=AeEX6_jzpcn4meZTJ0Kz1de3KrJNFYQh5xUqsk0VhCHnFULbrb_GMtx9m4nrO-bD5M_BAl6DIiUR1xRFjAbAbY4e&_nc_ohc=oEQx1nYs2RkQ7kNvwGLHATd&_nc_oc=AdnbOZsGs_dd4BelB1OUeczvtNz7fa7bMcP0342A33aZK7MSMk7OsMo13FqmPAC48Y6SaVJ7J_kuHK-9uTBIgq0G&_nc_zt=23&_nc_ht=scontent.fsgn2-9.fna&_nc_gid=LRrJlxILhZb5L5KyNQkmCg&oh=00_AfGnh5FFxSml_V1xUYlgUrZ713EYijojFE8R7Wv9GdWcjQ&oe=6816349C"
    },
    {
        "caption": "Ai rồi cũng phải mê Việt Nam thôi 🥰\n\nẢnh: ZNews",
        "image": "https://scontent.fsgn2-4.fna.fbcdn.net/v/t39.30808-6/493205848_998214385826997_2234834963896972773_n.jpg?stp=dst-jpg_s480x480_tt6&_nc_cat=1&ccb=1-7&_nc_sid=127cfc&_nc_eui2=AeHlyUNx_8UMce-sAw5PB6Xfi-zNEReeWqWL7M0RF55apdVt5DuzPQhZnN2Y1jcSxRBANXi-K2LAaNUO_JmWVMUu&_nc_ohc=uWvKevBCDxIQ7kNvwH4XnrV&_nc_oc=AdlfOCVk6t4F_rfWQ_nX2tYNFzBe2CX4Lh2JpKw0-YQfzbtbINOQcimUNOOGGzcVlDGyr0StluirppifFqgkonWW&_nc_zt=23&_nc_ht=scontent.fsgn2-4.fna&_nc_gid=LRrJlxILhZb5L5KyNQkmCg&oh=00_AfFYv2VmiEV-7B8v65BwB2veTuFP1EgSG-znpfkQNHflbw&oe=68162DF7"
    },
    {
        "caption": "Tôi yêu Việt Nam  ♥️🇻🇳",
        "image": "https://scontent.fsgn2-10.fna.fbcdn.net/v/t39.30808-6/493230110_998177202497382_8637328414929347722_n.jpg?stp=dst-jpg_s480x480_tt6&_nc_cat=109&ccb=1-7&_nc_sid=833d8c&_nc_eui2=AeHuhxrcN_PTptZz3Cp1nbZLNFlWAhrMM-40WVYCGswz7uCbDgNGApfwo4GrZIEhlqOW4iElewbButCen1D9hGaS&_nc_ohc=5kSItoaOGJ0Q7kNvwHLbWkf&_nc_oc=AdnLjWjV-ir8SdXluyNjIHMnKcEd-aS_qUwoOb1Y8VxZvJt80t2Go_BWpmobQmR5ijINO0LnnvQBv06AccB8rFMP&_nc_zt=23&_nc_ht=scontent.fsgn2-10.fna&_nc_gid=lVER0VZsLUOWKugGI8FAmw&oh=00_AfHMt8GOOXeygpM-wrRKdgBoxM9PbxUoGj8-2neF-YCrdw&oe=68160E8B"
    },
    {
        "caption": "Ăn bữa cơm mà áp lực ngang 🤣🤣\n\nẢnh: imbaoyu",
        "image": "https://scontent.fsgn2-3.fna.fbcdn.net/v/t39.30808-6/493278062_998168169164952_1936365596588492368_n.jpg?stp=dst-jpg_s480x480_tt6&_nc_cat=107&ccb=1-7&_nc_sid=127cfc&_nc_eui2=AeE5Xy0x6VWDOV_sg6F4nTfZoe0R2HvGVA-h7RHYe8ZUD7YEU3EOtcs47wi4bVVlp6BsRnlMr0puejfKvidyNnVL&_nc_ohc=0dahDOo3YHgQ7kNvwHCQByp&_nc_oc=AdlBqixsbBzgxYnFlGA8K6rjydsQCThwL0_7SlH1B9KVkryyAASekiMVxAce1XrODqtFPMaYAjLlsVP1WTbK61ux&_nc_zt=23&_nc_ht=scontent.fsgn2-3.fna&_nc_gid=lVER0VZsLUOWKugGI8FAmw&oh=00_AfFCs8Rb4HOMz4n7rgaxqK7wGq3AMlD1odr27kHu8p_CHQ&oe=68161021"
    },
    {
        "caption": "VŨ TRỤ ART TOY QUY MÔ KHỦNG CHÍNH THỨC CÓ MẶT TẠI VINCOM MEGA MALL TIMES CITY\n\nNgay lúc này tại Vincom Mega Mall Times City, nguyên một quảng trường rộng lớn giờ hoá thành phố Art Toy khổng lồ, đầy màu sắc và rực rỡ ánh sáng.\nĐi giữa \"vũ trụ\" ấy, trẻ con thì thích thú, người lớn cũng phải \"rụng tim” vì... xinh xỉu mất thôi!\n\n🎊 Tin vui là lễ hội còn kéo dài đến tận 08/05, đủ thời gian để rủ hội bạn thân hoặc dắt cả gia đình đi khám phá một trong những sự kiện nghệ thuật đáng yêu nhất mùa lễ này nhé!\n\n#VietMalliday #ArtToyStory",
        "image": "https://scontent.fsgn2-7.fna.fbcdn.net/v/t39.30808-6/494448897_998068025841633_3714328474112638329_n.jpg?stp=dst-jpg_s480x480_tt6&_nc_cat=108&ccb=1-7&_nc_sid=833d8c&_nc_eui2=AeEBZgKd6tvAUmc9OZo2xrSHEVj5IA8PJykRWPkgDw8nKYFdkeo_w-Lj3o8dvnqOsXLoCehIL9cyqB8L4V-i3yXw&_nc_ohc=k-xrJrbSlu0Q7kNvwE6o0mF&_nc_oc=AdknytRHva3kBLpxFZGBLEsnrW_QZlxb68kVBKnR_qFvyhM2Q77OcRfvVagnOKJOeZKAmxAeOQv0KkOHWXESwOn0&_nc_zt=23&_nc_ht=scontent.fsgn2-7.fna&_nc_gid=R0fuHPsHwU-Fxw3bhC2Njg&oh=00_AfE1iVgfL6kNxzbMwb7SMgNLN0Vx72nyhCmijjPkFSY6Fg&oe=68163541"
    },
    {
        "caption": "+ 1 khối mắc cạn yêu nước 🤣🤣\n\nẢnh: Lê Hoàng Tôn",
        "image": "https://scontent.fsgn2-7.fna.fbcdn.net/v/t39.30808-6/492896814_998099629171806_7341413274174236064_n.jpg?stp=dst-jpg_s480x480_tt6&_nc_cat=108&ccb=1-7&_nc_sid=127cfc&_nc_eui2=AeE9a6s0tfWCwFLQPdV1RbRvbN15bY94yKBs3Xltj3jIoJV4qvG-Kp8BCQi1u9SCpGWWTOhIYO25zc2LzfmKYF74&_nc_ohc=Sjfd8qsYB7MQ7kNvwF7-XB0&_nc_oc=Adnw7xWNzt7cKXGrFhtH9VRgSMl0rINoGFHjAwVPBfGi44LuSfxwM3GfMlCHuMG75aJMvXT95rWdN-9EzavdnCOT&_nc_zt=23&_nc_ht=scontent.fsgn2-7.fna&_nc_gid=R0fuHPsHwU-Fxw3bhC2Njg&oh=00_AfFXl3WrsLrK2BGuNSRrSzZ_1jbuilfrz25alNfzf4S_nw&oe=681639CA"
    },
    {
        "caption": "Người nhà cho biết, trước đó hai anh em có nói với người thân về việc muốn xem diễu binh, diễu hành. Tuy nhiên, gia đình không ngờ các em sẽ tự ý thực hiện ý định này.\n\nTheo: ZNews",
        "image": "https://scontent.fsgn2-9.fna.fbcdn.net/v/t39.30808-6/493225654_998074309174338_5311836673414171295_n.jpg?stp=dst-jpg_s480x480_tt6&_nc_cat=106&ccb=1-7&_nc_sid=127cfc&_nc_eui2=AeFz2lqk9tofJu5QLW0B0OwiLCnxNB4iuR4sKfE0HiK5HofcVFTPDxwwdYJYpQl2yPsLbGLvTv3Kod9X9cQujW8A&_nc_ohc=hYMvTUyF03gQ7kNvwERrD4o&_nc_oc=AdntAh1jTgGV4dekLr85YXEMtAFI8VSBAziPhyJtVl4OIFBypayHtxHogA3x2DLTTyjASMpuvF5C5oDuZyNsjb-P&_nc_zt=23&_nc_ht=scontent.fsgn2-9.fna&_nc_gid=R0fuHPsHwU-Fxw3bhC2Njg&oh=00_AfFRUW1PTIdsFwIcnnmJtTUWLwcfQ2KGt12_5dGVXn9hUA&oe=68162DD5"
    },
    {
        "caption": "Cực kì hưởng ứng các brand có nội dung đu trend như này\n\n👇 Còn brand nào đu trend Yêu nước đỉnh mọi người comment thêm phía dưới nhé!",
        "image": "https://scontent.fsgn2-8.fna.fbcdn.net/v/t39.30808-6/493846094_998043119177457_2605117656138870839_n.jpg?stp=dst-jpg_s480x480_tt6&_nc_cat=102&ccb=1-7&_nc_sid=833d8c&_nc_eui2=AeGq3NvkZCEZOAR8qBrz3O3wXV6nYvcAGnhdXqdi9wAaeLvA56EHan1ZGYzt4rk1SahGbn6ErRSTcgPCa8w1kPu6&_nc_ohc=ZN5P_KBFNJ8Q7kNvwHOV5jR&_nc_oc=AdnpMpgdhDFBZk0rQ5u---FWaPcpxReXhX9RzoB2wZBVvN-_uDOmW7Z-SkJ7fvogxhzGU8ghM3mSPMeOIclA3TD0&_nc_zt=23&_nc_ht=scontent.fsgn2-8.fna&_nc_gid=R0fuHPsHwU-Fxw3bhC2Njg&oh=00_AfG6lGfs5_WpsvYcbEVBuUui6TZcKEAxtTKsQ797JjnJeQ&oe=68161E65"
    },
    {
        "caption": "Hoà bình đẹp lắm con ơi ♥️  \n\nMọi ngóc ngách đều thấy cờ hoa đỏ rực, nhà nhà đều nở nụ cười rạng rỡ, ai cũng tranh thủ lưu lại khoảnh khắc hạnh phúc, tự hào trong những ngày lịch sử này. 🇻🇳\n\nDạo quanh Vincom Center Bà Triệu, Phạm Ngọc Thạch, Royal City... đâu đâu cũng rộn ràng sắc đỏ, hừng hực khí thế chiến thắng của nước ta.  Chẳng cần cầu kỳ, đi shopping ở Vincom như mọi ngày thôi, cũng đủ để có bộ ảnh hòa chung vào nhịp đập tự hào của Đất nước, thích ghê!\n \n#VietMalliday #50NamThongNhat",
        "image": "https://scontent.fsgn2-6.fna.fbcdn.net/v/t39.30808-6/494021426_998029522512150_4769000743146246991_n.jpg?stp=dst-jpg_s480x480_tt6&_nc_cat=111&ccb=1-7&_nc_sid=833d8c&_nc_eui2=AeEA5KEHJsJCNmtCBtxWCu2waTRUEJdV89hpNFQQl1Xz2OXkbBOZOrT80n6zIJtqDywySBkE6nDXGrdTJa6qSVaE&_nc_ohc=eNCSeFBO9V4Q7kNvwFLvg96&_nc_oc=AdktkwAL96RvQoApSrPq8O68xtwTAvUw9qo7iJKmBeGwxsLZOzXM_VPCY5y-h2NKTkQxtRfjZ9zIPisqI8W9cfLg&_nc_zt=23&_nc_ht=scontent.fsgn2-6.fna&_nc_gid=lDcAxuiDHP3h2925Twr5Zw&oh=00_AfFiPB4ltvvwuvoC9xGKhpMf-F0sfxedL0Hj23BA5XFJlw&oe=68163BEB"
    },
    {
        "caption": "🛫 📣 LÙI THỜI GIAN CHUYỂN ĐỔI TOÀN BỘ SANG NHÀ GA T3\n\nTheo thông báo mới nhất, Vietnam Airlines chưa chuyển đổi toàn bộ các chuyến bay nội địa sang nhà ga mới này so với kế hoạch ban đầu dự kiến là ngày 28/4.\n\nThông tin hiện tại mọi người cần lưu ý:\n- Nhà ga T3 hiện tại chỉ phục vụ các chuyến bay của Vietnam Airlines giữa Tân Sơn Nhất và Nội Bài (Hà Nội), Vân Đồn (Quảng Ninh)\n- Các chuyến bay nội địa khác của Vietnam Airlines và các hãng bay khác vẫn tiếp tục hoạt động tại Nhà ga T1.\n\n👉 Thông tin chi tiết về thời điểm chuyển đổi toàn bộ sẽ được cập nhật trong thời gian tới.",
        "image": "https://scontent.fsgn2-9.fna.fbcdn.net/v/t39.30808-6/494075003_998023442512758_5877196688181486498_n.jpg?stp=dst-jpg_s480x480_tt6&_nc_cat=103&ccb=1-7&_nc_sid=833d8c&_nc_eui2=AeFAsX-7ttQ0wvuGrb_6yg92Age4KenUFKMCB7gp6dQUo981u2hUG6m86nPzXVfFMmgMPdHfibhMrXsv0sjFL57f&_nc_ohc=Exl98hB00AsQ7kNvwFzrn7K&_nc_oc=AdkT3AILHLzI8PuusTJX-_-n3Kdz-xfZMZzgRqLlH6wYoWnz-oDDubiPfKzfcEe9i43Nq-by41-IE3kAfTwcns5F&_nc_zt=23&_nc_ht=scontent.fsgn2-9.fna&_nc_gid=lDcAxuiDHP3h2925Twr5Zw&oh=00_AfH4orc2DJWp9SZg3JZJD9F4IkTWU7MtGh_ttmEiTWzsmw&oe=681630EE"
    },
    {
        "caption": "Cảnh này sẽ xuất hiện trong bản Director Cut \"Địa Đạo\" sắp tới 🔥\n\n#28unique #28uniquepodcast #DaodienBuiThacChuyen #diadao",
        "image": "https://scontent.fsgn2-10.fna.fbcdn.net/v/t39.30808-6/493445504_997969179184851_493279488138950428_n.jpg?stp=dst-jpg_s480x480_tt6&_nc_cat=109&ccb=1-7&_nc_sid=833d8c&_nc_eui2=AeH0ixXCMbs9FSLg9x907WdbLiuDHcaZsBkuK4MdxpmwGSvRhf1Wan6KueMu1INjee0riGLbfBitMc1rVKXqYpbn&_nc_ohc=zYUjpTXaQ-4Q7kNvwF4cjX5&_nc_oc=AdkSzH6gTwCBfI1dXuCQqoaXC5cWTYsCnAYek5H5KD2eOmPYXoZ4LHvuD1oztSEVYv3mDlCo9oeLc17DB2d9ajsS&_nc_zt=23&_nc_ht=scontent.fsgn2-10.fna&_nc_gid=lDcAxuiDHP3h2925Twr5Zw&oh=00_AfEK1xvRNSALcUUfrzUsB8mkcm0wUXq5fPzxTWYbDDnhJw&oe=6816406C"
    },
    {
        "caption": "Tiêm kích, trực thăng chuẩn bị tiến về TP HCM\nLúc 7h30, tổ chỉ huy bay trên tòa nhà Diamond Plaza tất bật điều phối tiêm kích, trực thăng từ Biên Hoà đến trung tâm TP HCM.\nTheo: VnExpress",
        "image": "https://scontent.fsgn2-4.fna.fbcdn.net/v/t39.30808-6/494070935_997831122531990_1910139201345695762_n.jpg?stp=dst-jpg_s640x640_tt6&_nc_cat=101&ccb=1-7&_nc_sid=127cfc&_nc_eui2=AeFCjQMa6GgBXc4o-i0ISkasLm0eMsF2YnQubR4ywXZidFfqIhnn6Zwp-iv_sHlD16C46k0gLRtHeoVzgSsw2HFg&_nc_ohc=hWSjdGdoKyQQ7kNvwE7_mmi&_nc_oc=Adk0k0foypXzQIZVxH62m3b-iWW6D5rbzWSlr8FpT_b8wHLaENuDh3Jxr2jLSvFwtjx667yzWb2aMLG-5S5zgWyk&_nc_zt=23&_nc_ht=scontent.fsgn2-4.fna&_nc_gid=Xw8PNhnMTdN5z_2LNHQjFg&oh=00_AfHtIA5smtanH5xGvDwoFYbUCkByV3rSEfrOVzOnvQKjnA&oe=68163A9B"
    },
    {
        "caption": "View xem diễu binh không tiền nào mua được\n\nTheo: VnExpress",
        "image": "https://scontent.fsgn2-10.fna.fbcdn.net/v/t39.30808-6/493281465_997812855867150_792058652471925672_n.jpg?stp=dst-jpg_s480x480_tt6&_nc_cat=109&ccb=1-7&_nc_sid=127cfc&_nc_eui2=AeGzO7s9491e7jalMETA5fer4qjXg_csWrXiqNeD9yxatS4PZJPNPFwOJhA0wG4iDWmnHdSsYtWIoa_2y72S0QLP&_nc_ohc=qZ5xVnl65fEQ7kNvwGeKvhT&_nc_oc=AdnYoeBLg7i_Hbte7xpFqp7nKBekrp6Xc80Qy_9-pX3YIQuUCUUvON915HPKFZfMdUXsALTPL9uDqwEHfUjL0Pyc&_nc_zt=23&_nc_ht=scontent.fsgn2-10.fna&_nc_gid=Xw8PNhnMTdN5z_2LNHQjFg&oh=00_AfGlpasNyO7dOL3nE1kZq_sR_rjGPmeG-BiL-6FgTuGUxQ&oe=68161B7C"
    },
    {
        "caption": "Hình ảnh lúc này tại bến Bạch Đằng (quận 1, TP.HCM), duy nhất 1 hình ảnh để biết người dân đang đông đúc thế nào🥰",
        "image": "https://scontent.fsgn2-6.fna.fbcdn.net/v/t39.30808-6/493670806_997805569201212_3324454301886707018_n.jpg?stp=dst-jpg_s640x640_tt6&_nc_cat=110&ccb=1-7&_nc_sid=127cfc&_nc_eui2=AeHeavtEUWBYfGb8mKxDqMsTWHYWrkj_87VYdhauSP_ztYz93AyBcRBm6Lu6i5vExRhwyztKbIE16Cp96iIYrhgk&_nc_ohc=jkdiStEsfegQ7kNvwHSsAlm&_nc_oc=AdnTwgsZ_7jjrfIsovZMX_EVTqvu2sNrHMAwNqenI2Evh3d3JpqYQM2nmw7mxfkT8acgDVK3Uq0coaF1RDVhqfkv&_nc_zt=23&_nc_ht=scontent.fsgn2-6.fna&_nc_gid=Xw8PNhnMTdN5z_2LNHQjFg&oh=00_AfEON9d54ErJTNCFDeXQv2Dx4p_HAFppX_rqbQnra4VveQ&oe=681638A7"
    },
    {
        "caption": "Theo Nghi Phương, 26 tuổi, ở Hà Nội chia sẻ chuyến xuất ngoại sang Thái Lan là lần đầu tiên cả gia đình Phương đi du lịch cùng nhau. \n\nQuyết định hủy sát ngày, Phương chấp nhận chi phí sẽ không hoàn lại. \"Cả nhà tôi nhất trí cùng nhau có mặt tại TP HCM dịp 30/4 này\", cô gái Hà Nội nói. \"Được hòa vào không khí 30/4 tại Dinh Độc Lập mang ý nghĩa lớn hơn một chuyến du lịch thông thường\".\n\nGia đình Phương đã chuẩn bị trang phục cờ đỏ sao vàng, áo dài, khăn rằn, nón lá. Họ chi thêm tiền đặt khách sạn, vé máy bay phút chót giá 6-7 triệu đồng mỗi người để vào TP HCM.\nTheo: VnExpress",
        "image": "https://scontent.fsgn2-11.fna.fbcdn.net/v/t39.30808-6/493949634_997802799201489_2700616733626187947_n.jpg?stp=dst-jpg_s480x480_tt6&_nc_cat=105&ccb=1-7&_nc_sid=127cfc&_nc_eui2=AeHOpTDpF8SeX6Aj62Mu2h0rJ3c-aEqU6_Yndz5oSpTr9rGdtuCHtTMuYojaK-fMx-OJgFp2nPCF6bv37doWH-V8&_nc_ohc=cdwerlCahfAQ7kNvwGTWC40&_nc_oc=AdnF1nHig-_PY5EIlbY6GDpg_BkvBkNhNJ1n_wnvvGvBLZy4cm4Tzs8VpmNA2-T_SJX-Xw89KiwaRhBsuVioAiOr&_nc_zt=23&_nc_ht=scontent.fsgn2-11.fna&_nc_gid=Xw8PNhnMTdN5z_2LNHQjFg&oh=00_AfFVJzlJ3K4dS3iRsvgZcg449U4W3HXHMVfhx9cvfBsOQg&oe=68161498"
    },
    {
        "caption": "Hơn 2 tháng con gái mới được gặp bố ❤️\nCre: ngn7237",
        "image": "https://scontent.fsgn2-5.fna.fbcdn.net/v/t39.30808-6/494043982_997532442561858_7084792862767175220_n.jpg?stp=dst-jpg_s480x480_tt6&_nc_cat=104&ccb=1-7&_nc_sid=127cfc&_nc_eui2=AeGM6ErN4SxgaEm66Kpj2JoRUPQJidE6v95Q9AmJ0Tq_3miDTg9sQsIjHsO843yL3bTZFjuI2n8aNwXucbCGQ7wt&_nc_ohc=pQJJlIRZF_oQ7kNvwEK0KAy&_nc_oc=Adnx1F2J9FAfvgUMzCz9QyZykA_hkfmfBsFboMD1d8K8LXRl1EU-8etKABErs8b6vA62cbMByBTEcZmF1asVMmLk&_nc_zt=23&_nc_ht=scontent.fsgn2-5.fna&_nc_gid=FTTrl8gwx4riPUmj8BO24g&oh=00_AfGuiPTaz2CQKVC07YrXAacp7ltaHTDfmjh3I0dXMTY4Ig&oe=68162F94"
    },
    {
        "caption": "Anh đã nói đúng còn nói to\nCre: mythuong3181",
        "image": "https://scontent.fsgn2-5.fna.fbcdn.net/v/t39.30808-6/492932528_997504382564664_7287793615777926510_n.jpg?stp=dst-jpg_s480x480_tt6&_nc_cat=104&ccb=1-7&_nc_sid=833d8c&_nc_eui2=AeGwfL8_ZrjrxS5IQ6_7qaMQ0vOnAXrT1d7S86cBetPV3hAZAy3Ly1dzKhuXYKZLxc5A-051SEkYUJwiXCFioHKc&_nc_ohc=pgY7-G4CL30Q7kNvwF6r3j7&_nc_oc=Adkyx4fJDqEWtxYiRdyzfYl8ew041u1xra9adPLyibMQiyjpx6r4SQWXBhGdZUWX13EPdbyUEmQSUiHYrbyt0gbx&_nc_zt=23&_nc_ht=scontent.fsgn2-5.fna&_nc_gid=uxVhUmqTygVKPt9jcS_HkA&oh=00_AfES-Dky-HCU_zENg4H-4zFFrCjrZP77Wf5XIVcIuimffg&oe=68164076"
    },
    {
        "caption": "“HAUS PRIVATE CLUB - THE FIRST”- ĐÊM TIỆC KÍN DÀNH CHO GIỚI SIÊU GIÀU ĐẦU TIÊN TẠI VIỆT NAM\n\n09.05.2025 | Dinh Độc Lập, TP.HCM\n\nLần đầu tiên tại Việt Nam, một đêm tiệc không dành cho số đông, nơi mọi giác quan được đánh thức, mọi giới hạn được xoá nhoà.\n\n✨ Nghệ thuật trình diễn sống động, nơi con người hoá thân thành tác phẩm\n\n✨ Hành trình ẩm thực độc bản mang hồn Đà Lạt về giữa lòng Sài thành\n\n✨ Những cuộc gặp gỡ kín giữa những nhân vật biểu tượng toàn cầu\n\n✨ Đặc quyền chỉ dành cho những ai được chọn bước vào thế giới này\n\nKhông dành cho tất cả. Chỉ dành cho người được được biết, được chọn.\n\n#By_invitation_only\n#For_those_who_know",
        "image": "https://scontent.fsgn2-11.fna.fbcdn.net/v/t39.30808-6/492494316_997471399234629_211280964126937699_n.png?stp=dst-jpg_p480x480_tt6&_nc_cat=105&ccb=1-7&_nc_sid=86c6b0&_nc_eui2=AeFDPqPpnhyPG9nVBfnnIy-dtM40ouBeDSC0zjSi4F4NIL-uFy7YoTF2PSAdW6tEvh6JHt2_3lIkZi0TVGgo6duu&_nc_ohc=CToDKEHk2HYQ7kNvwFBeCJf&_nc_oc=AdnegdXNQR6La0o2YuHT27y1lnrD27aLB36FdecIMcxd7py00SYOSNuixHXxfW9PP2nzBkzT2rSYXjIVG549N1s1&_nc_zt=23&_nc_ht=scontent.fsgn2-11.fna&_nc_gid=uxVhUmqTygVKPt9jcS_HkA&oh=00_AfHJOSEShVLyVEaw1hE9bvF6RyhQfdbox2ms7F8PaVos3w&oe=681612ED"
    },
    {
        "caption": "2K7 KIỂU: THỜI TỚI, THỜI TỚI!\n\nBạn có thể chưa biết, nhưng ngành Chip & Bán dẫn đang là “trái tim” của cả thế giới công nghệ. Từ điện thoại, laptop, xe điện đến robot – tất cả đều không thể hoạt động nếu thiếu những con chip tí hon nhưng quyền lực này.\n\nVà đây là tin cực nóng: Việt Nam đang cực kỳ thiếu nhân lực trong ngành này! Trong 5 năm tới, nhu cầu tuyển dụng tăng phi mã, nhưng hiện tại mới chỉ đáp ứng chưa tới 20%. Trong khi đó, mức lương khởi điểm đã chạm ngưỡng 20 triệu/tháng, thậm chí còn cao hơn tùy thuộc vào năng lực của bạn.\n\nNghe “ngon” rồi đúng không? Vậy thì ai sẽ là người bắt trend?\n\nFPT Polytechnic đã nhanh chân tiên phong mở chuyên ngành “Công nghệ Chip & Bán dẫn” – nơi không chỉ dạy lý thuyết suông mà còn cho bạn thực hành thực chiến, làm quen với máy móc hiện đại, và kết nối trực tiếp với doanh nghiệp công nghệ lớn. Trường thuộc hệ sinh thái của FPT thì không lo việc được thực hành đâu he.\n\n2k7 sắp thi THPT biết chọn ngành nào để học rồi đấy ^^",
        "image": "https://scontent.fsgn2-7.fna.fbcdn.net/v/t39.30808-6/493265948_997253009256468_6475197441471504373_n.jpg?stp=dst-jpg_s480x480_tt6&_nc_cat=108&ccb=1-7&_nc_sid=833d8c&_nc_eui2=AeGCww7D_oSYY2aL7aYRZYXjjv0I1Qh4nsmO_QjVCHieyUKxZsg0dkeVtgdgmOYS-48IYtSJcF8Y4vTgV72jzPFf&_nc_ohc=LipNdWxWjLsQ7kNvwEnBKhd&_nc_oc=AdnuO_esKkUtXKUw0zY89lkbo2Kx6blkoxxOoGHQ_NtDF9YX3h_mltCr5afEovHQxG4MAjBbUg2EZTTy5AHC99HT&_nc_zt=23&_nc_ht=scontent.fsgn2-7.fna&_nc_gid=GXFK9Bd8V1ggqKCWzNx6XA&oh=00_AfGwZ45eUjzaHFIuIfqnMnpLqvrdYvnAk-qINJeeOchmQA&oe=68162CF1"
    },
    {
        "caption": "Giám mục phụ tá Vatican Monsignor Benoni Ambarus, người phụ trách từ thiện và mục vụ nhà tù của Giáo hoàng Francis, gần đây cho biết trước khi qua đời, Giáo hoàng đã quyên góp 200.000 euro (230.000 USD) từ tài khoản cá nhân cho một nhà máy mì ống trong trại giam trẻ vị thành niên Casal del Marmo.\n\nTheo: VN Express",
        "image": "https://scontent.fsgn2-8.fna.fbcdn.net/v/t39.30808-6/493142187_997414405906995_5467907971187082540_n.jpg?stp=dst-jpg_s480x480_tt6&_nc_cat=102&ccb=1-7&_nc_sid=127cfc&_nc_eui2=AeElfaJZBQDR-bHxbwlWTXblFDI7F5AgMSMUMjsXkCAxIyXrpUKwINkJhmTWlXr5QsDGKMx1j0dqZd0Q9L7Rz7F7&_nc_ohc=yaN4GJc0HlwQ7kNvwEvzLSw&_nc_oc=AdlBFEC3tW8l7_KJ-lkw-Vw8U9Rz9k8UL0l197uxZlPVDpspjzz7U62O8qCeHNEt1iLDMe97Jh4m5YHdhco9RGWD&_nc_zt=23&_nc_ht=scontent.fsgn2-8.fna&_nc_gid=GXFK9Bd8V1ggqKCWzNx6XA&oh=00_AfHAoMWcaFHYHhuKEZQHhL-p9xCBxcyy3nUHDgmR9zfWxQ&oe=6816403D"
    },
    {
        "caption": "Thứ CĐM mong chờ nhất lúc này 😂",
        "image": "https://scontent.fsgn2-4.fna.fbcdn.net/v/t39.30808-6/492899643_997404215908014_9203194666088379369_n.jpg?stp=dst-jpg_s480x480_tt6&_nc_cat=101&ccb=1-7&_nc_sid=127cfc&_nc_eui2=AeHP0XbA_i_gLDBzVYKFFt2oMmqf9xlL_gUyap_3GUv-BXsEOrR2b5NP8qxb6dSQrQCeGareGMboXiJRHGgtBt6-&_nc_ohc=k5P3Z5ZkjlYQ7kNvwFAfbVT&_nc_oc=AdnwuFKzlcPh_yaSw_B-jL57U6bOn9esRWrS2YCAMDcRyY-WEg3VF6Wc6DpFatMalX5uC0JFy5OJ-aqbdbCzN0-X&_nc_zt=23&_nc_ht=scontent.fsgn2-4.fna&_nc_gid=GXFK9Bd8V1ggqKCWzNx6XA&oh=00_AfF3pir2zcPM9YxZ7_Q1J_lHI77RezN55G1RVsdrF6Fflg&oe=681643DB"
    },
    {
        "caption": "T.N.H. (30 tuổi, Hà Nội) là một freelancer trong lĩnh vực thiết kế, quyết định xăm hình rồng phượng lớn phủ kín cánh tay để thể hiện dấu ấn cá nhân.\n\n“Tôi thấy một tiệm xăm trên mạng có nhiều mẫu đẹp, giá mềm nên qua làm luôn. Họ không hỏi gì, cũng chẳng thử mực. Ba ngày đầu hơi rát, tôi nghĩ bình thường. Nhưng từ hôm thứ tư, da bắt đầu ngứa ngáy, sưng đỏ và có mủ. Tôi gãi nhiều, rồi ngâm nước lá, nhưng càng ngày càng rát hơn, lan ra cả vùng khuỷu tay và vai”, anh H. kể.\n\nThS.BSCKII Nguyễn Tiến Thành, thành viên Hội Da liễu Việt Nam, người trực tiếp điều trị cho bệnh nhân cho biết: “Anh H. bị viêm da tiếp xúc cấp tính, kèm theo dấu hiệu bội nhiễm. Nguyên nhân chính do quy trình xăm không đảm bảo vô khuẩn. Vùng da mới xăm chưa lành đã bị vi khuẩn xâm nhập qua các vi chấn thương”.\n\nTheo: Đời sống & Pháp luật",
        "image": "https://scontent.fsgn2-5.fna.fbcdn.net/v/t39.30808-6/493190309_997389609242808_6399633901085869803_n.jpg?stp=dst-jpg_s480x480_tt6&_nc_cat=104&ccb=1-7&_nc_sid=127cfc&_nc_eui2=AeEVoM167e85hppjZcIbVqACiiEMvd9kf1aKIQy932R_Vv_S9wUC5tRwQ1CyXexa4r3eyDNaxRaIcnVjGZ2NKivU&_nc_ohc=-Q7xF91APRkQ7kNvwGEJyWS&_nc_oc=AdmDBqSVp2AeJb7tDlCKYRb6b0D3WyQROmnRny6GxZXPhWSxyYn28LVkPs8Y46SmUcWwA9kgcTIDUS6hFV8XfRY7&_nc_zt=23&_nc_ht=scontent.fsgn2-5.fna&_nc_gid=GXFK9Bd8V1ggqKCWzNx6XA&oh=00_AfE9ZfRNcrWtk9rWsSyxsClYQeO9dmgjA0c800VEF0wbng&oe=68162C41"
    },
    {
        "caption": "CHUỖI HOẠT ĐỘNG \"HÀO KHÍ VŨ YÊN MỪNG ĐẠI LỄ\" DỊP 30/4 NĂM NAY 🇻🇳\n\n 💢Địa điểm: Phố đi bộ & Quảng trường châu Âu\n 💢Thời gian: 30/4/2025\n\n✍  10h - 21h: \n 🏵  Hoạt động hoạt náo dân gian: Vẽ tranh giấy gió, trò chơi dân gian: Cờ tỷ phú phiên bản Chiến dịch Hồ Chí Minh,...\n\n 🏵 Check in con đường cờ hoa dài nhất Hải Phòng\n\n✍ 14h - 17h: *1500 người Hải Phòng xếp cờ Tổ quốc quy mô nhất miền Bắc và diễu hành trên đường cờ dài nhất Hải Phòng*\n\n✍ 17:00 - 19h30: Sự kiện bán hàng \"Kỳ tích đảo xanh - Vươn mình đón sóng\" \n\n✍ 19:30 - Đêm nhạc nghệ thuật \n\n✍ 20:30 - Thưởng lãm pháo hoa nghệ thuật\n\nLưu ngay lịch để 30/4 này có hẹn cùng Vũ Yên nha. 🇻🇳",
        "image": "https://scontent.fsgn2-3.fna.fbcdn.net/v/t39.30808-6/493016885_997221059259663_5159503602000049460_n.jpg?stp=dst-jpg_s480x480_tt6&_nc_cat=107&ccb=1-7&_nc_sid=833d8c&_nc_eui2=AeG61kCXZgbBRuuHhPyEmJIhKCbbrBSyzTEoJtusFLLNMTxeBdcopL517L0OsPme7M9JiOAPt0t3NAP1Ni7cKJyS&_nc_ohc=JPWbzPu6fdUQ7kNvwE39-gF&_nc_oc=AdlBQ8icUGmntxVI0sSmbxWfV7hVhPhudnZMv5c8hiuaqo50tVMKYl0svgH-T4Ri4eUKG0D5gP5PRGfWwatIkggb&_nc_zt=23&_nc_ht=scontent.fsgn2-3.fna&_nc_gid=6cwFEsX66qa9BGw_mo8HUw&oh=00_AfElXRN61VD673_0f-l88UnEYB3tzlQ6kBdCoc9oJALQeQ&oe=68162463"
    },
    {
        "caption": "Nhân dịp 30/4 – ngày đất nước nối liền một dải, nhiều công ty tổ chức cho toàn thể nhân viên và người nhà nhân viên đi xem phim \"Địa Đạo\" để cùng sống lại tinh thần bất khuất và hào hùng của dân tộc  🇻🇳🇻🇳\n\n#DiaDao #1000CEO #30thang4 #TinhThanVietNam #PhimDiaDao #MatTroiTrongBongToi #DiaDaoPhienBanDacBiet",
        "image": "https://scontent.fsgn2-3.fna.fbcdn.net/v/t39.30808-6/493276665_997196769262092_5491188553056706324_n.jpg?stp=dst-jpg_s480x480_tt6&_nc_cat=107&ccb=1-7&_nc_sid=127cfc&_nc_eui2=AeGcLGP2p0PZdpYkTndZ7Xygbu6wZenN_bFu7rBl6c39sbgoY4p-i652AO4YU1JzZEine7CgiDuyZryFR6b-qwpW&_nc_ohc=ORbOYXNrk6EQ7kNvwEMUUNw&_nc_oc=Adk2iLnqcWrCoMR6rXUki6XThFycMss1Y13-dYLpLzPh5frSdjn5ZzqpUSin5KA7EJmZYFzX_g_wLuQtEqZKifWe&_nc_zt=23&_nc_ht=scontent.fsgn2-3.fna&_nc_gid=6cwFEsX66qa9BGw_mo8HUw&oh=00_AfGMzMmK_qm9n9jnz6RsvCtrT113ALKbVmL5WFtVMhxV5Q&oe=68162CEB"
    },
    {
        "caption": "10 điểm cho nam thanh niên người nước ngoài 🇻🇳🇻🇳\n\nẢnh: Saleen Hammad",
        "image": "https://scontent.fsgn2-9.fna.fbcdn.net/v/t39.30808-6/492521224_997188082596294_766014110893655856_n.jpg?stp=dst-jpg_s480x480_tt6&_nc_cat=106&ccb=1-7&_nc_sid=833d8c&_nc_eui2=AeFoSj5-70BDLjoIrStdpENtCCmZhL7sVQEIKZmEvuxVAa2-W1ilJb4qqxRpXn8eq_5cxFw7MAVEzm0FjiY5xB4R&_nc_ohc=I1GSi4brMIsQ7kNvwEI1wmn&_nc_oc=Adm7fONsn2Rgvu3EJweloKHCPWWPvXO5QPDsKgdCBREUa9OCS1CGvGZfhCcprP6uRPnesIZfY8PCOzt_l5QslC6t&_nc_zt=23&_nc_ht=scontent.fsgn2-9.fna&_nc_gid=6cwFEsX66qa9BGw_mo8HUw&oh=00_AfHol-cFscNeRHMeVCkASTwsxfCk-hZ2ZbNangJKnZYEMA&oe=68163A4C"
    },
    {
        "caption": "ĐƯỜNG ÔNG ĐI CÓ MỌI NGƯỜI BẢO VỆ ❤️\n\nChiều 25/4/2025, khi đến địa phận xã Xuân Hưng, huyện Xuân Lộc, tỉnh Đồng Nai ông Thanh được các cán bộ, chiến sỹ Trạm CSGT Suối Tre thăm hỏi, động viên, tiếp sức.\n\nCầm chai nước từ cán bộ CSGT, ông Thanh xúc động, nói rằng ông muốn truyền cảm hứng cho thế hệ trẻ về tình yêu quê hương, đất nước. \n\nTrong vòng tay của người dân, người cựu chiến binh với hành trình đặc biệt trên chiếc xe máy vào Nam đã xúc động nói rằng: “Cuộc đời tôi chưa bao giờ hạnh phúc như thế”.\n\nTheo: Bộ Công an",
        "image": "https://scontent.fsgn2-6.fna.fbcdn.net/v/t39.30808-6/492901915_997182365930199_3902681179521782519_n.jpg?stp=dst-jpg_s480x480_tt6&_nc_cat=110&ccb=1-7&_nc_sid=127cfc&_nc_eui2=AeHy-lj7kNU_zNJf6A1hgHgh4ZFgj8F30FPhkWCPwXfQU-Q8mFb13GKuILv7_tHTZ92w2PCvS721t9ELEWXGVyuM&_nc_ohc=LcLG7ZeRK_8Q7kNvwHyb9sv&_nc_oc=Adlwqzm2AK5T12LT_A1ZjOrOxpT2AFptZUhaguefjB3JO5OeI7jvF_0Fx7mKWhSM4Tsoqe3f-o9ELIZKD4aShEt4&_nc_zt=23&_nc_ht=scontent.fsgn2-6.fna&_nc_gid=6cwFEsX66qa9BGw_mo8HUw&oh=00_AfFbkd4GAcftSK9teEqMzamMMwVf8AYRY2dLd-mcmqJVBg&oe=68163313"
    },
    {
        "caption": "Đông Nhi lowkey nhưng cũng biết nắm bắt xu hướng bốc tụ, claim thông điệp 😆\n#dongnhi #28uniquepodcast #28uniquepodcast",
        "image": "https://scontent.fsgn2-8.fna.fbcdn.net/v/t39.30808-6/493670297_997143212600781_9146056810246026219_n.jpg?stp=dst-jpg_s480x480_tt6&_nc_cat=102&ccb=1-7&_nc_sid=127cfc&_nc_eui2=AeFpCTJx99tdgqrNELpXzEWrRFOJp2dQ3ZNEU4mnZ1Ddk-N8NeObEsYeN19Ux0Wx95WzyvchzQUFUB3t4rT8rm1l&_nc_ohc=QAw05nHInGUQ7kNvwHHx87n&_nc_oc=Adnse1HLT0ONbgSvksG1J1xuzQO70yZu7qk6yYiJ63vGVfPUeM17RE9e-xx-_bGWTgUGubuLjf-CpcZzaoyKuGGs&_nc_zt=23&_nc_ht=scontent.fsgn2-8.fna&_nc_gid=6cwFEsX66qa9BGw_mo8HUw&oh=00_AfG3HubPvtvQaxEiJU3kh-xbdHoWJR3uGXgoiXZkfJNsjA&oe=68163B24"
    },
    {
        "caption": "Một lòng yêu Tổ quốc, một lòng yêu em ❤️",
        "image": "https://scontent.fsgn2-7.fna.fbcdn.net/v/t39.30808-6/492885454_997159362599166_1633858719328143359_n.jpg?stp=dst-jpg_s480x480_tt6&_nc_cat=100&ccb=1-7&_nc_sid=833d8c&_nc_eui2=AeFa4A9XOfS0xJC6p5ZglUph4c1cVUPZELjhzVxVQ9kQuOwWxD1X3iUzmOGiVSAdLg-3d-qvz1Ujy9bec2sOKtfU&_nc_ohc=jHkjJCZBzlAQ7kNvwE-weO8&_nc_oc=AdlMioxKieRjToR3Coy6gtcBesK9v_Ymm674dLvUfWivESUukLMMb2C-u_fCA4pueroPpSFEaz6Usez0CLbdA5Mr&_nc_zt=23&_nc_ht=scontent.fsgn2-7.fna&_nc_gid=6cwFEsX66qa9BGw_mo8HUw&oh=00_AfH5p_f0gGmwJkGSTUCZAMuUkdKAXnO8sfS2G1GjHJynLA&oe=68160FA9"
    }
]