[
    {
        "caption": "Viện nghiên cứu Zhiyuan tại Hàng Châu, tỉnh Chiết Giang, trình làng phương tiện bay cất hạ cánh thẳng đứng đeo được và chạy bằng điện hôm 27/4.\n#VnExpress",
        "image": "https://scontent.fsgn2-4.fna.fbcdn.net/v/t39.30808-6/494440793_1100635815431762_4293227108314277766_n.jpg?stp=dst-jpg_s480x480_tt6&_nc_cat=1&ccb=1-7&_nc_sid=127cfc&_nc_eui2=AeE7Kqxy_TrbEujMKWujAKBXRUQpafdnfetFRClp92d96-fmPwja9qsUgDC7VeKkQYqYmlYgOjPT_V1cwhnL5yRz&_nc_ohc=7KP__DimHccQ7kNvwGDJPsE&_nc_oc=Adka5Vb0bwGTa0omWLM8u-NqBsQvWSujsdqAwpVSkhpBznhnx43ZB3TpiRVzEBYSfX7Zl3Y8aHkRw85L2qkIoaLs&_nc_zt=23&_nc_ht=scontent.fsgn2-4.fna&_nc_gid=bsOm2tLlRmxEij8gnlT94w&oh=00_AfEWA87riK91YwDSOiYtkVLPgd3yU6Wj11SJStI-JI-Aug&oe=68161FC2"
    },
    {
        "caption": "Công an tỉnh Vĩnh Phúc treo 'thưởng nóng' cho ai cung cấp thông tin giá trị về Trần Văn Luyện, 42 tuổi, nghi phạm sát hại người phụ nữ 33 tuổi, ở thị trấn Thổ Tang, huyện Vĩnh Tường.",
        "image": "https://scontent.fsgn2-9.fna.fbcdn.net/v/t39.30808-6/493761993_1100244805470863_7946673895412958032_n.jpg?stp=dst-jpg_s720x720_tt6&_nc_cat=106&ccb=1-7&_nc_sid=127cfc&_nc_eui2=AeG58los3RuY-0T0GVScY0WLdEjpj3nGzSd0SOmPecbNJ0hbhjmO57j0ROlnYdX8SU1ZKUYYcmPKrsfWiG5CCsVN&_nc_ohc=uWKM31IlS6EQ7kNvwFKLGl_&_nc_oc=AdlvqZmPPQRk5CAO6sBNK63eFuQZxbPhsargxDd1_Yx5ZN2VAeMJaWESlq-whKFhcQKu0Po1wqc2ITEWYxSi45D4&_nc_zt=23&_nc_ht=scontent.fsgn2-9.fna&_nc_gid=q_IIChto2HWzM8UDk97Jvg&oh=00_AfGJoaVx8rQ1zog0o-ZftHFbaD-uF0nkt2GI6ZUyAsH6eQ&oe=681621DA"
    },
    {
        "caption": "Hiện nay, nhiều phụ nữ trẻ phải đối mặt với các bệnh lý ảnh hưởng trực tiếp đến khả năng sinh sản như u nang buồng trứng, lạc nội mạc tử cung hay K. Quá trình điều trị những bệnh này có thể làm suy giảm dự trữ buồng trứng hoặc đòi hỏi can thiệp xâm lấn, khiến hành trình làm mẹ trở nên thách thức. Bên cạnh yếu tố bệnh lý, xu hướng trì hoãn sinh con do áp lực học tập, phát triển sự nghiệp và các điều kiện xã hội cũng ngày càng phổ biến. \n\nTrong bối cảnh đó, trữ đông trứng đang trở thành một giải pháp “cứu cánh” cho phái nữ chủ động bảo tồn khả năng sinh sản. Đây là phương pháp dự phòng hiệu quả, cho phép phụ nữ lưu giữ trứng ở thời điểm chất lượng tốt nhất - khi còn trẻ và buồng trứng hoạt động ổn định - để sử dụng trong tương lai, khi sẵn sàng mang thai.\n\nQuy trình trữ đông trứng tại BVĐK Tâm Anh được kiểm soát chặt chẽ ở tất cả các khâu - từ thăm khám, phác đồ điều trị, chọc hút noãn, đến trữ và bảo quản trong môi trường nitơ lỏng ở -196°C. Hệ thống nhận diện sinh trắc học và quy trình bảo quản kép đảm bảo tuyệt đối an toàn sinh học, loại bỏ nguy cơ nhầm lẫn và thất thoát mẫu. Mỗi khách hàng được xây dựng phác đồ kích trứng cá nhân hóa, đồng hành 1:1 cùng chuyên gia giàu kinh nghiệm.\n\nVới chi phí hợp lý, chỉ từ 30 triệu đồng cho một chu kỳ, trữ đông trứng tại BVĐK Tâm Anh đang trở thành lựa chọn đáng tin cậy cho những người muốn chủ động bảo tồn thiên chức làm mẹ và chuẩn bị hành trang cho hành trình đón con yêu khỏe mạnh trong tương lai.\n\n#bvta #tamanh_hn #ho_tro_sinh_san #dich_vu #ADS\n\n*Nguồn: Bệnh viện Đa khoa Tâm Anh",
        "image": "https://scontent.fsgn2-7.fna.fbcdn.net/v/t39.30808-6/493841932_1099872445508099_4857662979087556993_n.jpg?stp=dst-jpg_s480x480_tt6&_nc_cat=100&ccb=1-7&_nc_sid=127cfc&_nc_eui2=AeGRpWiwd7mfFxkiKn-zCJxOMYjc9W3odxwxiNz1beh3HKP-eUjHu8H3u52IhLDmUb6pn8ldg65cSqZUK-KcFiy5&_nc_ohc=hgY5UVmLrzYQ7kNvwGFk4kG&_nc_oc=Adn3291sjxZEgAJWVbMXK8P1mGAivpJQ0SLthp99ux5-34AHIgthxi59wPSc2keJwashAEO00UnPAkxhvK3J1g3K&_nc_zt=23&_nc_ht=scontent.fsgn2-7.fna&_nc_gid=q_IIChto2HWzM8UDk97Jvg&oh=00_AfFloKEap_Du5tqcvX8YCtF43IQM9HmyJWrnc_Y2UF3JbQ&oe=681635FB"
    },
    {
        "caption": "Hans, du khách đến từ Đức, viết trong cuốn sổ: \"Những đau thương và tàn khốc này sẽ mãi là một phần của thế giới, nơi mà hòa bình dường như vẫn còn xa vời. Chúng tôi rất xúc động, như được sống lại trong lịch sử, cảm nhận rõ sự bất công và nỗi đau. Liệu hòa bình có phải chỉ là một giấc mơ? Việt Nam thật ấn tượng''.\n#VnExpress",
        "image": "https://scontent.fsgn2-9.fna.fbcdn.net/v/t39.30808-6/493911924_1100115392150471_310407628309999240_n.jpg?stp=dst-jpg_s480x480_tt6&_nc_cat=106&ccb=1-7&_nc_sid=127cfc&_nc_eui2=AeFAjXL6XM7LLDgFAHHogfAfvcpgOWvk-Cu9ymA5a-T4K4qsnjk1BCPSUdxjCrm4GBUAe8y6Wk1uio62fjwjDk40&_nc_ohc=77QaDBgHt-4Q7kNvwFHolt8&_nc_oc=Adl-clXKrMGX0PyBdsnP6DfrkIhds1GWwc5bVgWXlc5t-JtXqHLELtlrMKwt4c733DaifRf9F_3njAmSne0x_O3f&_nc_zt=23&_nc_ht=scontent.fsgn2-9.fna&_nc_gid=HsvrdT3iXgRHrV3FnbNllg&oh=00_AfG4KhJqKQSnVh4-bHYJFctezUy_4RM6SukESEFR91STFg&oe=681638BC"
    },
    {
        "caption": "Đoạn clip quay cảnh bà Phạm Thị Oanh cõng người mẹ mái tóc bạc phơ lúc 2h sáng 27/4 đi xem tổng duyệt diễu binh mừng 50 năm đất nước thống nhất, thu hút hàng triệu lượt xem, được chia sẻ khắp các diễn đàn mạng xã hội.\n#VnExpress",
        "image": "https://scontent.fsgn2-8.fna.fbcdn.net/v/t39.30808-6/493775272_1100165948812082_7543659215477509808_n.jpg?stp=dst-jpg_p480x480_tt6&_nc_cat=102&ccb=1-7&_nc_sid=127cfc&_nc_eui2=AeENm6NEE3gd_hTIPi1QiyulqVDRagsOgo2pUNFqCw6CjXppbh9Ok8TyJ_WoXPg29_b6S-MUCKGvZtgPzCul8Aem&_nc_ohc=fK5x3ENjgnMQ7kNvwHl6Pn6&_nc_oc=AdncVYM6CIr5ylobFnuoomYHOgqmMMwSoE6iGsUhZsMHuBFBJESHdaMtf16IKpHFs_OFkj6BJUuL307LLdhAP5kv&_nc_zt=23&_nc_ht=scontent.fsgn2-8.fna&_nc_gid=HsvrdT3iXgRHrV3FnbNllg&oh=00_AfGvjJKb2MEecSTAPcO6tr2eDaiABeJxo-z4ALzEJp-bDQ&oe=68163284"
    },
    {
        "caption": "Bãi thử hạt nhân Semipalatinsk từng hứng chịu 456 vụ thử hạt nhân dưới thời Liên Xô với nhiều tác động còn tồn tại tới ngày nay.",
        "image": "https://scontent.fsgn2-4.fna.fbcdn.net/v/t39.30808-6/494053713_1100110298817647_6612318689942221566_n.jpg?stp=dst-jpg_s480x480_tt6&_nc_cat=101&ccb=1-7&_nc_sid=127cfc&_nc_eui2=AeGSWOuElp82ExJmTN2aZ4JSJupHygPJUNcm6kfKA8lQ136uHsKIQS-d2bt0IaLTZOKyxoBieQX0kdLewFL1IK_2&_nc_ohc=OPfr0zAYyOwQ7kNvwFauEid&_nc_oc=AdnwHzM-CfDv73q3s0y9B_50rUL7EMbg_1fFZYfK4Zkaq3d7VkFYSIz8xai5DjAdNiz1rjW-uNEolFgPu3ABPlKe&_nc_zt=23&_nc_ht=scontent.fsgn2-4.fna&_nc_gid=HsvrdT3iXgRHrV3FnbNllg&oh=00_AfFh6vzYbTGq1rUFL-CIzNPyV_m80VP7IHJ6meNgNunYNA&oe=681638CF"
    },
    {
        "caption": "🏃‍♂️ Chạy bộ đúng cách, tránh xa chấn thương\n\nNhiều người chạy bộ phải tạm ngưng luyện tập vì viêm gân, đau khớp, lật cổ chân... Nguyên nhân chính là do thiếu kiến thức nền tảng về luyện tập và phục hồi.\n\nKhóa học \"Chạy bộ không chấn thương\" trên eBox giúp bạn:\n✅ Hiểu rõ cơ chế gây chấn thương phổ biến\n✅ Tự xây dựng giáo án phù hợp thể trạng\n✅ Nắm vững kỹ thuật khởi động và hồi phục chuẩn\n\nĐặc biệt, đồng hành cùng chương trình là STARBALM® – thương hiệu đến từ châu Âu, với hai liệu pháp chuyên biệt:\n🔥 Liệu pháp Nóng – kích hoạt cơ bắp trước vận động\n❄️ Liệu pháp Lạnh – hỗ trợ phục hồi sau khi chạy\n\n👉 Đăng ký khóa học ngay hôm nay để vừa chạy tốt, vừa hạn chế chấn thương: https://ebox.com.vn/detail-econference/chay-bo-khong-chan-thuong-76.html?utm_source=vnexpress&utm_medium=social&utm_campaign=starbalm_03&utm_content=starbalm_03_post_social1_2304\n\n#eBox #ChạyBộKhôngChấnThương #STARBALM #ADS",
        "image": "https://scontent.fsgn2-3.fna.fbcdn.net/v/t39.30808-6/493926313_1100095285485815_1583572286965793311_n.jpg?stp=dst-jpg_s720x720_tt6&_nc_cat=107&ccb=1-7&_nc_sid=127cfc&_nc_eui2=AeGbi6ZPUUJJ2mudFMzWGo70OuS4LwJeiLQ65LgvAl6ItDSjJPKB0cDuE1ZbkaZ3rtiIL_frj6kv6d-mSQEtmCl2&_nc_ohc=h5sEFa3scs8Q7kNvwGNKAhZ&_nc_oc=AdmNzTsgHcD83T7wf5uJSxHTECQeoKzX18-DkiRkEufCVI6SkmI_Tc3lr_7XoFup8QFt19u9tIlGyNexpZTQEMde&_nc_zt=23&_nc_ht=scontent.fsgn2-3.fna&_nc_gid=zEViEvGFrvuo2yf-P3sxKg&oh=00_AfEiGbeAfHyFLD7u7IRT4NXS7fPr9D_q5mpEwmeEIS1Q3g&oe=68161B7F"
    },
    {
        "caption": "Trên đà phát triển, Đồng Tâm tính chuyện vươn ra miền Trung. Ông Thắng được lãnh đạo tỉnh Quảng Nam mời gọi tham quan khu công nghiệp Điện Nam - Điện Ngọc vừa có giấy phép thành lập cuối năm 1996. Thời đó, nơi đây là vùng đất hoang hoá, \"ruồi muỗi vây kín chén cơm\" nên không nhiều người dám đầu tư. Nhưng nhìn thấy cơ hội để chiếm thị phần cả khu vực này, ông Thắng vay mượn khắp nơi gần 20 triệu USD (tương đương 270 tỷ đồng thời đó) xây nhà máy thứ ba.\n\n\"Góp hết tiền làm dự án nên gia đình tôi không có một chỗ đi về đúng nghĩa. Bạn bè muốn tới thăm nhưng mình phải nói khi ở quận 3 hoặc lúc thì sửa nhà dưới Bình Chánh, chứ thực tế lúc đó sống trong một căn phòng nhỏ ở quận 6\", ông Thắng nhớ lại.\n\nĐể chạy đua tiến độ, người đứng đầu Đồng Tâm miệt mài từ sáng đến đêm ở Quảng Nam, ngày ngày lót dạ bằng bữa cơm bụi. Lúc nào mệt, ông cho biết chỉ chợp mắt tại chỗ, khi tỉnh táo lại bật dậy làm tiếp. Quyết định đầu tư năm 1999 và chỉ mất đúng một năm, nhà máy chính thức cắt băng khánh thành vào cuối tháng 10/2000.\n\nĐúng như tính toán của ông Thắng, nhà máy này giúp Đồng Tâm nhanh chóng dẫn đầu thị phần gạch bông ở miền Trung và bắc cầu cho công ty tiến ra phía Bắc. Đại lý phân phối tăng dần đều, còn đơn đặt hàng nhảy vọt theo cấp số nhân.\n#VnExpress",
        "image": "https://scontent.fsgn2-11.fna.fbcdn.net/v/t39.30808-6/494133458_1099932495502094_3772292366034098796_n.jpg?stp=dst-jpg_s480x480_tt6&_nc_cat=105&ccb=1-7&_nc_sid=127cfc&_nc_eui2=AeGbJe2azvivKkGwI8pkKH5fqS0ucMxpH3GpLS5wzGkfcYDn5ruIXhOQrRUA3owplvVYyilp031cfMBr2N9IJ3Al&_nc_ohc=VCJxgjfHKH0Q7kNvwH9wUkd&_nc_oc=Adm_JbcGLYM5ZLAOYzlASA_jIDLpCbzjYIANOvC2bqQCwC_ovQocmVnQ0t2j8CE4Qrn0cEHNlsgJS-fx7N3m1OsD&_nc_zt=23&_nc_ht=scontent.fsgn2-11.fna&_nc_gid=J21MU7qlbYSWWegsSXRFtg&oh=00_AfGEMCBIZe8Y5hybXq0B0nKypU_k9LeEM-FC-HCBcVhcJg&oe=6816188D"
    },
    {
        "caption": "Sáng 28/4, bác sĩ Vương Trường Thái, Giám đốc Trung tâm Y tế huyện Thanh Ba, Phú Thọ, xác nhận đơn vị vừa xảy ra vụ việc trên. Hiện nơi này đã gửi tài liệu, kiến nghị lên cơ quan chức năng.",
        "image": "https://scontent.fsgn2-8.fna.fbcdn.net/v/t39.30808-6/493903843_1099952765500067_4798579573152540056_n.jpg?stp=dst-jpg_s480x480_tt6&_nc_cat=102&ccb=1-7&_nc_sid=127cfc&_nc_eui2=AeFuLpCdBDlR7b1whyLw5Y36pyccruTUnPKnJxyu5NSc8r5qpGtOItN1mF8KVPUQph29XqVTozkn2ls6x_0NM2lG&_nc_ohc=D64VdVpuKU8Q7kNvwEMjlId&_nc_oc=AdmNu9h-Gznfd3e67CaY5BEa5BVRyuFnbERphZR36JRpZKhsQ4VAiWC3YEAlVGQ53jXPSdxHqHJclA0RVNrovao0&_nc_zt=23&_nc_ht=scontent.fsgn2-8.fna&_nc_gid=J21MU7qlbYSWWegsSXRFtg&oh=00_AfFvjgl0cxDIk__tkiRAqUJEmqM2l1SF-ZDZG_d_E_NxVA&oe=6816431D"
    },
    {
        "caption": "\"LÚC ĐI GẠCH MẪU CHẤT PHÍA TRƯỚC, LÚC VỀ TIỀN ĐẶT CỌC BỎ ĐẦY CỐP XE\"\n\nNăm 1986, TP HCM bật đèn xanh cho những sáng kiến \"xé rào\", kêu gọi tinh thần dám nghĩ, dám làm, dám chịu trách nhiệm để từng bước thoát khỏi cách suy nghĩ, làm ăn kiểu cũ. Ông Võ Quốc Thắng (hiện là Chủ tịch Hội đồng quản trị Công ty Cổ phần Đồng Tâm), khi ấy 19 tuổi, bàn với gia đình mở cửa trở lại.\n\nGọi là trở lại nhưng mọi thứ đều bắt đầu từ con số 0, trừ thương hiệu Đồng Tâm. Vợ chồng \"ông Ba Đồng Tâm\" hết đưa vàng rồi bán lúa đợt này đến đợt khác cho các con mở rộng nhà xưởng, máy móc. Ông Thắng cùng anh chị em vừa làm quản lý, vừa xắn tay vào sản xuất kiêm cả tiếp thị và bán hàng. Nghe bạn bè báo tin nơi nào sắp có công trình xây dựng, ông đạp xe đến hỏi thăm chào hàng.\n\n\"Khi chính sách Đổi mới ra đời, tôi tự tin Nhà nước sẽ tạo điều kiện hết mức để doanh nghiệp chỉ mở thêm chứ không bao giờ đóng lại. Cứ có một đồng tôi và anh chị em lại vay thêm 2 đồng để mua sắm máy móc, mở rộng nhà xưởng. Má tôi lo cho các con nên dặn đi dặn lại, làm cũng phải để dành, nhỡ có chuyện\", ông Thắng kể.\n\nNhu cầu xây dựng công trình sau Đổi mới ở thành phố và các địa phương lân cận nhiều vô kể. Kinh doanh không bao lâu, ông Thắng từ xe đạp \"lên đời\" Honda, sau đó là chiếc Vespa trị giá hơn 2 cây vàng, để chạy khắp nơi chào hàng. Có những chuyến ra Vũng Tàu, lúc đi gạch mẫu chất phía trước, lúc về tiền đặt cọc bỏ đầy cốp xe.\n#VnExpress",
        "image": "https://scontent.fsgn2-10.fna.fbcdn.net/v/t39.30808-6/493572892_1099882945507049_6531637962139160841_n.jpg?stp=dst-jpg_s480x480_tt6&_nc_cat=109&ccb=1-7&_nc_sid=127cfc&_nc_eui2=AeGxpjz1pN9-rL7DEliklz_tiQLyuqCGUZ-JAvK6oIZRn-tqx7Fj7ThFmnQATPu7L3qdHAaW7FLRFNs6REqPkPmI&_nc_ohc=G9ppabN2yuUQ7kNvwHc43AT&_nc_oc=AdljQK3k5kfxUXJzIXVlqlcFDao0G8ZrPepl-_Ol7ynVen9i1ZkNBoLs4xG1URN02kg7DrKE64G2sham2lfvqjHu&_nc_zt=23&_nc_ht=scontent.fsgn2-10.fna&_nc_gid=yRzXavya_jszKvfq45K_ug&oh=00_AfGuz4mzkEoKCJQAMo7cm2QW9QeBZpyKyyO1kq5mEXu1dA&oe=681610A6"
    },
    {
        "caption": "Đầu năm 1963, khi đồng ruộng ở vùng quê Cần Giuộc (Long An) bị bom đạn cày xới tan hoang, vợ chồng ông Võ Thành Lân dắt các con lên Sài Gòn tìm kế mưu sinh. Sau 6 năm mua bán và tích luỹ ở đất Sài Gòn, ông mở xưởng và theo nghề sản xuất gạch bông.\n\nLúc mới thành lập, nhân công trong xưởng của ông Lân đều là đồng hương lên Sài Gòn lánh nạn. Thời buổi loạn lạc nên từ chủ xưởng đến nhân công vừa làm vừa canh chừng binh biến. Mỗi khi nghe tiếng \"véo\" của súng đạn vút qua, mọi người lại bỏ dở việc, nhanh chân tìm chỗ trú ẩn.\n\nCuối tháng 6/1969, Bộ Tài chánh mới cấp thẻ môn bài, chính thức mở ra lịch sử thương hiệu Đồng Tâm. Tấm thẻ vẫn được ông Võ Quốc Thắng - con trai thứ 8 trong gia đình và hiện là Chủ tịch HĐQT của Công ty cổ phần Đồng Tâm - cất giữ như kỷ vật vô giá.\n\n\"Ba tôi trăn trở, suy nghĩ nhiều lắm mới ra tên Đồng Tâm. Ông quan niệm một người dù làm bất cứ điều gì thì cũng không thể thiếu sự đoàn kết, đồng lòng, đồng tâm của tất cả mọi người\", ông Thắng nói.\n#VnExpress",
        "image": "https://scontent.fsgn2-10.fna.fbcdn.net/v/t39.30808-6/493943216_1099864825508861_6436694141952534582_n.jpg?stp=dst-jpg_s480x480_tt6&_nc_cat=109&ccb=1-7&_nc_sid=127cfc&_nc_eui2=AeExjevPtLGbruH_nUBYH8EneXuzDWKdVkd5e7MNYp1WR42B3YAvUcIq7C9Ze-GO0arWLCA4qsF7Bz_o398inU5_&_nc_ohc=cwvfhs9WKXEQ7kNvwGR1DIo&_nc_oc=Adn9Ux6Xksoiu6R5P6z-Qpfhf-8Ky_gYccwzHqBfiNXY-gdEwShu-HYnp1rabjjVCQD_onziv2j0avUG9N7phbvZ&_nc_zt=23&_nc_ht=scontent.fsgn2-10.fna&_nc_gid=yRzXavya_jszKvfq45K_ug&oh=00_AfGovFDULHXykF3E4Tz_QQ3WKfTnDZff4fLXeedzvABJMA&oe=68163F2B"
    },
    {
        "caption": "Đoàn Quân đội Nhân dân Việt Nam trong buổi hợp luyện tại thao trường Alabino ngày 27/4. \n\nẢnh: QĐND\n#VnExpress",
        "image": "https://scontent.fsgn2-9.fna.fbcdn.net/v/t39.30808-6/493760337_1099448722217138_349111016241368272_n.jpg?stp=dst-jpg_p480x480_tt6&_nc_cat=106&ccb=1-7&_nc_sid=833d8c&_nc_eui2=AeHmRoIrTn8wD6Yf4Xjr7-_7eSS8jZY5ddR5JLyNljl11PUtCCSH2GZOENBGJ3GskSrxjweMjFSPHFuxCbkp7HH7&_nc_ohc=hObedDkvcnAQ7kNvwEakVMp&_nc_oc=AdkQemQKE4DaRQcHEpkVmcx0YjKbJIrDNZXtcT6ane_pMYQV7BOF-XSvXAeUEMGeRYgfg5gJZw3tnw7kwiKGJ5ro&_nc_zt=23&_nc_ht=scontent.fsgn2-9.fna&_nc_gid=nKL-rQ13d0UrKaDjvYZPHQ&oh=00_AfGqIOzB9a-EaWF-6_iB2rIOMleVnM7C492A7uETgHrTqQ&oe=68162F1C"
    },
    {
        "caption": "Du khách sử dụng dịch vụ được yêu cầu mặc đồ tù nhân, hạn chế giao tiếp và lưu trú trong căn phòng chỉ rộng 5 m2.\n\nKhông có spa, không ẩm thực sang trọng, khách sạn mang đến cho du khách trải nghiệm sống như một phạm nhân thực thụ.\n#VnExpress",
        "image": "https://scontent.fsgn2-10.fna.fbcdn.net/v/t39.30808-6/494150439_1099313228897354_3587443898792592000_n.jpg?stp=dst-jpg_s480x480_tt6&_nc_cat=109&ccb=1-7&_nc_sid=127cfc&_nc_eui2=AeHdlqHY2NP5DtNllhh39AiqnpOLaAllRZyek4toCWVFnAr_1rKcgEPWj0PuEhXy2MChsfaBXO5lJhQOgOkUjSQr&_nc_ohc=okPCOmVp9u4Q7kNvwG2tKxZ&_nc_oc=AdmwBCsjpiCIzsN4sP0TqMj4jNd_lE9QfSOFAKOlXcOQoOZHu-Qa3kp6esq81IubZcAJfYIu5FMbE9BxpHI4rmTB&_nc_zt=23&_nc_ht=scontent.fsgn2-10.fna&_nc_gid=oJY7MBjMD4ZeN8lJiellQw&oh=00_AfHkzgCWfIMyQfAXCzVmJGNSgdJhjE6Cas3w8M8JilgioA&oe=68162109"
    },
    {
        "caption": "TikToker triệu view Lê Tuấn Khang nói không biết diễn nên đem tính cách ngoài đời vào vai tài xế xe ôm trong \"Lật mặt 8\".\n#VnExpress",
        "image": "https://scontent.fsgn2-9.fna.fbcdn.net/v/t39.30808-6/493969293_1099308138897863_814278802155409888_n.jpg?stp=dst-jpg_s480x480_tt6&_nc_cat=103&ccb=1-7&_nc_sid=127cfc&_nc_eui2=AeG1xHpFR0i55XgCQIkz-JwzK1oc03r78x8rWhzTevvzHwEli6it15RUxi11pySYjkFFUer2IeOtDAiVEzxjd8M9&_nc_ohc=mpP8D19BmLgQ7kNvwFRe03N&_nc_oc=AdnnEOmpyZ3ClaJtkp1CCHUj2sT0cljQdYCKYYgsqA4Ufj91wUZKX60xVVmIHsQ75VzZdstJaunLPsBm_rGuYY81&_nc_zt=23&_nc_ht=scontent.fsgn2-9.fna&_nc_gid=M5JZJXVgOymCTRXfXiPqFA&oh=00_AfFa4D70awDdQas8Pk512kim-rIwpAyr-CcEz07h3nKRxg&oe=681611BB"
    },
    {
        "caption": "Từ Nhật trở về trong đại dịch, Phong không ngờ vườn rau quê nhà lại mở ra bước ngoặt khiến anh bén duyên với đồng ruộng và kiếm tiền tỷ mỗi năm.\n\nBố mẹ Phong, từng dành nhiều tâm huyết và chi phí để anh theo đuổi giấc mơ Nhật Bản, nhưng cũng không hề phản đối khi thấy con trai nghiêm túc với nông nghiệp. Trái lại, mẹ Phong động viên: \"Làm gì cũng được, miễn là con thấy vui và sống đàng hoàng\". Từ sự ủng hộ đó, Phong bắt đầu hoạch định một lối đi mới cho bản thân.\n#VnExpress",
        "image": "https://scontent.fsgn2-7.fna.fbcdn.net/v/t39.30808-6/494009357_1099302475565096_6161498098389596502_n.jpg?stp=dst-jpg_s480x480_tt6&_nc_cat=100&ccb=1-7&_nc_sid=127cfc&_nc_eui2=AeGNnq6POPruf8E7pN-Cbpvhp9Jd85CZ_Fen0l3zkJn8VxjWKWrB7fLyVYcz0QI3gh06QDQ-3VDnejeCG9ZN9Agj&_nc_ohc=lig3KcYFZL8Q7kNvwHzlsiM&_nc_oc=Adku6YpFFVcakZqSwwGp7zkvnx5mTnltwBoJN_Qgwwh1E8gIQ882xJzNmI3B5Dqa9JFIh0uCwYM-BqFBxVlrhfnB&_nc_zt=23&_nc_ht=scontent.fsgn2-7.fna&_nc_gid=M5JZJXVgOymCTRXfXiPqFA&oh=00_AfGUKcZTinbjS424AE45FPRSF6-FV87ebfEKCGhinsS1Ug&oe=68160C1F"
    },
    {
        "caption": "Từng đỗ ngành Y khoa của một đại học ở TP HCM, Hoàng Anh không học mà chuyển hướng sang AI của Đại học RMIT, tốt nghiệp thủ khoa với điểm tuyệt đối sau 4 năm.\n#VnExpress",
        "image": "https://scontent.fsgn2-7.fna.fbcdn.net/v/t39.30808-6/493913638_1099235272238483_1268980662925390091_n.jpg?stp=dst-jpg_p480x480_tt6&_nc_cat=100&ccb=1-7&_nc_sid=127cfc&_nc_eui2=AeFX57Pcgned7IL0yaKaecBMpzxTMpXiXWanPFMyleJdZtjypMXhPDNeW4NTiUgBeB2WEyvXjvpQkAFOJfvQxjtU&_nc_ohc=f8ik54J9Rt0Q7kNvwFjbn8R&_nc_oc=AdnuDn5CL2W4HQF7MsNuJGSvgvJVed7T5rtyCkpucNXY3Ninkek06fXtm0OY6Ih3z4S4ePvKoDMwtYbmYf1yvfF_&_nc_zt=23&_nc_ht=scontent.fsgn2-7.fna&_nc_gid=M5JZJXVgOymCTRXfXiPqFA&oh=00_AfEl2ZPdFGgNGihkjkhRwWN8Fh_0zVfd77DseVPxasC8iw&oe=681625D6"
    },
    {
        "caption": "Tổng Bí thư chia sẻ, những năm qua, trong các chuyến công tác tới hầu khắp các châu lục, ông đã có nhiều dịp gặp gỡ hàng nghìn đồng bào Việt Nam đang sinh sống ở nước ngoài, từ những trí thức trẻ lập nghiệp tại châu Âu, châu Mỹ, châu Á, châu Đại Dương đến những doanh nhân thành đạt, nghệ sĩ nổi tiếng, người lao động bình dị ở các \"miền đất mới\", kể cả nhiều người thuộc \"phía bên kia\" trước đây. Mỗi cuộc gặp đều để lại trong ông một ấn tượng sâu sắc, dù có thể khác biệt về quan điểm chính trị, trải nghiệm lịch sử hay điều kiện sống, họ đều mang trong lòng niềm tự hào dân tộc, đều là \"con dân đất Việt\" và nỗi nhớ quê hương.\n\nÔng từng chứng kiến nhiều cuộc gặp gỡ đầy cảm động giữa các cựu chiến binh Việt Nam và cựu binh Mỹ - những người từng đứng ở hai bên chiến tuyến, từng cầm súng đối đầu, nay có thể bắt tay, trò chuyện, chia sẻ với nhau bằng sự thấu hiểu chân thành và không còn mặc cảm. Ngày hôm nay, Việt Nam và Mỹ - từ cựu thù - đã trở thành đối tác chiến lược toàn diện.\n\n\"Vậy thì không có lý do gì để những người Việt Nam cùng chung huyết thống, cùng một mẹ Âu Cơ, luôn đau đáu về một đất nước thống nhất, phồn vinh, lại còn mang mãi trong lòng nỗi hận thù, chia rẽ và ngăn cách\", Tổng Bí thư nhấn mạnh.\n\nTheo người đứng đầu Đảng, hòa hợp dân tộc không có nghĩa là quên lãng lịch sử hay xóa nhòa sự khác biệt, mà là chấp nhận những góc nhìn khác nhau trong tinh thần bao dung và tôn trọng, để cùng hướng tới mục tiêu lớn hơn là xây dựng nước Việt Nam hòa bình, thống nhất, hùng mạnh, văn minh, thịnh vượng, để các thế hệ mai sau không bao giờ phải chứng kiến chiến tranh, chia ly và hận thù, mất mát như cha ông từng đối mặt.\n\nTổng Bí thư tin tưởng rằng, mọi người con đất Việt, dù sinh sống ở đâu, dù quá khứ thế nào, đều có thể đồng hành, chung sức, góp phần xây dựng một tương lai tươi sáng cho dân tộc. Đảng và Nhà nước luôn nhất quán mở rộng vòng tay, trân trọng mọi đóng góp, lắng nghe mọi tiếng nói xây dựng, đoàn kết từ cộng đồng người Việt ở nước ngoài, những người đang góp phần kết nối Việt Nam với thế giới.\n#VnExpress",
        "image": "https://scontent.fsgn2-8.fna.fbcdn.net/v/t39.30808-6/493747643_1099220002240010_7045532333095342397_n.jpg?stp=dst-jpg_s480x480_tt6&_nc_cat=102&ccb=1-7&_nc_sid=127cfc&_nc_eui2=AeG0ZA9ssQ9m3led6rSIctuFGF5jhrFQ_zgYXmOGsVD_OIhV46StNMuVvPWGkMovzgvzx2dADQhaJuuqAK_LRukh&_nc_ohc=riLlv7N47boQ7kNvwHHgm_r&_nc_oc=AdkcO3mFyW3UpXDUg5MKZq7ZqLb1c848cFIOTU843S1a85xiSS6n_IjlF5eQYvX6m2AOmkr24iN_Ljl5eQqDFyUk&_nc_zt=23&_nc_ht=scontent.fsgn2-8.fna&_nc_gid=-4-U4RUZMRL7PubdKLRUow&oh=00_AfHMlQKYExWH3_KKlqcLsPJX0WlX6cFBgFDKNRHmE2_Agw&oe=68161A2E"
    },
    {
        "caption": "Vatican công bố một số hình ảnh trong lễ an táng Giáo hoàng Francis tại Vương cung Thánh đường Đức Bà Cả, sau thánh lễ ở Quảng trường Thánh Peter.",
        "image": "https://scontent.fsgn2-9.fna.fbcdn.net/v/t39.30808-6/494011945_1099133148915362_5081260556569488580_n.jpg?stp=dst-jpg_s480x480_tt6&_nc_cat=106&ccb=1-7&_nc_sid=127cfc&_nc_eui2=AeF8grED5loXyKZVC5AHRFXzUECkwPhcwlxQQKTA-FzCXLa_FsrqSfUJncyJg488zwrAGuHA3kAK1OgKAf_SdQAE&_nc_ohc=mLnLCYX7gW0Q7kNvwEDBfGp&_nc_oc=AdkGxGCvPbTv2ppYno1OjCeZnIonc00ewiaqKSM5gfHsh3Kfp19_KIQjIWdej1l5n0LSVnhDGUwC2qLtvCRcDTy7&_nc_zt=23&_nc_ht=scontent.fsgn2-9.fna&_nc_gid=-4-U4RUZMRL7PubdKLRUow&oh=00_AfEAGVfuoPnR-0zFx1gcy01qdElh0YToHpKyIvO54iiVvA&oe=68163085"
    },
    {
        "caption": "ĐÂY LÀ THỰC PHẨM CHỨC NĂNG GIẢ, ĐỐI TƯỢNG KHÁCH HÀNG NHẮM TỚI LÀ NGƯỜI GIÀ, TRẺ EM\n\nCảnh sát thu giữ khoảng 100 tấn thực phẩm chức năng giả do Nguyễn Đăng Mạnh, Chủ tịch HĐQT Công ty MediUSA, cùng đồng phạm thu mua.\n\nThủ đoạn làm giả của nhóm này là mua nguyên liệu trôi nổi, hoặc của Trung Quốc, rồi gắn nhãn mác sản phẩm là nhập khẩu từ Mỹ, châu Âu. Nhiều thành phần hàng hóa chỉ đạt dưới 30% so với công bố.\n#VnExpress",
        "image": "https://scontent.fsgn2-7.fna.fbcdn.net/v/t39.30808-6/493700972_1099092638919413_5408345150528706151_n.jpg?stp=dst-jpg_p480x480_tt6&_nc_cat=100&ccb=1-7&_nc_sid=833d8c&_nc_eui2=AeE9eX6nAVMduFRfhFB8ROdk8lbwBnobl4DyVvAGehuXgD0Ap92sM0zHjypgEkkTHFGfTkJFDaZ-j0oEFwr_rf7O&_nc_ohc=NIDY4rCGyWUQ7kNvwFV18_m&_nc_oc=Adnay-IN5pFPg6YsMjAWR6XbdHnxIbbMpwZ3F_YZkcwxiXpMidh8o05PEJRf0yPPV78p2VRWQBJQwvDAQktGXUlj&_nc_zt=23&_nc_ht=scontent.fsgn2-7.fna&_nc_gid=-4-U4RUZMRL7PubdKLRUow&oh=00_AfEKMsVhdP64h-fdfCNqWx1xTvEEemOkOzk-Iavt8eorxQ&oe=681621AC"
    },
    {
        "caption": "Đường băng sân bay Long Thành chính thức sáng đèn, chuẩn bị bay hiệu chuẩn trước ngày 30/4.",
        "image": "https://scontent.fsgn2-8.fna.fbcdn.net/v/t39.30808-6/494077171_1098940438934633_8378154934788226014_n.jpg?stp=dst-jpg_s480x480_tt6&_nc_cat=102&ccb=1-7&_nc_sid=127cfc&_nc_eui2=AeE-BPa0O_VpGz9iFRCkmXt1EO_k3ayRgYwQ7-TdrJGBjK8-2MWUvznwTfVTjHI3Wa_swwmkKEb9AUh2TknF8HXV&_nc_ohc=I4tZJNX1s1QQ7kNvwEGei9E&_nc_oc=AdnXBs2DjglFlKvVpjpVyNDGo8tMzz_ql8otEhWUXjsmpAOybRGSUiNzhzJJJYF9OC5bMGj0aRxxVXnr-J-0EQWL&_nc_zt=23&_nc_ht=scontent.fsgn2-8.fna&_nc_gid=CcOEyzMutxz9ABNG0aqMYg&oh=00_AfHiGWqUDgNOakLb5_Sk4_e-L4NZXAUg7gbP5V0EJNHyng&oe=6816222A"
    },
    {
        "caption": "Chị Tho 42 tuổi ở Thanh Miện, Hải Dương nghe tiếng đạp phanh liên tục của tài xế khi đổ cua dốc Tam Đảo, đoạn qua xã Hồ Sơn, trước khi xe lộn vòng, lật ngang trên đường khiến 4 người chết.\n#VnExpress",
        "image": "https://scontent.fsgn2-6.fna.fbcdn.net/v/t39.30808-6/493331687_1098653822296628_8553907212304495359_n.jpg?stp=dst-jpg_s480x480_tt6&_nc_cat=111&ccb=1-7&_nc_sid=127cfc&_nc_eui2=AeF4j9BqvLLkf8zel7r85JOI12UhnpWcW1fXZSGelZxbV0uQHPkU3G4F-ENBgqYaNTqvfgN52OtolG1CelEorXFC&_nc_ohc=v_ZGkRIZP48Q7kNvwG0U4v6&_nc_oc=AdnMg-29ICiL9sBUKn-X8L2SH3DsIFA04k4rONNyX0Q_b8MMLM6pj2wSI3ldFvaSLmSDoQo_UnbIaVbqOzGum-wD&_nc_zt=23&_nc_ht=scontent.fsgn2-6.fna&_nc_gid=qMMAfwvCH5LftKy61fEgHg&oh=00_AfEYKSZ4iV-hkQIVN68Gx24UWEvxI4gtr7gdnVOy3Ecevw&oe=681620E1"
    },
    {
        "caption": "Ở vòng bảng, Long An từng dẫn Bắc Kinh 2-0 nhưng thua ngược 2-3. Tuy nhiên, kịch bản ấy đã không tái diễn ở cuộc tái ngộ tại nhà thi đấu Philsports hôm nay.\n#VnExpress",
        "image": "https://scontent.fsgn2-7.fna.fbcdn.net/v/t39.30808-6/494286788_1098602842301726_2918822850976749925_n.jpg?stp=dst-jpg_s480x480_tt6&_nc_cat=108&ccb=1-7&_nc_sid=127cfc&_nc_eui2=AeHJTISiHugtxg1OdtDHO2D3ycYSc1NemBTJxhJzU16YFDySlhB6Nj4A13zqSOulHkDDXBSad7BxXOYclGwJ_zce&_nc_ohc=engp3Y84FakQ7kNvwHVb6gd&_nc_oc=AdmbUoQubmNuTnqgnauG8f6SsXPomQOhnPr8H3Tw5yp0hyXRfCtmR_o90GLHJmFnpvzaeazZqNvy_On66KTXvz7Y&_nc_zt=23&_nc_ht=scontent.fsgn2-7.fna&_nc_gid=qMMAfwvCH5LftKy61fEgHg&oh=00_AfEJnh6aQLUSZ3jMnQ12hffhX1-9OJj1ESmEUyW6ZDuD9w&oe=68161E93"
    },
    {
        "caption": "Tổng thống Trump và Zelensky gặp nhau khi tới Vatican dự lễ tang Giáo hoàng, đánh dấu lần đầu họ tiếp xúc trực tiếp sau cuộc đấu khẩu tại Nhà Trắng.\n#VnExpress",
        "image": "https://scontent.fsgn2-9.fna.fbcdn.net/v/t39.30808-6/494155877_1098558168972860_6104753686285707013_n.jpg?stp=dst-jpg_s480x480_tt6&_nc_cat=103&ccb=1-7&_nc_sid=127cfc&_nc_eui2=AeHbkldwkWVsNsLSejMPDU0kqCXU1CN7N22oJdTUI3s3bSMn0C7jPLCCD8Kaut-Z2-DBrhSUziSVtIb1B1jI8EGe&_nc_ohc=szzUZ1mjLx0Q7kNvwEHLIjV&_nc_oc=Adn75lyIufcDnSLeZ6xMAyMd4tx7FFc8AsrHqjM7YH9oj0ufDKiTVRV7Xut0rYY8FL_lccVgKtW5uBG8TlxAHCRs&_nc_zt=23&_nc_ht=scontent.fsgn2-9.fna&_nc_gid=qMMAfwvCH5LftKy61fEgHg&oh=00_AfFVBMMUV5r2Ya4CBE64PfrFU-QVc2OBOm0PWo7e4gAcYQ&oe=68161C79"
    },
    {
        "caption": "Giáo hoàng Francis quyên góp 230.000 USD tiền túi để làm từ thiện, có thể chỉ còn 100 USD trong tài khoản trước khi qua đời.",
        "image": "https://scontent.fsgn2-7.fna.fbcdn.net/v/t39.30808-6/492914232_1098452068983470_7302906577127244538_n.jpg?stp=dst-jpg_s480x480_tt6&_nc_cat=108&ccb=1-7&_nc_sid=127cfc&_nc_eui2=AeEgScLhBS6WbbNSiU_C9IJxrfwUR5RNtKWt_BRHlE20pePCVx_Hroklh161ke5JYE5ucjuTsEkixJliNGweCOc-&_nc_ohc=QJMQcGc6XVIQ7kNvwFYljIL&_nc_oc=AdlRGFHfCj6Nn-KQLOLZsvSVmKumUYBlMmk3oJKBhy0UHdXZyIhyQPqEWgqwdlQBqWvaSpVuFxMrsdR4rTJBQlEX&_nc_zt=23&_nc_ht=scontent.fsgn2-7.fna&_nc_gid=ERktEzMMJcKpIAumqSbWkQ&oh=00_AfF9JxHVcBRFfOpC6nGbP8ejh1I9mMmQBuqqSxHvZAslAA&oe=68161A47"
    },
    {
        "caption": "Đi xem pháo hoa mọi người ơi, do dự, hết chỗ mất!!!\n#VnExpress",
        "image": "https://scontent.fsgn2-4.fna.fbcdn.net/v/t39.30808-6/493704956_1098505942311416_1153737655076772716_n.jpg?stp=dst-jpg_s720x720_tt6&_nc_cat=101&ccb=1-7&_nc_sid=127cfc&_nc_eui2=AeFZ5CPt8jNRLJxlMjsQZgBxXWiE-GDkTGJdaIT4YORMYh3zodrY_xfSAQ13ClgzOcdbORSya5tO5bx64pVKvVB7&_nc_ohc=m4G0gV3jhuMQ7kNvwFwVG0i&_nc_oc=AdkW3vqrJSlOtRjHtd2fJV8XeMLU66Mm4Eess762sivPwN36nXXDZl_3RhRGRrl4a045JFCBpjEhrBW_X67_yn-P&_nc_zt=23&_nc_ht=scontent.fsgn2-4.fna&_nc_gid=ERktEzMMJcKpIAumqSbWkQ&oh=00_AfHul7V2P9oC13XTQkyHXlV8n44Vbqj3OQsIRxyhN2og5Q&oe=681631DF"
    },
    {
        "caption": "Hai tàu chở hàng tông nhau trên sông Lòng Tàu đoạn qua xã An Thới Đông, huyện Cần Giờ khuya 25/4 khiến cả hai dính chặt nhau, hư hỏng nặng, gây tràn dầu.",
        "image": "https://scontent.fsgn2-3.fna.fbcdn.net/v/t39.30808-6/494044251_1098441158984561_1630305215624368782_n.jpg?stp=dst-jpg_p480x480_tt6&_nc_cat=107&ccb=1-7&_nc_sid=127cfc&_nc_eui2=AeG3rKYS5YKQ0hpqou1GVyzNtcTwCVZvdku1xPAJVm92S3UgJaetol3zpZRfak8Oj82vtbEWPIYAMJoO-SYarlFl&_nc_ohc=kpYi_njXYLwQ7kNvwG8wTBM&_nc_oc=AdlJ2IUvgzJwiO8qWFY3Drh2TotGwRSeT8TvKMGqd1388yj0niCI-YX_7vlbo9dPY5mopbxW3Da2IWTYg3Tko6aR&_nc_zt=23&_nc_ht=scontent.fsgn2-3.fna&_nc_gid=ERktEzMMJcKpIAumqSbWkQ&oh=00_AfEyHqQp6EL7wDZs_q3jmdOv-c_q2_fK6wmoJhDW9z7E-w&oe=68162719"
    },
    {
        "caption": "Đoạn đường Nguyễn Thị Định ở TP Thủ Đức được mở rộng lên 30 m, gấp ba lần hiện trạng với tổng vốn hơn 2.000 tỷ đồng giúp giảm ùn tắc khu đông thành phố.",
        "image": "https://scontent.fsgn2-7.fna.fbcdn.net/v/t39.30808-6/494177525_1098394022322608_1982235255451846865_n.jpg?stp=dst-jpg_p480x480_tt6&_nc_cat=108&ccb=1-7&_nc_sid=127cfc&_nc_eui2=AeH1aQAbs3ENX_WUDmaavqg45uYlNDZPxr_m5iU0Nk_Gv_H8ihm0LExKj-D-I-Ny4RqwpT0l3xdX2OO7clQ-lD05&_nc_ohc=LOXJ5S0Cnp0Q7kNvwGL8toA&_nc_oc=AdmuTVbL_mpR-sHSl9JZXU8bhSo4EsUb7sLudeUprbjv7b2vUWeYu170MPx6_rlxem8pq1xsXcZ1WvSG8ulnF3xC&_nc_zt=23&_nc_ht=scontent.fsgn2-7.fna&_nc_gid=IFRgINkaFVRwWjke_3_TQQ&oh=00_AfG45Xey6OuHOjUELCOZjWqzsB16VZVUZOz5_mBx4VWBLg&oe=6816377C"
    },
    {
        "caption": "TS Trần Tuấn Sang là người Việt duy nhất trong 10 nhà khoa học trẻ ở lĩnh vực Hóa học do Viện Hàn lâm khoa học Australia bình chọn năm nay.",
        "image": "https://scontent.fsgn2-9.fna.fbcdn.net/v/t39.30808-6/493668557_1098364745658869_4821877747643677914_n.jpg?stp=dst-jpg_s480x480_tt6&_nc_cat=106&ccb=1-7&_nc_sid=127cfc&_nc_eui2=AeHkN64JdCKFdAswmApK96aHRKKLMA7Uc0FEooswDtRzQXKyFreRLBMisJru8i9AEQGaCe26E4wqYArOUKywnaba&_nc_ohc=QYbJaR4XV-YQ7kNvwFt6R3o&_nc_oc=Adlx7SO6ULcyNxHXN3HJNN-KzWCxBOyspTCub3i5aR9rz0S7YXeyEP2jY0uJhNBoUzRn4czHnmSP2bEPP-rWmfP1&_nc_zt=23&_nc_ht=scontent.fsgn2-9.fna&_nc_gid=IFRgINkaFVRwWjke_3_TQQ&oh=00_AfHN7AQr5ysHV-bZY5kSAwMEMVKJXoxDLp9DJkOVAWwsCw&oe=68164045"
    },
    {
        "caption": "Xe chở rác va chạm hai xe máy trên quốc lộ N2 khiến 3 người tử vong, sáng 26/4.",
        "image": "https://scontent.fsgn2-8.fna.fbcdn.net/v/t39.30808-6/492331578_1098316388997038_1186137081959475741_n.jpg?stp=dst-jpg_s480x480_tt6&_nc_cat=102&ccb=1-7&_nc_sid=127cfc&_nc_eui2=AeHY0UZ2kaC0ucLg8DtDTZ2477pOHP1ICYnvuk4c_UgJiZFwIA3svwclIDTG94yN0Xi9lVue0WaxzMNHHFzgw09o&_nc_ohc=VryMDAwNI58Q7kNvwEhoCJd&_nc_oc=AdlZT2hfSVerQTj62Q63PhpoeE0vfR6AupJ3N4bXHcEAF3eeZ__YVB__nQGsFD8zdDmdD30YBSa7D7ImkflCv5RE&_nc_zt=23&_nc_ht=scontent.fsgn2-8.fna&_nc_gid=3WGlxpO8CYcCfu_Q5mNJww&oh=00_AfEFgIUINyai79FiN2e4rgAhOgfciMEw3l109xO0oSrWIA&oe=68161637"
    },
    {
        "caption": "Nhóm của Minh Đức, 22 tuổi, ở Bình Dương toàn những người không quen biết. Họ tìm thấy nhau qua một nhóm Facebook có khoảng 6.000 người, chung mục đích rủ nhau xem diễu binh lễ kỷ niệm 50 năm thống nhất đất nước.\n\nHọ hẹn gặp nhau tại công viên Bến Bạch Đằng, đoạn gần cầu Ba Son (quận 1) để cắm trại từ chiều 29 đến sáng 30/4. Trong thời gian chờ, mọi người tổ chức vài trò chơi nhỏ, thay phiên nghỉ ngơi, trông đồ, ăn sáng và đón đoàn diễu binh.\n#VnExpress",
        "image": "https://scontent.fsgn2-6.fna.fbcdn.net/v/t39.30808-6/492453974_1098269109001766_377548774744972480_n.jpg?stp=dst-jpg_s480x480_tt6&_nc_cat=110&ccb=1-7&_nc_sid=127cfc&_nc_eui2=AeHA8J-UOvvGrkDH6C1gmPKT3-xFzfkxZe3f7EXN-TFl7aItZrxk-TEjoY2xndZrVXj3y5HZThJrIbQgWWeMDlyt&_nc_ohc=-IugOm0jB98Q7kNvwE4Oefa&_nc_oc=AdmJMfaetfcw4mMiIcW8jzci4BhOuaayTpJ4_t1LtKHTktSmPh8bm87H7A1tfKJkoyvixT3Vre2VAjhy6LHgGUvs&_nc_zt=23&_nc_ht=scontent.fsgn2-6.fna&_nc_gid=3WGlxpO8CYcCfu_Q5mNJww&oh=00_AfElLF8EteVUY5CSyoYgRrICIFpPPwr0Zb2lmS9aAN_COQ&oe=68164276"
    },
    {
        "caption": "MOBIFONE HOSTING – LỰA CHỌN TỐI ƯU CHO WEBSITE VÀ EMAIL DOANH NGHIỆP\n\nTrong hành trình số hóa, việc sở hữu một website riêng và hệ thống email chuyên nghiệp là bước đầu tiên để doanh nghiệp khẳng định thương hiệu. Với MobiFone Hosting – nền tảng lưu trữ trên hạ tầng điện toán đám mây hiện đại, bạn có thể lựa chọn Web Hosting hoặc Email Hosting tùy theo nhu cầu sử dụng, chi tiết dịch vụ như dưới đây:\n\n🔹 Web Hosting – Không gian sống của website\nDành cho những ai cần lưu trữ, vận hành một website riêng với tên miền cá nhân hóa.\n⚡️Tăng tốc độ tải trang dưới 3 giây, mang đến trải nghiệm mượt mà cho người dùng.\n⚡️Cho phép khách hàng chủ động thiết kế, tùy chỉnh giao diện, nội dung.\n⚡️Linh hoạt mở rộng cấu hình theo nhu cầu phát triển.\n⚡️Được bảo vệ bởi hệ thống bảo mật nghiêm ngặt và đội ngũ kỹ thuật chuyên môn hỗ trợ 24/7.\n\n🔹Email Hosting – Hộp thư thương hiệu doanh nghiệp\n⚡️Dành cho tổ chức/doanh nghiệp cần hệ thống email gắn liền với tên miền riêng\n⚡️Đảm bảo tỷ lệ vào hộp thư lên đến 95%, tránh spam.\n⚡️Dễ dàng giao tiếp với khách hàng và đối tác một cách chuyên nghiệp.\n⚡️Hệ thống được mã hóa bảo mật, giám sát vận hành 24/7/365.\n\nDù bạn là cá nhân khởi nghiệp hay doanh nghiệp vừa và nhỏ, MobiFone Hosting đều sẵn sàng đồng hành, mang lại giải pháp lưu trữ tối ưu – Bảo mật, linh hoạt và hiệu quả!\n\n** Nội dung quảng cáo được tài trợ bởi Mobifone.\n\n#ADS",
        "image": "https://scontent.fsgn2-8.fna.fbcdn.net/v/t39.30808-6/493911087_1098242292337781_5861213826668552054_n.jpg?stp=dst-jpg_s480x480_tt6&_nc_cat=102&ccb=1-7&_nc_sid=127cfc&_nc_eui2=AeGwfqsS04UhKVi4g1jD5ApaQpSmUjjH-ORClKZSOMf45LSll6N16WGcazfQAFHYvSksLqNJCIyHIwpjy-Oz7u8N&_nc_ohc=T6ScrrCRLdUQ7kNvwGSedsw&_nc_oc=AdnP-BULb6dyvCc2cT69XTpcIkpGv-wlmJPEy6nQoUtirj-UeAQlxHPbbf0nB5GK5nVM2vQbF_SQg4XemQd_qyaf&_nc_zt=23&_nc_ht=scontent.fsgn2-8.fna&_nc_gid=3WGlxpO8CYcCfu_Q5mNJww&oh=00_AfHjxzLOw3TXmaP5oNnIIyC5zXNmYtWBRGA6ix1ZgWcgWw&oe=68163358"
    },
    {
        "caption": "So với thời điểm thống nhất đất nước năm 1975, TP HCM ngày nay rộng gấp 1,5 lần và trải qua nhiều lần tách - nhập địa giới hành chính trước khi có 22 quận, huyện, thành phố.\n\nXem chi tiết tại cmt 👇\n#VnExpress",
        "image": "https://scontent.fsgn2-6.fna.fbcdn.net/v/t39.30808-6/494147673_1098214145673929_4696735479956421739_n.jpg?stp=dst-jpg_s480x480_tt6&_nc_cat=111&ccb=1-7&_nc_sid=127cfc&_nc_eui2=AeEjc3qVEy9GN4VJIEH5txx7Mxz5TKTgU5QzHPlMpOBTlEgJM5j4BpqfYmxpWbxr1VYDvzm50AyyJRzEMUP2Cojt&_nc_ohc=6Y49sBxH-fIQ7kNvwEgPDaZ&_nc_oc=AdkSAPqTtcoPdbIE3RJ_9KTGcgLYNJuaLftok5cIuyDDxr1MKycR9cucXlLkt6QPe2JvxgNrQM1gnDnwsLxWerid&_nc_zt=23&_nc_ht=scontent.fsgn2-6.fna&_nc_gid=3WGlxpO8CYcCfu_Q5mNJww&oh=00_AfGD76jl3_oEIBv_TQFjqz9g4LIO0L4DCnxhx37SknDE1w&oe=68164331"
    },
    {
        "caption": "Trong cuộc chạy đua với thời gian để cứu trái tim đang tổn thương của đạo diễn Nguyễn Quang Dũng tại BVĐK Tâm Anh TP HCM, stent phủ thuốc thế hệ mới chính là dụng cụ giúp tái thông dòng máu nhanh chóng, hiệu quả, ngăn biến chứng nguy hiểm.\n\nStent có kích thước siêu nhỏ - chỉ từ 1.0-1.2mm, khi vào lòng mạch có thể được nong mở rộng tối đa trên 5.0mm. Đây là stent thế hệ mới nhất kết hợp lợi ích của stent phủ thuốc và stent tự tiêu, có nhiều ưu điểm vượt trội như: giảm nguy cơ tái hẹp, ít tổn thương mô, tăng hiệu quả tái thông lên đến 98%.\n\nNhờ những tiến bộ vượt bậc của stent phủ thuốc thế hệ mới, nhiều bệnh nhân không chỉ thoát nguy hiểm do nhồi máu cơ tim, mà còn mở ra cơ hội sống khỏe mạnh, dài lâu. \n\n#bvta #benhvientamanh #ADS",
        "image": "https://scontent.fsgn2-5.fna.fbcdn.net/v/t39.30808-6/492572427_1097900752371935_7157450239854869190_n.jpg?stp=dst-jpg_s480x480_tt6&_nc_cat=104&ccb=1-7&_nc_sid=127cfc&_nc_eui2=AeFhGJnPGtexnZGHwCrv05C4xmmt84RjNdXGaa3zhGM11c79GECZ-8BnGlzwzCgQftA0HjXGu8somu4gL-6t-VwF&_nc_ohc=nX7w2BHr9hEQ7kNvwGLVq4I&_nc_oc=AdmgY8yixh9yCLb7j3rzYIs6zKPGJ-bZ443w9hpuYj7mjSJ1MHnEo_WO2UrHkgXck-XTtfXr0901ASgYWZXPswgP&_nc_zt=23&_nc_ht=scontent.fsgn2-5.fna&_nc_gid=hzBaXdVMVEdgYnElXvwvnw&oh=00_AfFw7Fvu2zWPlOwS94YQTf2XOvs1KZwD9he6mH0DJEim4w&oe=6816173F"
    },
    {
        "caption": "",
        "image": "https://scontent.fsgn2-6.fna.fbcdn.net/v/t39.30808-6/492948270_1097951945700149_3427553392506796764_n.jpg?_nc_cat=110&ccb=1-7&_nc_sid=cc71e4&_nc_eui2=AeGtrtBHb5B2WshAWfCDumzy-fZltXa-dm359mW1dr52bdzsjEIQdEuRWTt3q1dbhzug0bFHlPHGxmsJuSnqn9HL&_nc_ohc=UvGFqbIxmGsQ7kNvwGkYp_t&_nc_oc=Adm8qLboddbfUYpG0bUTLH0ulTnMJDjpouFJ7fsD-jgltqHHlZJeYyCxoxBWnEW49pyNBqaPyjhxMOVVyFOdf_8k&_nc_zt=23&_nc_ht=scontent.fsgn2-6.fna&_nc_gid=hzBaXdVMVEdgYnElXvwvnw&oh=00_AfEakfWibHcyv8nnedEVGDTvx02c3ZpIpoIjYpkG_ENdAw&oe=68160CED"
    },
    {
        "caption": "Tác phong chuẩn chỉnh chính là một trong những yếu tố quan trọng tạo nên hình ảnh chuyên nghiệp khi đi làm. Nhưng đôi khi những tình huống trớ trêu như quên lịch họp, đặt xe sát giờ… có thể khiến hành trình tới gặp đối tác bị gián đoạn và phá vỡ kế hoạch đã định.\n\nDo đó, việc đặt trước chuyến xe trên Grab trở thành một giải pháp ưu tiên giúp bạn luôn chủ động trong di chuyển. Grab đảm bảo có xe ở mọi khung giờ, tài xế đến đón đúng giờ theo lịch hẹn, giúp bạn yên tâm di chuyển, đặc biệt là trong những dịp quan trọng như họp hành hay gặp gỡ khách hàng.\n \n**Nguồn: Grab\n\n#ADS",
        "image": "https://scontent.fsgn2-3.fna.fbcdn.net/v/t39.30808-6/492219683_1097605085734835_7809094878233602063_n.jpg?stp=dst-jpg_s480x480_tt6&_nc_cat=107&ccb=1-7&_nc_sid=127cfc&_nc_eui2=AeEwhwTFf0FD0FUL0w5liCDOnldo4cb-xQOeV2jhxv7FA8CL6NG0AceptXHYH4pRw4sN3W2IKKmETAtMdRI-ltAM&_nc_ohc=hM2BTwZrMtsQ7kNvwFR1NJf&_nc_oc=AdmH4LcS9wabT3BlTuv35Dp0jO2HEbcxaewHAcEf_4dsxh6ZzlkWY_xbfi0jI9rSQn4SPGM5NSVnlGnSOmcekOEi&_nc_zt=23&_nc_ht=scontent.fsgn2-3.fna&_nc_gid=p9xe258x71_-pfSe6lPyQA&oh=00_AfEEh26842LDfSxkBGworTLWN4zf4FpY2GuRZsDlWC9znA&oe=681612E3"
    },
    {
        "caption": "Các nhà nghiên cứu quan sát đàn tinh tinh chia sẻ thức ăn có cồn lần đầu tiên, hé lộ hành vi của linh trưởng cổ đại đã dẫn tới hành động uống rượu xã giao ở con người.",
        "image": "https://scontent.fsgn2-8.fna.fbcdn.net/v/t39.30808-6/492587089_1097659435729400_8534393159480155728_n.jpg?stp=dst-jpg_s480x480_tt6&_nc_cat=102&ccb=1-7&_nc_sid=127cfc&_nc_eui2=AeHcJSq5mxhhbHe3vDTbCwWezNWyr0VZPtXM1bKvRVk-1fu5FJJXzeusMUGaABou3cBX5dhmhOegz0zf2TfTewER&_nc_ohc=kIEFDLC5c8wQ7kNvwFWVaDv&_nc_oc=AdlBlGm01D2dfdGP6J4aFkr7z41FfgxAHYmP6lYODUxh8DIRgKsUXtbyggSBxj-_eTIaTCrzFbbDdMHLEuollvQy&_nc_zt=23&_nc_ht=scontent.fsgn2-8.fna&_nc_gid=BgrZPwWzDKsI8wx2cDRzxQ&oh=00_AfFbWWMXk8s1j0LiIzP3xvEWKuy2oBhIiwPMxqzEvStUMw&oe=68163D8D"
    },
    {
        "caption": "'CHÚNG CON LÀ MỘT PHẦN CỦA VIỆT NAM. NGƯỜI TA SỐNG ĐƯỢC, CON CŨNG SỐNG ĐƯỢC'\n\nTiến sĩ Lương Bạch Vân chia sẻ cuộc sống của bà trong những ngày đầu về miền Bắc năm 1978: Phải nói là lúc đầu, tôi cảm thấy có chút... hẫng. Sự khác biệt quá lớn. Bên Pháp, dù không dư dả, nhưng gia đình tôi vẫn có cuộc sống tiện nghi, mỗi người một chiếc xe hơi. Về Việt Nam, đổi lại là mỗi người một chiếc xe đạp. Muốn ăn rau thì phải tự trồng, vì khi đó miền Bắc chưa có chợ như bây giờ. Tất cả đều theo chế độ bao cấp, phải dùng tem phiếu mới đổi được lương thực.\n\nKhi mới về, các con tôi còn có thịt ăn vì chúng tôi mang theo một rương thịt hộp. Nhưng dùng hết thì cũng chịu, vì có tiền trong tay mà không mua được gì. Ở Pháp, chuối được bán cả nải. Còn về đây, đi mua chuối phải xin từng quả.\n\nHai vợ chồng được phân một căn hộ tập thể rộng 24 mét vuông - mà ngần ấy chỗ thì làm sao chứa nổi 40 cái rương đồ. May mắn sau đó, đơn vị cho thêm 24 mét vuông nữa, gom lại đủ cho cả nhà sinh hoạt.\n\nSau khoảng một năm, mẹ tôi sốt ruột quá, từ Pháp về thăm. Nhìn thấy chỗ chúng tôi ở, bà ra lệnh \"lập tức quay về Pháp\". Tôi trả lời: \"Chúng con cũng là một phần của Việt Nam. Người ta sống được, con cũng sống được\". Mẹ tôi bỏ cuộc.\n\nXem chi tiết bài phỏng vấn tại comment👇\n#VnExpress",
        "image": "https://scontent.fsgn2-9.fna.fbcdn.net/v/t39.30808-6/492480177_1097625879066089_6471654804930920685_n.jpg?stp=dst-jpg_s480x480_tt6&_nc_cat=103&ccb=1-7&_nc_sid=127cfc&_nc_eui2=AeHFHTDsl5rUi5y91IfhZKgg1JanhhDhBYXUlqeGEOEFhS-15k1-5zQF6fj3RLtH2MhOUxBtHmn--XMO7iBqsSUb&_nc_ohc=KkJH--_y36EQ7kNvwHdFFOU&_nc_oc=AdlorIq8jCstsKdRiSt7FB7_nI2bjVj4mB1fXuyDdXVvSu17hVoqvpTv9Jqtdpo-LMUZjgh8ts0F7m3P1tLqVPcr&_nc_zt=23&_nc_ht=scontent.fsgn2-9.fna&_nc_gid=ePNgusV-GlcqV7GXU5-p2w&oh=00_AfHWRRS3SybkK7zQTXe7JqRcaVVgyCywtLK8PqY-k9BhMA&oe=681612F8"
    },
    {
        "caption": "VIETTEL KHỞI CÔNG TRUNG TÂM DỮ LIỆU TIÊU CHUẨN QUY MÔ LỚN NHẤT TẠI VIỆT NAM\n\nHạ tầng dữ liệu là một trong những nền tảng quan trọng giúp mọi ngành nghề bứt phát trong kỷ nguyên số. Để tiên phong và chủ động kiến tạo cho một tương lai phát triển bền vững, ngày 23/4 vừa qua, Viettel chính thức đặt viên gạch đầu tiên cho Trung tâm Dữ liệu & Nghiên cứu Phát triển Công nghệ cao tại Tân Phú Trung, Củ Chi.\n\nKhông dừng ở một dự án mới, đây là mảnh ghép tiếp theo của Viettel trong bức tranh hạ tầng số quy mô lớn đã được miệt mài kiến tạo suốt nhiều năm, với diện tích gần 4 hecta, công suất lên đến 140MW và hơn 10.000 rack.\n\nTính đến nay, Viettel đã đầu tư và vận hành 15 trung tâm dữ liệu trải dài khắp cả nước với tổng cộng 10.000 rack, công suất thiết kế đạt hơn 85 MW điện. Tầm nhìn đến năm 2030, dự kiến con số sẽ tăng gấp hơn ba lần, với 35.000 rack và 350 MW điện, đủ sức để đảm bảo nhu cầu dữ liệu đang bùng nổ của xã hội số, chính phủ số và kinh tế số.\n\nBằng việc nắm bắt nhanh nhạy và bứt tốc, Viettel đã và đang tiên phong mở lối cho tương lai số của Việt Nam, đặt kỳ vọng trong tương lai mọi dữ liệu sẽ được lưu trữ trong những \"bộ não số\" được tạo ra từ chính trí tuệ và bàn tay của người Việt.\n\n**Nguồn: Viettel\n\n#ADS",
        "image": "https://scontent.fsgn2-8.fna.fbcdn.net/v/t39.30808-6/492390182_1097692645726079_9074824247505425070_n.jpg?stp=dst-jpg_s640x640_tt6&_nc_cat=102&ccb=1-7&_nc_sid=127cfc&_nc_eui2=AeGONOV9Jzqnfn-0FW4VPIOvUsVdkWM46wFSxV2RYzjrAXoeWaNkp-giKgOPtnDNzGp5kOAJDAwBsOgl2zoE587O&_nc_ohc=oE9U9Xc_Y3QQ7kNvwGWCVA-&_nc_oc=Adkk8QKqFQIiLay5KbaVD0E0Z5YQz7Z5lcu44YU4LYFtjysqHidhF7DTsEqA34tb6krS9f_g7t6V8gv8poDgwuHB&_nc_zt=23&_nc_ht=scontent.fsgn2-8.fna&_nc_gid=Ip8Bu1Zym7U-yz2CHcgQxg&oh=00_AfEE53KSzl6ishVgoYxBKW8ZxiIp_3F9U66b6J8i0DCgfg&oe=6816348A"
    },
    {
        "caption": "Bà Lương Bạch Vân chia sẻ:\nNăm 2001, tôi nghỉ hưu ở tuổi 55, còn sung sức. Lúc đó kinh tế mở cửa, tôi mở Công ty Công nghệ cao Thái Bình, làm giám đốc, tiếp tục công việc nghiên cứu.\n\nĐến năm 2003, khi Nghị quyết 36 về công tác đối với người Việt Nam ở nước ngoài ra đời, Mặt trận Tổ quốc mời tôi tham gia công tác kiều bào. Dù lúc đó công ty đang làm ăn tốt, tôi bàn với chồng đóng cửa, toàn tâm toàn ý cho công việc này. Vợ chồng tôi cùng nghĩ, giữa đất nước và cộng đồng kiều bào vẫn còn khoảng cách. Là người trưởng thành từ phong trào trí thức Việt ở Pháp, tôi thấy mình có bổn phận thu hẹp khoảng cách đó.\n\nBan đầu không đơn giản do có định kiến từ cả hai phía. Ngay trong nội bộ những người làm công tác kết nối, vẫn có ánh nhìn dè chừng với kiều bào. Còn kiều bào, nhiều người nghĩ chúng tôi tiếp cận là để \"xin đô-la và sô-cô-la\". Phải mất nhiều thời gian để giải thích, xây dựng niềm tin và hóa giải những hiểu lầm.\n\nTôi nhớ có những bác cựu chiến binh tham gia ban liên lạc, nhưng mang sẵn định kiến. Tôi phải kiên trì trò chuyện, thuyết phục: \"Ai cũng là con dân đất Việt. Giờ đứa con gõ cửa trở về, bác nỡ nào không mở cửa? Người ta nhớ nhà, nhớ quê hương, mình nỡ nào ngoảnh mặt đi?\".\n#VnExpress #Người_Trở_về #VideoPodcast #VnExpressPodcast",
        "image": "https://scontent.fsgn2-9.fna.fbcdn.net/v/t39.30808-6/493727675_1097466085748735_1922003058163638624_n.jpg?stp=dst-jpg_s480x480_tt6&_nc_cat=103&ccb=1-7&_nc_sid=127cfc&_nc_eui2=AeFldDDEbIHtAbO0o0PIUA-NxMiS25XvXI3EyJLble9cjYzGVOhK3XKfJCQHqI9hRcEe0s6tGcMRB4dbn4LHuZLn&_nc_ohc=vInBfle9ggsQ7kNvwGSawAP&_nc_oc=AdmDjJs4mA1y4jI_ozJ-4l38VVmT7hOKyytP9W4fVvApTJQ9kVkSew3BjJeGrN1vgROSpjoVfKD90yET6dFjxmKa&_nc_zt=23&_nc_ht=scontent.fsgn2-9.fna&_nc_gid=BJTH3qwjddZQbk2BxnAw4w&oh=00_AfEOW4B6Gy22722OA5puPp9PIEcEnTeMMaTV7bwVhMCoXQ&oe=681623A0"
    },
    {
        "caption": "Hơn 100 cán bộ, chiến sĩ thuộc quân đội Trung Quốc đến TP HCM, chuẩn bị tham gia diễu binh tại kỷ niệm 50 năm thống nhất đất nước của Việt Nam.",
        "image": "https://scontent.fsgn2-10.fna.fbcdn.net/v/t39.30808-6/493853541_1097565269072150_8538581832946351998_n.jpg?stp=dst-jpg_s480x480_tt6&_nc_cat=109&ccb=1-7&_nc_sid=127cfc&_nc_eui2=AeG03mig7cHaWfXw2FpYG3aCWD0SvRU9g-FYPRK9FT2D4Rj_Tzq38Kpy518X_RgJe9PsvT0Tn8sa1CLOmcIRRAM4&_nc_ohc=sjpOhpeGtBEQ7kNvwGmajmi&_nc_oc=AdmWR-jvNJWjWUUM_LDdlS6SIXewT1h7MD3elJtVgpvIyppYKrlyDqOajxdSTQCYlB23YOEh-LuwEBy5MEVJL5AU&_nc_zt=23&_nc_ht=scontent.fsgn2-10.fna&_nc_gid=BJTH3qwjddZQbk2BxnAw4w&oh=00_AfHrQ-VtEnzdZQ0zVhCvOiaERB016uQjxdMwWPofKU-r6w&oe=68162C3C"
    },
    {
        "caption": "\"NẾU ĐƯỢC GỌI THÌ LÊN ĐƯỜNG, BỎ LẠI CŨNG KHÔNG TIẾC\"\n\nTiến sĩ Lương Bạch Vân chia sẻ cảm xúc của bà khi quyết định bỏ lại 18 năm ở Pháp để trở về Việt Nam, làm tại nhà máy bán dẫn Z181, Viện Kỹ thuật Quân sự thuộc Bộ Quốc phòng:\n\nLúc tôi được phân công về miền Bắc, tôi cũng có chút hoảng. Tôi và chồng đều lớn lên trong Nam, không có hình dung nào về cuộc sống ở miền Bắc. Những anh em trong đoàn cũng dặn dò: \"Miền Bắc rất khó khăn\".\n\nHai vợ chồng xác định tâm lý: về nơi không có gì. Nhưng điều tôi sợ nhất là về không làm được việc. Chúng tôi bắt đầu lập danh sách mọi thứ cần thiết cho công việc - thứ gì xin được thì xin, còn lại thì gom tiền mua. Cả hai bán hết tài sản đang có ở Pháp, chia làm ba phần: một phần gửi lại gia đình, một phần chồng tôi giữ, một phần tôi giữ - mỗi người tự chuẩn bị những thiết bị, tư liệu cần cho chuyên môn của mình.\n\nTừ ngày cưới nhau, vợ chồng tôi đã thống nhất sẽ không mua nhà, chỉ thuê. Cũng không sắm sửa gì đắt tiền, vì lúc nào cũng sẵn sàng \"nếu được gọi thì lên đường, bỏ lại cũng không tiếc\".\n#VnExpress #Người_Trở_về #VideoPodcast #VnExpressPodcast",
        "image": "https://scontent.fsgn2-11.fna.fbcdn.net/v/t39.30808-6/492005425_1097450242416986_8390682285708929060_n.jpg?stp=dst-jpg_s480x480_tt6&_nc_cat=105&ccb=1-7&_nc_sid=127cfc&_nc_eui2=AeFGizBX2posJLlPL4zKVrDZaIl_OZSQeq5oiX85lJB6rro8poB_b_U9J8DaweQTxBuO-UysxDKFVoCAYOo4RAke&_nc_ohc=QBGDHpKboncQ7kNvwEezTE2&_nc_oc=AdmLySha-ykTsqc2HKuy3eewR9-XOCEGZfNWtebnzeGo_264kD7zE1JO-3zIIjjZbVq7bLj5y8AtgOs4nznh_n7X&_nc_zt=23&_nc_ht=scontent.fsgn2-11.fna&_nc_gid=ORgDMQntwi4mqzqfqTFW8Q&oh=00_AfF0bwJJ7yygcSIS5LraPFjNpNz0o2Jv3Rq96u6204Iv4w&oe=68163014"
    },
    {
        "caption": "Gia Hy tốt nghiệp sớm nửa năm với GPA 4.0, IELTS 8.0, là lần đầu tiên trong lịch sử trường Đại học Bách khoa TP HCM.\n#VnExpress",
        "image": "https://scontent.fsgn2-8.fna.fbcdn.net/v/t39.30808-6/493607790_1097420309086646_4388128951076904683_n.jpg?stp=dst-jpg_s480x480_tt6&_nc_cat=102&ccb=1-7&_nc_sid=127cfc&_nc_eui2=AeFUYWwIM0e_At9byAG9_FgDpEcw_tkjQlSkRzD-2SNCVLoOqAiQvxapmppx7ZBgJ1cLS7ePCeFUqtTLeKVlb8MS&_nc_ohc=IoG3jL15ss4Q7kNvwG-yUDU&_nc_oc=AdnOkyH3Tkts59wHhLsqL8xDI0MoKWBrNsU2WaaoAgMRK-uCLPdSrLcwr4jWGhosDPpOVmqDWO5rK6PQox8PveAU&_nc_zt=23&_nc_ht=scontent.fsgn2-8.fna&_nc_gid=ORgDMQntwi4mqzqfqTFW8Q&oh=00_AfGFG0FcRROvoccuv7ft4_JV2D4D8BbUBhBJuvuCvaNMUg&oe=68162492"
    },
    {
        "caption": "\"TÔI HỌC NGÀNH NÀY LÀ ĐỂ VỀ PHỤC VỤ ĐẤT NƯỚC. ĐỜI NÀO LẠI ĐI LÀM GIẤY CAM KẾT NHẬP QUỐC TỊCH PHÁP.\"\n\nTrong buổi trò chuyện với VnExpress, Tiến sĩ Lương Bạch Vân chia sẻ những bất lợi bà gặp phải vì quyết định không nhập tịch Pháp: \n\nSuốt 5 năm tôi ở với mẹ, cứ mỗi mùa hè là cả gia đình sẽ đi du lịch, lúc sang Tây Ban Nha, lúc đi Ý, Đức... Ai có quốc tịch Pháp thì qua biên giới rất dễ. Chỉ mình tôi không có quốc tịch, bị kẹt lại. Tôi nói mẹ: Con sẽ ở tạm một mình trong khách sạn nào đó đợi mọi người quay lại. Cũng vì những chuyện như vậy mà mẹ cứ dằn vặt tôi mãi. Tôi vẫn một câu trả lời: \"Con muốn về Việt Nam\". Lúc đó thì tôi đã biết quy định không cho phép có hai quốc tịch. Nếu chọn Pháp thì không còn quốc tịch Việt.\n\nRồi tới năm 1973, quyết định đó khiến tôi mất một cơ hội nghề nghiệp lớn. Khi vừa hoàn thành luận án tiến sĩ, tôi gặp giáo sư của mình nhờ: \"Hiệp định Paris ký rồi, tôi chuẩn bị về nước. Thầy có thể giới thiệu giúp tôi một công việc gì đó có ích cho đất nước không?\".\n\nThầy đã giới thiệu tôi đến một trung tâm về công nghệ sinh học, vật liệu y tế - nơi làm những loại gân, da nhân tạo bằng cao phân tử. Công việc lương cao, lại đúng chuyên ngành mơ ước, tôi mừng lắm.\n\nNhưng ngay ngày đầu nhận việc, họ yêu cầu tôi cam kết nhập quốc tịch Pháp. Tôi từ chối và thế là đành chia tay. Tôi xách cặp ra về, lòng rất tiếc nuối.\n\nTôi học ngành này là để về phục vụ đất nước. Đời nào lại đi làm giấy cam kết.\n\n#VnExpress #Người_Trở_về #VideoPodcast #VnExpressPodcast",
        "image": "https://scontent.fsgn2-4.fna.fbcdn.net/v/t39.30808-6/494019013_1097445812417429_3842594417968744476_n.jpg?stp=dst-jpg_s480x480_tt6&_nc_cat=101&ccb=1-7&_nc_sid=127cfc&_nc_eui2=AeHRlAKQdmjuMZaxWzTM_qahlZtaoa72AeKVm1qhrvYB4hqmgx-XTcZPBTS-ejAQo8rsQuJKrWjAjxstmMOjvBiG&_nc_ohc=7sbgwEWD-GEQ7kNvwFse2oF&_nc_oc=AdmlpAnYt-sZdLKi32OCfKizvGSSqBHkgcl5y88Zvulc2VAHy1_G1VF6jeb7Ktbn3-jKnElZi1rgFBAzbcxfhDfb&_nc_zt=23&_nc_ht=scontent.fsgn2-4.fna&_nc_gid=_TFvRFuCIF5e8-ddMElQbQ&oh=00_AfHY7yNz_eCgqJ3p_dGZL8z6vB74c6SRuvlqzbuV-GQDIg&oe=681618FF"
    },
    {
        "caption": "📌 TIÊM VẮC XIN PHÒNG BỆNH MÙA THI\n\nKỳ thi là cột mốc lớn của con, nhưng là cả hành trình của gia đình. Các bậc phụ huynh nên tiêm vắc xin gì cho con để bảo vệ sức khỏe, phòng ngừa các bệnh truyền nhiễm cao điểm hiện nay, giúp con an tâm thi cử?\n\nHướng đến mục tiêu bảo vệ sức khỏe trẻ trước những căn bệnh truyền nhiễm nguy hiểm, an tâm mùa thi, hệ thống trung tâm tiêm chủng VNVC tổ chức chương trình tư vấn: “TIÊM VẮC XIN MÙA THI CHO HỌC SINH, SINH VIÊN” vào lúc 20h ngày 25/04/2025 với sự tham gia của các chuyên gia:\n\n- Bác sĩ Trần Huỳnh Tấn, Quản lý Y khoa, Hệ thống tiêm chủng VNVC;\n- Bác sĩ Phạm Đình Đông, Quản lý Y khoa, Hệ thống tiêm chủng VNVC;\n- Anh Lê Minh Tâm, Quản lý CSKH, Hệ thống tiêm chủng VNVC.\n\nĐộc giả quan tâm có thể để lại câu hỏi dưới phần bình luận để được các chuyên gia giải đáp hoặc liên hệ hotline 028 7102 6595 để được hỗ trợ.\n\n#ADS",
        "image": "https://scontent.fsgn2-3.fna.fbcdn.net/v/t39.30808-6/492005219_1096902085805135_2049244358114569267_n.jpg?stp=dst-jpg_s720x720_tt6&_nc_cat=107&ccb=1-7&_nc_sid=127cfc&_nc_eui2=AeF1vvWFtimUdbXj7ZiQzT8Z4lVzad_zW6niVXNp3_NbqWLr9Qvf3SCU0B1uc5lUqC0isqlW2Bug4-9zVBoy0Xej&_nc_ohc=IcEDr-Q2AGMQ7kNvwH1ITzn&_nc_oc=AdlJJGd4fQjOAs6y2yl2xMt0cEvLaY42xQAg6SscpfUbEJXL_xl52KA7lfr1TwTt79z0_g-jJsbB67IcfxYx3EF6&_nc_zt=23&_nc_ht=scontent.fsgn2-3.fna&_nc_gid=_TFvRFuCIF5e8-ddMElQbQ&oh=00_AfGZ5ll49yTnEppw69mTNVgPFrprKlvqmEoaew2fcB5LaA&oe=68160E30"
    },
    {
        "caption": "Phía Duy Mạnh cho rằng chiếc Mercedes S450 Luxury bị cháy trong thời gian còn bảo hành nên kiện hãng xe, song phía bị đơn khẳng định nam ca sĩ không còn quyền khởi kiện👇\n#VnExpress",
        "image": "https://scontent.fsgn2-3.fna.fbcdn.net/v/t39.30808-6/492391512_1097404882421522_5885543444918721511_n.jpg?stp=dst-jpg_s480x480_tt6&_nc_cat=107&ccb=1-7&_nc_sid=127cfc&_nc_eui2=AeEYxWHDEanLxJKepDBcD_FgmRF5kRErau6ZEXmREStq7u5avXlTDkWSKvwZUd91CQBv8SuFUrlgzPvj40wbHZVR&_nc_ohc=FNscGh6PSMUQ7kNvwFdBu2d&_nc_oc=AdkE0hsbIgpFDdI_suVnXCggERuuvVL81_0yt8WG1LSHzZ8nUxNYUi3T63Vs41NWe_qOzmmTySTjZVGMv9S2PMGl&_nc_zt=23&_nc_ht=scontent.fsgn2-3.fna&_nc_gid=_TFvRFuCIF5e8-ddMElQbQ&oh=00_AfGmb_Xrk1ULAy3MW-iqdZIgZnUOretleyFf9lMbEak6Cw&oe=68162F5D"
    },
    {
        "caption": "Tốt nghiệp thủ khoa Học viện Quân y với 8,54/10 điểm, Nguyễn Thúy Nhường là một trong những học viên đầu tiên được phong hàm thượng úy ngay sau khi tốt nghiệp.\n#VnExpress",
        "image": "https://scontent.fsgn2-6.fna.fbcdn.net/v/t39.30808-6/492159693_1097365895758754_471131810598647168_n.jpg?stp=dst-jpg_p480x480_tt6&_nc_cat=110&ccb=1-7&_nc_sid=127cfc&_nc_eui2=AeGZIndDW9XzmFU8PaneMqg640Zk1xMvSWzjRmTXEy9JbNiAlQZCGs8DkfPerH2vINHtEs9xPL8QNqpDu77Ef7C4&_nc_ohc=fwUH2tWRCF0Q7kNvwE1NA84&_nc_oc=AdnIaaYv5c2LsrEo0BVAfJguOICbg4URzwalBNhYuORIuBovw06OzDDrFszrimSnRRf66JWTSLfJdcZBuIvcHP6I&_nc_zt=23&_nc_ht=scontent.fsgn2-6.fna&_nc_gid=_TFvRFuCIF5e8-ddMElQbQ&oh=00_AfGGDg6aYK_pLLMR-ZrrWyhhIIPox3NnX55Xeo_uFTjE1g&oe=68162908"
    },
    {
        "caption": "Thay vì đưa ra những chiến dịch quảng cáo đơn thuần cho dịp lễ 30/4, các thương hiệu năm nay chọn một cách khác: đưa lịch sử vào sản phẩm.\n\nĐầu tháng 4, khi theo dõi fanpage của Tập đoàn vàng bạc đá quý Phú Quý, chị Thảo - một người sưu tầm vật phẩm lịch sử tại Hà Nội - nhanh tay đặt mua mẫu bạc thỏi in dấu ấn \"50 năm thống nhất đất nước\".\n\n\"Thiết kế đơn giản mà ý nghĩa. Tôi đã sưu tầm nhiều thứ liên quan đến lịch sử, nhưng đây là một trong những món làm tôi muốn đặt mua ngay khi thấy\", chị chia sẻ.\n#VnExpress",
        "image": "https://scontent.fsgn2-5.fna.fbcdn.net/v/t39.30808-6/491999816_1096892145806129_1825204724222118300_n.jpg?stp=dst-jpg_s480x480_tt6&_nc_cat=104&ccb=1-7&_nc_sid=127cfc&_nc_eui2=AeHSsVJyMztolQmg0PIEr0ge41JCvDZH-qzjUkK8Nkf6rG18yrfWVE64qNAwbOR9Pp-Sdxs6xOmTe30LAofBss33&_nc_ohc=DgUWSySc1S4Q7kNvwF0vNQ8&_nc_oc=AdnhFejBMGPH5mqtLmdh6bIyAQKSPzKHfjC-OhYqpY-3mfDmQISoSIXJf7xYZQbvvhSGRqQ-FgLOGpnIV4a_pUPk&_nc_zt=23&_nc_ht=scontent.fsgn2-5.fna&_nc_gid=jldPjfz1RL7PPZIkVWUTdw&oh=00_AfFL1IH5LYqWf5VBblifXw886qYGxXmf190zgxTis00rTw&oe=68161866"
    },
    {
        "caption": "Không chỉ đảm bảo chất lượng khi toàn bộ vaccine tại VNVC đều được bảo quản an toàn trong hệ thống kho lạnh, dây chuyền lạnh đạt chuẩn GSP theo tiêu chuẩn quốc tế, mà 220 trung tâm toàn quốc của VNVC còn chuẩn hóa đồng nhất về chất lượng chuyên môn.\n\nCụ thể, tất cả bác sĩ, điều dưỡng VNVC đều có chứng chỉ an toàn tiêm chủng, kỹ năng chuyên môn và tay nghề cao, đảm bảo tiêm chủng an toàn theo quy trình kiểm soát nghiêm ngặt. Điều này không chỉ giúp vaccine phát huy tối đa công dụng bảo vệ, mà còn góp phần giúp khách hàng hạn chế tối đa các phản ứng không mong muốn có thể xảy ra sau tiêm.\n\nĐiểm khác biệt làm nên uy tín và sự an toàn của VNVC là tất cả các trung tâm đều được trang bị đầy đủ phòng chức năng, phòng xử trí phản ứng sau tiêm cùng đầy đủ các loại thuốc và phương tiện cấp cứu như hộp chống sốc, bình oxy, đặc biệt đội ngũ thường xuyên được tập huấn kỹ năng xử trí cấp cứu tại chỗ.\n\nVNVC là hệ thống tiêm chủng vaccine có tổng đài điện thoại chăm sóc sau tiêm và tiếp nhận, hướng dẫn xử trí phản ứng sau tiêm kịp thời nhờ vào đội ngũ bác sĩ, phối hợp chặt chẽ với các đơn vị cấp cứu tại các địa phương, nhằm hỗ trợ kịp thời cho người dân trên cả nước, kể cả khách hàng không tiêm chủng tại VNVC.\n\n**Nguồn: VNVC. \n\n#VNVC #antoantiemchung #vaccine #ADS",
        "image": "https://scontent.fsgn2-9.fna.fbcdn.net/v/t39.30808-6/492001772_1095977199230957_816857750445986901_n.jpg?stp=dst-jpg_s480x480_tt6&_nc_cat=106&ccb=1-7&_nc_sid=127cfc&_nc_eui2=AeHAEXB3QG7zoETLIdGA43chkNxqNo6J1aGQ3Go2jonVoVNfKnvqEi2TdKijtFPJXombgqi_7RtYNoA_TFzVEvAD&_nc_ohc=MQx7FDhOQ78Q7kNvwEfCdKG&_nc_oc=Adk_LqprViarb5t6Ogs7KynNvGbSgGQQKsddBBBKMiqeQQB8sJSC3DADaa90Sv7fh-iRHK7zmSlNr5YnlZElpoml&_nc_zt=23&_nc_ht=scontent.fsgn2-9.fna&_nc_gid=jldPjfz1RL7PPZIkVWUTdw&oh=00_AfHvdUuz_31kDgI5YTw5-oUkHI5dkqg0d4r3wbc2cfrgoQ&oe=68161BE1"
    },
    {
        "caption": "68 thiếu niên 12-16 tuổi hẹn ra Quảng trường 10/3 ở TP Buôn Ma Thuột, chạy xe điện đã được độ, quay video câu view... thì bị cảnh sát ngăn chặn.\n#VnExpress",
        "image": "https://scontent.fsgn2-9.fna.fbcdn.net/v/t39.30808-6/492000807_1096987012463309_2118756708714709880_n.jpg?stp=dst-jpg_p480x480_tt6&_nc_cat=103&ccb=1-7&_nc_sid=127cfc&_nc_eui2=AeFDo2stJF6QIh5MD1xSRLg-YSHpK9lG921hIekr2Ub3bVzWCbBl27qCbM6xIPC0FILKJZwEWQrb4YNAlXxdY8_I&_nc_ohc=vbP7nCwCAYQQ7kNvwF6nVq6&_nc_oc=AdkWvj1rhdcSsW5QtsBttGnwdPKusxiyS2O6f_IVwzoMeJu5t3HrxvaihQHfEfMV7pRVf0RUfKuOrwRDwbtV2ich&_nc_zt=23&_nc_ht=scontent.fsgn2-9.fna&_nc_gid=jldPjfz1RL7PPZIkVWUTdw&oh=00_AfHPEsJ01RmtqukpbPcbTKREePGKtvTHRg-KEn-qqYVhHQ&oe=68161DAD"
    },
    {
        "caption": "\"Elon Musk đã hét lên và nói không ngừng, còn ông Scott Bessent cũng không thể kiềm chế\"👇\n#VnExpress",
        "image": "https://scontent.fsgn2-6.fna.fbcdn.net/v/t39.30808-6/492444954_1096773575817986_1054043558247668593_n.jpg?stp=dst-jpg_s480x480_tt6&_nc_cat=110&ccb=1-7&_nc_sid=127cfc&_nc_eui2=AeEr4BkiOBN03X6J3TU35gCxoCXdHltDTOmgJd0eW0NM6W1gPdXLVCGxxeNbiwuWR8DK13H78vac0neJe0e-T-VY&_nc_ohc=pVjKIjI2u_AQ7kNvwHFo1pr&_nc_oc=AdnmL_UODV5Y-siI2IKgedSg9DR6NEpJEtfKavMY2dE1PoRnZc1zkiE8V6cYXn0dXNLyPrd-nkiHEB7RmXlNfaXF&_nc_zt=23&_nc_ht=scontent.fsgn2-6.fna&_nc_gid=jldPjfz1RL7PPZIkVWUTdw&oh=00_AfGrVQrrCEJRke9-1Cvh207I_G9xLo20PH95BmIOYAn29A&oe=68164161"
    },
    {
        "caption": "TTND. GS. TS. BS Võ Thành Nhân (Giám đốc Trung tâm Tim mạch Can thiệp, BVĐK Tâm Anh TP.HCM), chuyên gia tim mạch can thiệp hàng đầu Việt Nam đã trực tiếp dẫn dắt ê-kíp thực hiện can thiệp tái thông nhánh động mạch bị tắc cho Đạo diễn Nguyễn Quang Dũng vượt qua nguy kịch vì nhồi máu cơ tim cấp. \n\n🔹TTND. GS. TS. BS Võ Thành Nhân có hơn 40 năm công tác, giảng dạy trong lĩnh vực Tim mạch, là hội viên Hội Tim mạch Can thiệp Mỹ, Hội Tim mạch Can thiệp châu Á Thái Bình Dương. Ông là một trong các chuyên gia đưa các kỹ thuật tim mạch can thiệp hiện đại trên thế giới về Việt Nam, giúp người bệnh tiếp cận điều trị tối ưu mà không cần ra nước ngoài. \n\n🔹Đồng thời là chuyên gia Việt Nam đầu tiên về kỹ thuật Cấy van động mạch chủ qua ống thông (TAVI) điều trị hẹp van động mạch chủ nặng không thể phẫu thuật, tiên phong trong triển khai các kỹ thuật tim mạch chuyên sâu (như MitraClip, Stent Graft, IVUS, đo iFR/FFR, OCT…).\n\n🔹Với hơn 40 năm kinh nghiệm, gặt hái rất nhiều thành tựu, Giáo sư không chỉ là chuyên gia đầu ngành, mà còn là người Thầy của nhiều thế hệ bác sĩ, là ân nhân của hàng triệu người bệnh tim mạch. \n\n💞Sự chính xác trong chẩn đoán, điềm tĩnh trong xử trí và tận tâm trong từng quyết định chính là điều đã “giữ nhịp sống” cho không chỉ trái tim nghệ sĩ, mà cho hàng ngàn người bệnh.\n\n#bvta #tamanh_hcm #tim_mach_can_thiep #ca_benh_thanh_cong #ADS\n\n*Nguồn: Bệnh viện Đa khoa Tâm Anh",
        "image": "https://scontent.fsgn2-6.fna.fbcdn.net/v/t39.30808-6/492453372_1096905539138123_4531325179830451195_n.jpg?stp=dst-jpg_s480x480_tt6&_nc_cat=111&ccb=1-7&_nc_sid=127cfc&_nc_eui2=AeEgJMUInIRf49V5cXI8h3tVQBXb2Yhgj3lAFdvZiGCPeTjZHhVMp_c61i-Fc32JFNIIM0Fenp7kwLrDFzIuVRbk&_nc_ohc=PwFsyF0rUhwQ7kNvwGNXnnp&_nc_oc=AdlFIdVhOIJjEWNTDcbDXypoD6iLQTvmQZfVy1MC788Vu7dYQQuKmWDh9RP3xSoGo_QxwuE-X0BulB2H4lrpKzhE&_nc_zt=23&_nc_ht=scontent.fsgn2-6.fna&_nc_gid=vqYM576m58KoZYIzkWYG6A&oh=00_AfHobmANAQs0Sp_tg1cOIGX6Dtz5CmZrEngiRub44lkg6A&oe=68160C27"
    },
    {
        "caption": "Năm chiếc xe đâm liên hoàn trên cao tốc Nội Bài - Lào Cai khiến một tài xế mắc kẹt, giao thông ùn ứ nghiêm trọng, chiều 24/4.\n#VnExpress",
        "image": "https://scontent.fsgn2-11.fna.fbcdn.net/v/t39.30808-6/492002207_1096940485801295_8374301591013171828_n.jpg?stp=dst-jpg_p480x480_tt6&_nc_cat=105&ccb=1-7&_nc_sid=127cfc&_nc_eui2=AeFQztFC9y0rcCanXE8nQ5ZfcBVWQJGJUt1wFVZAkYlS3asbDQXhviQIcXnW1YvnjwYuESjxndKpm98H_f9y0mvX&_nc_ohc=2yi9tvNGEowQ7kNvwEt7T1d&_nc_oc=AdlQ4z6iWRwa8MX7ZodgSmLNh1g2YApc81ghdMsKVF3uv0hNaHxVOPWc_GlOTw7gHJFCmqrKB83TD40cTss8igDp&_nc_zt=23&_nc_ht=scontent.fsgn2-11.fna&_nc_gid=vqYM576m58KoZYIzkWYG6A&oh=00_AfHrOFXvRXViUnWpYpGxPcUbPbymAL4SP_iZAyfQPnYxpA&oe=68161AD3"
    },
    {
        "caption": "Tổng thống Trump khẳng định Mỹ liên lạc với Trung Quốc mỗi ngày để đàm phán thương mại, dù Bộ trưởng Tài chính Mỹ nói rằng hai bên \"đang chờ nhau\".\n#VnExpress",
        "image": "https://scontent.fsgn2-6.fna.fbcdn.net/v/t39.30808-6/493055895_1096889829139694_2323555141069000068_n.jpg?stp=dst-jpg_s480x480_tt6&_nc_cat=111&ccb=1-7&_nc_sid=127cfc&_nc_eui2=AeHtc5_At6ccaVgX_4GhFFHLjjNfAb5H6diOM18Bvkfp2FwRlUM1F6iFWjJmrvSJJnRMvmql0pm3CeLmo6owjye9&_nc_ohc=ZGfml1TnoiUQ7kNvwGH47uu&_nc_oc=AdldAIjbCpjXOqngINleCgjE77en2ogfRteDYiPDup2CyGyioDOKQU_1ALNE7ohzQbXqKxb_T4TlZk_N25flt3cd&_nc_zt=23&_nc_ht=scontent.fsgn2-6.fna&_nc_gid=cG7zc-gU4A3RfH2aUcHyqw&oh=00_AfFFA_Qu53bbdLTOuoBYmiC-Vi9Cne5UnJJIKqOn5URN0g&oe=6816261A"
    },
    {
        "caption": "TIÊM VẮC XIN PHÒNG BỆNH MÙA THI\n\nKỳ thi là cột mốc lớn của con, nhưng là cả hành trình của gia đình. Các bậc phụ huynh nên tiêm vắc xin gì cho con để bảo vệ sức khỏe, phòng ngừa các bệnh truyền nhiễm cao điểm hiện nay, giúp con an tâm thi cử?\n\nHướng đến mục tiêu bảo vệ sức khỏe trẻ trước những căn bệnh truyền nhiễm nguy hiểm, an tâm mùa thi, hệ thống trung tâm tiêm chủng VNVC tổ chức chương trình tư vấn: “TIÊM VẮC XIN MÙA THI CHO HỌC SINH, SINH VIÊN” vào lúc 20h ngày 25/04/2025 với sự tham gia của các chuyên gia:\n\n- Bác sĩ Trần Huỳnh Tấn, Quản lý Y khoa, Hệ thống tiêm chủng VNVC;\n- Bác sĩ Phạm Đình Đông, Quản lý Y khoa, Hệ thống tiêm chủng VNVC;\n- Anh Lê Minh Tâm, Quản lý CSKH, Hệ thống tiêm chủng VNVC.\n\nĐộc giả quan tâm có thể để lại câu hỏi dưới phần bình luận để được các chuyên gia giải đáp hoặc liên hệ hotline 028 7102 6595 để được hỗ trợ.\n\n#ADS",
        "image": "https://scontent.fsgn2-10.fna.fbcdn.net/v/t39.30808-6/492512444_1096899862472024_5969497721907106775_n.png?stp=dst-jpg_p480x480_tt6&_nc_cat=109&ccb=1-7&_nc_sid=86c6b0&_nc_eui2=AeETZ_57j0RWmeT1wXQdSF7KOq-V0D66nm46r5XQPrqebntp8QeZVUbI0BoGTIbrHf5zM4bTbQw5qR3RCbEqfvh1&_nc_ohc=QlhqbJLprNQQ7kNvwECnYn9&_nc_oc=AdkmW0JmKQLB0tgd8Kzia-zl-iRfUHb99Aqu1otFd5cQbekYf954536a4kkiv51Ma8gI3k0714v173-Y-fRb3QbD&_nc_zt=23&_nc_ht=scontent.fsgn2-10.fna&_nc_gid=cG7zc-gU4A3RfH2aUcHyqw&oh=00_AfH972gAzxvqVKMVYd9Ui8jjgyfIMLQGUh-axEU0IVSWig&oe=68162640"
    },
    {
        "caption": "Ngô Thị Hoan bị bắt với cáo buộc liên quan việc bàn bạc giúp Bùi Đình Khánh bỏ trốn, sau khi nghi phạm này nổ súng khiến thiếu tá công an hy sinh trong chuyên án ma túy.",
        "image": "https://scontent.fsgn2-6.fna.fbcdn.net/v/t39.30808-6/492025192_1096882939140383_2447633488901696083_n.jpg?stp=dst-jpg_s480x480_tt6&_nc_cat=111&ccb=1-7&_nc_sid=127cfc&_nc_eui2=AeHdhuyUgxCQS5-sxgxOnvzEie1DOP5gXNGJ7UM4_mBc0X2FIStFJwSa5jAA7RQsCEMM7KZ8jBMdjvhJK98Hjwcc&_nc_ohc=np7pa6k8e_QQ7kNvwGxUe4L&_nc_oc=AdlQMezxWqhq2ZBxbS6VyXYlaF67uYTeBfYHhtLJd0wkO_A_ZBx3CoQjy9FBaIuRECetXAt71Bxb8o7LrZnvV1pQ&_nc_zt=23&_nc_ht=scontent.fsgn2-6.fna&_nc_gid=cG7zc-gU4A3RfH2aUcHyqw&oh=00_AfFlKZiOJIf36m0qvrVjT6OMzQLceR_Y6gY5-wrrMH7naw&oe=681632BC"
    },
    {
        "caption": "Tỷ phú Phạm Nhật Vượng tiết lộ sẽ đầu tư thêm mảng hạ tầng năng lượng tái tạo với số vốn hàng tỷ USD, minh chứng cho triết lý \"đã làm phải lớn\" của Vingroup.\n#VnExpress",
        "image": "https://scontent.fsgn2-7.fna.fbcdn.net/v/t39.30808-6/492522272_1096824925812851_613437918152161210_n.jpg?stp=dst-jpg_s480x480_tt6&_nc_cat=100&ccb=1-7&_nc_sid=127cfc&_nc_eui2=AeGM001I222gjwWTk7k23o_2VkRMchmSIoFWRExyGZIigYsWEnet_pFoigDQoyic4S-dIJClFMTr6sZqBNxWphOY&_nc_ohc=kNkvqEzH8twQ7kNvwGtHXAV&_nc_oc=AdmgujQvOq5QSQBSVlGasbDtfpu5cwh8hRtQ6uVqEtPGs6Zvz8xnXQPVXLkPskkomubftN9L3p_mHuimK8PhWI4Y&_nc_zt=23&_nc_ht=scontent.fsgn2-7.fna&_nc_gid=cG7zc-gU4A3RfH2aUcHyqw&oh=00_AfF7ZcSitcTPg2DfackfIq0mf1BDJ2_6ACCd3cmI0Y_ucw&oe=6816145F"
    },
    {
        "caption": "CHÍNH THỨC MỞ CỔNG ĐĂNG KÍ VNEXPRESS MARATHON NHA TRANG 2025\n\n“Tháng Tám sóng vỗ dịu êm,\nNha Trang vẫy gọi rộn ràng chân ai.\nCùng nhau sải bước đường dài,\nSóng reo nhịp bước, biển ngời bình minh.”\n\nĐến hẹn lại lên! Cổng đăng ký VM Nha Trang 2025 đã sẵn sàng đón nhận đăng ký của các vận động viên. Hãy trở thành 1 trong những runner đầu tiên của VnExpress Marathon 2025 tại Nha Trang!\n👉Tham gia ngay tại: https://vm.vnexpress.net/nha-trang-2025/dang-ky-ca-nhan\n\nMức giá Super Early Bird (từ ngày 24/04/2025 - 14/05/2025)\n✅5km - 390.000đ\n✅10km - 490.000đ\n✅21km - 650.000đ\n✅42km - 850.000đ\n\nHãy nhanh tay đăng ký để hòa mình vào đường chạy ven biển tuyệt đẹp và tận hưởng không khí lễ hội sôi động của thành phố nhé!\n====================================\nHạn đăng ký SEB: 14/05/2025\nNgày thi đấu: 24/08/2025\n#VM2025 #VnExpressMarathon #VnExpressMarathonNhatTrang #ADS",
        "image": "https://scontent.fsgn2-11.fna.fbcdn.net/v/t39.30808-6/493844019_1096858932476117_9168820292230423480_n.jpg?stp=dst-jpg_s600x600_tt6&_nc_cat=105&ccb=1-7&_nc_sid=127cfc&_nc_eui2=AeEwnfTNmYD3sOP_K8DyxbcU6BXViLqG49noFdWIuobj2ZgDIlbbEDZxjlbVHrSHzYALKp3lsnXHe4CbC759W9hh&_nc_ohc=reaOo4feyz4Q7kNvwHTB3FJ&_nc_oc=AdmDsffhHZH2UcpgbBclbqTlCXZDMBRuAM55xvMnw2f8dcEpTyr7V_a7W3zlOYILhBU6Rg9TUTqnUemlCO5LGOQI&_nc_zt=23&_nc_ht=scontent.fsgn2-11.fna&_nc_gid=cG7zc-gU4A3RfH2aUcHyqw&oh=00_AfFBv_eChN76bY18n_uDj9C34XzT0r5c1ytih4CJFte9Kw&oe=68160DB9"
    },
    {
        "caption": "Phan Văn Chiến, 33 tuổi, bị phạt 10 năm tù vì nhiều lần giả là khách hạng sang vào trung tâm thương mại tại quận 1 trộm trang sức, ví... trị giá hơn 3 tỷ đồng.\n#VnExpress",
        "image": "https://scontent.fsgn2-9.fna.fbcdn.net/v/t39.30808-6/492926030_1096767062485304_4652200748144659820_n.jpg?stp=dst-jpg_s480x480_tt6&_nc_cat=106&ccb=1-7&_nc_sid=127cfc&_nc_eui2=AeGg_P1g0p3gU-53qK6XEmMl5tQIUgZPK0jm1AhSBk8rSCMDPey5mw-geOMt489ymtsa_wf2579bLBAwjy3xCa_F&_nc_ohc=SK9V2kQZHssQ7kNvwFOF2lA&_nc_oc=AdkxusjvvYPEu7_BrKjPIczzqLVsdFGrvnY6X7mkK75cOdKUWlZdo-0CahGwVDFe5KqksE7daPK71ttUzwquuEB3&_nc_zt=23&_nc_ht=scontent.fsgn2-9.fna&_nc_gid=LgLCtRs4PLUUK5tBIiPYJg&oh=00_AfEyYNEH3thpn6VSLUMXl3tIwPiPAGGNEWrMbDPFlp0kVw&oe=68160E4E"
    },
    {
        "caption": "Sau 30/4/1975, thiếu thiết bị, các kỹ sư dùng cao su đệm xích xe thiết giáp, nòng đại bác chế tạo linh kiện vận hành nhà máy nước cung cấp cho hàng triệu dân TP HCM.\n\nTrong chuỗi năm tháng phải chật vật tìm thiết bị thay thế, sửa chữa cho nhà máy, lần ông Hòa nhớ nhất là làm các miếng shoe còn gọi là bạc đạn đỡ cho động cơ 2.250 HP của máy bơm nước sông. Bộ phận bằng thép có hình chữ nhật được uốn cong đóng vai trò rất quan trọng, cần được thay mới để động cơ hoạt động ổn định.\n\nTuy nhiên, trong kho của nhà máy chỉ còn những miếng shoe đã qua sử dụng, bị oxit hóa nên chỉ còn cách tận dụng đồ cũ. Do là thiết kế cần độ chính xác rất cao nên ông phải lấy những miếng cũ, mài đi mài lại nửa tháng mới xong.\n\n\"Ngày đó, máy móc, thiết bị cái gì cũng phải nghĩ ra cách chế tạo hoặc dùng lại đồ cũ để chữa cháy chứ không còn cách nào khác\", ông nói, cho biết số vật liệu trên được nhà máy lấy từ vũ khí cũ để lại sau chiến tranh hoặc mua ở đầu mối thu gom phế liệu.\n#VnExpress",
        "image": "https://scontent.fsgn2-6.fna.fbcdn.net/v/t39.30808-6/491917571_1096690202492990_215784179234101087_n.jpg?stp=dst-jpg_s480x480_tt6&_nc_cat=110&ccb=1-7&_nc_sid=127cfc&_nc_eui2=AeFT1xH-4YrqmFZja5_S7yZg0xNCAsyak0fTE0ICzJqTRzFFPpH782ii8BYdPGMEz-8v-eJj4CUzeFEuA-Q16VCP&_nc_ohc=PD7ijL9YSDUQ7kNvwE1zKXq&_nc_oc=AdmfcqVmB-xC4aC3H_F21sz5uQ4k4TggBz28hzEJ1OxVQu5JMnk3zZT9rJpToh4k_rrm67rqTnlaB8aEYDw2cV82&_nc_zt=23&_nc_ht=scontent.fsgn2-6.fna&_nc_gid=LgLCtRs4PLUUK5tBIiPYJg&oh=00_AfEKXBI94-G7HIcfaBDH_qYxsfkbyL-a_f5gvJIt0QGIQA&oe=68163DB8"
    },
    {
        "caption": "Thời điểm đó nữ nhân viên một công ty xuất nhập khẩu ở quận Bình Thạnh, TP HCM có 200 triệu đồng nhàn rỗi, trong khi vàng giá 63 triệu đồng một lượng. \"Mẹ bảo tiền mặt dễ mất giá, vàng mới giữ được lâu dài\", cô gái 28 tuổi kể. Nhưng cô thích sự linh hoạt, ngại cất giữ tài sản quý.\n\n\"Tôi rất hối hận\", cô nói. \"Nếu nghe mẹ, giờ tôi đã có một số vốn đáng kể, thay vì gửi tiết kiệm, lãi mỗi năm chưa đến 10 triệu đồng\".\n#VnExpress",
        "image": "https://scontent.fsgn2-6.fna.fbcdn.net/v/t39.30808-6/491017246_1096602095835134_1214985084438967874_n.jpg?stp=dst-jpg_s480x480_tt6&_nc_cat=111&ccb=1-7&_nc_sid=127cfc&_nc_eui2=AeHR7OBil-85UntLEiZWQBfkgaQ_1kxweqGBpD_WTHB6oZF8Zd2lptA790n4QfZj9DbroN7yFGIT6W8dMhg8cfoa&_nc_ohc=TOvM6VhFZw4Q7kNvwGCirOa&_nc_oc=AdkD13S4hGfikM5xtMNt2YQfFGVN8Lytni8gj4g2I0pE5XiuKH5C8bDYG-6oYCeu70kuHgMtqGHjePLBpSnThBMW&_nc_zt=23&_nc_ht=scontent.fsgn2-6.fna&_nc_gid=Zjy3n2_Mf9FDrWc3RwFu9w&oh=00_AfEgl7vC6EggO1W-Soe_wve-_4prjl9ijZxgjnv6RmrB7g&oe=681623A3"
    },
    {
        "caption": "Sân bay Svalbard của Na Uy là sân bay thương mại gần Bắc Cực nhất thế giới, được xây trên nền móng là lớp đất đóng băng vĩnh cửu đang ngày càng kém ổn định.\n#VnExpress",
        "image": "https://scontent.fsgn2-8.fna.fbcdn.net/v/t39.30808-6/491927844_1096615715833772_5719046990003762576_n.jpg?stp=dst-jpg_s480x480_tt6&_nc_cat=102&ccb=1-7&_nc_sid=127cfc&_nc_eui2=AeFWUp35HztLb1umElNwiERY2EbngNLTbYLYRueA0tNtgjt6tJ2bodkmmY9B03-dKBHr2vKoXeyj00cpkOlfSn2T&_nc_ohc=hXM1li3GlL4Q7kNvwHjbWPj&_nc_oc=AdkWl2tF0-MA4jQ7L6PDtItOnreAoo7z9QOhExNWUW1WjV5qefrVJe4khy5tlgQEm0dYS2oRjhiTf65au-eLGez0&_nc_zt=23&_nc_ht=scontent.fsgn2-8.fna&_nc_gid=Zjy3n2_Mf9FDrWc3RwFu9w&oh=00_AfGiyRiy_ainRCGqk0CBGgtRGLWybRLQ-u62UghEHUd_Lw&oe=68163C2B"
    }
]